subcellular_location,count
Membrane,30240
Nucleus,28851
Cytoplasm,14118
Cell membrane,7672
Secreted,6099
Cell membrane:Membrane,5767
Cytoplasm:Nucleus,4750
Mitochondrion,3420
Endoplasmic reticulum membrane,2566
Mitochondrion inner membrane,2435
Cell inner membrane,2378
Endoplasmic reticulum membrane:Membrane,2282
"Nucleus, nucleolus",2270
"Cytoplasm, cytoskeleton",1572
Nucleus:Cytoplasm,1377
"Plastid, chloroplast",1369
Golgi apparatus membrane,1262
"Cytoplasm, cytosol",1081
Golgi apparatus membrane:Membrane,1038
Membrane:Mitochondrion inner membrane,1003
Mitochondrion matrix,931
Nucleus:Chromosome,917
Cell inner membrane:Membrane,745
"Secreted, cell wall",645
Periplasm,616
"Secreted, extracellular space, apoplast",567
"Secreted, extracellular space, extracellular matrix",557
"Plastid, chloroplast thylakoid membrane",487
Chromosome:Nucleus,466
Peroxisome,458
Vacuole membrane,415
Endoplasmic reticulum lumen,371
Mitochondrion outer membrane,340
Cytoplasm:Membrane,330
Mitochondrion membrane,297
"Cytoplasm:Nucleus, nucleolus",292
"Secreted, extracellular space",284
Cell outer membrane,272
"Secreted, cell wall:Membrane",270
Endoplasmic reticulum membrane:Microsome membrane,269
"Plastid, chloroplast stroma",264
Membrane:Mitochondrion outer membrane,262
"Cytoplasm, cytosol:Nucleus",236
Membrane:Vacuole membrane,233
Cytoplasm:Cell membrane,231
"Golgi apparatus, Golgi stack membrane",229
Golgi apparatus,214
Cell membrane:Cytoplasm:Membrane,214
Peroxisome membrane,211
Endoplasmic reticulum,210
"Nucleus, nuclear pore complex",207
Secreted:Cell membrane,204
Lysosome,195
Cell outer membrane:Membrane,187
Endoplasmic reticulum membrane:Golgi apparatus membrane,171
Chromosome,167
"Nucleus, nucleoplasm",161
Cell membrane:Secreted,159
"Plastid, chloroplast membrane",158
"Secreted, cell wall:Secreted, extracellular space, apoplast",153
Mitochondrion intermembrane space,147
"Nucleus, nucleolus:Nucleus, nucleoplasm",142
Lysosome membrane,140
"Cell projection, cilium",136
Cytoplasm:Endoplasmic reticulum,132
Apical cell membrane,132
"Cytoplasm, P-body",129
"Nucleus:Nucleus, nucleolus",129
"Cytoplasm, cytoskeleton, cilium axoneme",126
Nucleus speckle,125
Mitochondrion:Mitochondrion inner membrane,121
Cell membrane:Cytoplasm,120
Vacuole,119
"Nucleus:Chromosome, telomere",119
"Cytoplasm, cytoskeleton, microtubule organizing center, centrosome",115
Cytoplasm:Mitochondrion,113
Endoplasmic reticulum membrane:Golgi apparatus membrane:Membrane,110
"Nucleus:Cytoplasm, cytosol",110
Endosome,107
Cell membrane:Endoplasmic reticulum membrane,105
"Cytoplasm, cytosol:Membrane",105
"Nucleus:Chromosome, centromere, kinetochore",105
Endosome membrane,105
"Cell junction, gap junction:Cell membrane:Membrane",102
Postsynaptic cell membrane:Cell membrane,102
Cell membrane:Membrane:Postsynaptic cell membrane:Synaptic cell membrane,100
Endosome membrane:Membrane,99
Nucleus:Nucleus speckle,96
"Cytoplasm:Cytoplasm, cytoskeleton",91
"Cytoplasm, perinuclear region",90
Mitochondrion:Nucleus,84
"Golgi apparatus, Golgi stack membrane:Membrane",83
Membrane:Mitochondrion membrane,82
"Secreted, extracellular space, extracellular matrix, basement membrane",82
Membrane:Peroxisome membrane,82
"Cytoplasm:Golgi apparatus membrane:Cytoplasmic vesicle, COPI-coated vesicle membrane",81
"Cytoplasm, nucleoid",81
"Chromosome, telomere:Nucleus",80
"Cell membrane:Cell junction, gap junction",79
"Membrane:Plastid, chloroplast membrane",79
Peroxisome matrix,78
"Cytoplasm, cytoskeleton, microtubule organizing center",78
"Cytoplasm:Golgi apparatus membrane:Cytoplasmic vesicle, COPI-coated vesicle membrane:Membrane",78
Endosome membrane:Golgi apparatus membrane:Membrane,77
Cell membrane:Basolateral cell membrane,77
"Cytoplasm, cytoskeleton, flagellum axoneme",77
"Cytoplasm, cytoskeleton, cilium basal body",76
Endosome membrane:Lysosome membrane,74
"Golgi apparatus, cis-Golgi network",74
"Cytoplasm, cytoskeleton, spindle",72
Nucleus:Mitochondrion,72
Fimbrium,71
Cell membrane:Apical cell membrane,70
Lipid droplet,70
"Nucleus:Chromosome, centromere",69
Bacterial microcompartment,67
Cell membrane:Postsynaptic cell membrane,67
"Membrane:Plastid, chloroplast thylakoid membrane",66
Nucleus:Nucleus speckle:Cytoplasm,66
"Golgi apparatus, trans-Golgi network",64
Nucleus inner membrane,64
Mitochondrion:Cytoplasm,63
"Plastid, chloroplast thylakoid lumen",62
Cell membrane:Nucleus,62
"Secreted, extracellular space, extracellular matrix:Secreted",62
"Cell projection, cilium, flagellum",61
"Cytoplasmic vesicle membrane:Membrane, coated pit",60
"Cytoplasmic vesicle, COPI-coated vesicle membrane:Golgi apparatus membrane:Membrane",60
"Cytoplasmic vesicle, clathrin-coated vesicle:Golgi apparatus:Membrane, clathrin-coated pit:Vesicle",60
Membrane:Mitochondrion inner membrane:Mitochondrion intermembrane space,59
Cytoplasm:Nucleus:Mitochondrion,59
Lysosome membrane:Membrane,58
Cell membrane:Early endosome:Endosome:Membrane,58
"Chromosome, centromere, kinetochore:Nucleus",58
"Nucleus, nuclear pore complex:Nucleus membrane",57
"Golgi apparatus, trans-Golgi network membrane",57
Cell membrane:Endosome membrane,56
Microsome membrane:Endoplasmic reticulum membrane,56
Cell inner membrane:Cell membrane:Membrane,56
"Plastid, chloroplast inner membrane",56
Nucleus membrane,56
Endoplasmic reticulum membrane:Nucleus membrane,55
Nucleus:Chromosome:Cytoplasm,55
"Cell junction, tight junction",53
"Nucleus, nucleolus:Cytoplasm",52
"Cytoplasm, cytoskeleton, microtubule organizing center, centrosome, centriole",52
Preautophagosomal structure membrane,52
"Cell junction, tight junction:Cell membrane",52
Basolateral cell membrane,52
"Plastid, chloroplast:Mitochondrion",52
Nucleus:Cytoplasm:Chromosome,52
"Cytoplasm, cytoskeleton, cilium axoneme:Cytoplasm, cytoskeleton, flagellum axoneme",52
"Cytoplasm, cytoskeleton, actin patch",51
Cytoplasm:Endosome,51
Endomembrane system,51
Cell membrane:Golgi apparatus membrane:Membrane,51
Secreted:Cytoplasm,50
"Cell projection, pseudopodium:Cytoplasm, cytoskeleton",50
"Endoplasmic reticulum:Golgi apparatus, cis-Golgi network",50
"Cytoplasmic vesicle, COPII-coated vesicle membrane:Endoplasmic reticulum membrane:Membrane",49
Cytoplasm:Nucleus:Cell membrane,49
"Cytoplasm:Cytoplasm, P-body",49
Membrane:Cytoplasm,48
"Cytoplasmic vesicle, clathrin-coated vesicle:Vesicle",48
Endoplasmic reticulum membrane:Cell membrane,47
"Cell membrane:Membrane, coated pit",47
Endoplasmic reticulum:Membrane,45
Cytoplasmic vesicle membrane,45
Golgi apparatus membrane:Endoplasmic reticulum membrane,44
"Cytoplasm, cytosol:Cell membrane",44
Cytoplasm:Secreted,44
Cell membrane:Synapse,44
"Cell junction, tight junction:Cell membrane:Membrane",43
"Cytoplasm:Nucleus:Nucleus, nucleolus",43
"Cell projection, cilium membrane",42
Membrane:Cell membrane,41
Membrane:Nucleus,41
Mitochondrion matrix:Nucleus:Cytoplasm,40
"Nucleus:Chromosome:Chromosome, centromere",40
"Mitochondrion matrix, mitochondrion nucleoid",40
"Chromosome, centromere, kinetochore",40
Cell membrane:Cytoplasm:Membrane:Membrane,40
"Chromosome, telomere",40
Cell membrane:Membrane:Nucleus,39
Cytoplasm:Cell inner membrane,39
Late endosome membrane:Lysosome membrane,38
Bacterial flagellum basal body,38
"Plastid, chloroplast outer membrane",38
"Plastid, chloroplast envelope",38
Cytoplasmic vesicle,38
"Cytoplasm, cytoskeleton, microtubule organizing center, spindle pole body",37
Nucleus:Cytoplasm:Cell membrane,37
Cytoplasm:Mitochondrion intermembrane space,37
Cytoplasm:Golgi apparatus,37
"Cytoplasm, cytosol:Peroxisome matrix",37
"Cell junction, plasmodesma:Cell membrane:Membrane",37
Golgi apparatus membrane:Cell membrane,37
"Membrane:Plastid, chloroplast envelope",36
Synapse,36
"Nucleus, nucleolus:Nucleus, nucleoplasm:Mitochondrion",36
"Cell membrane:Secreted, cell wall",36
Late endosome membrane,35
"Cytoplasm, cytoskeleton, spindle:Nucleus",35
Lipid droplet:Membrane,35
"Cytoplasmic vesicle, secretory vesicle, synaptic vesicle membrane",35
"Cytoplasm:Cytoplasm, cytoskeleton, microtubule organizing center, centrosome",34
Nucleus matrix,34
Membrane:Preautophagosomal structure membrane,34
"Membrane:Secreted, extracellular space, extracellular matrix, basement membrane",34
"Cytoplasm, cytoskeleton, microtubule organizing center, centrosome:Cytoplasm, cytoskeleton, spindle pole",34
Cytoplasm:Membrane:Nucleus,33
Mitochondrion inner membrane:Mitochondrion intermembrane space,33
Nucleus envelope,33
"Chromosome, centromere, kinetochore:Cytoplasm, cytoskeleton, spindle:Nucleus",33
"Cell membrane:Cytoplasm, cytosol",33
Membrane:Endoplasmic reticulum,33
"Cytoplasm, cell cortex",33
"Membrane, coated pit",32
"Cytoplasm, myofibril",32
Cytoplasmic vesicle membrane:Membrane,32
Cell membrane:Cytoplasmic vesicle membrane,32
Endoplasmic reticulum membrane:Mitochondrion membrane,32
"Cytoplasmic vesicle, secretory vesicle, acrosome",32
"Cytoplasm, cytoskeleton:Nucleus",31
"Cytoplasm, cytosol:Cytoplasm:Rough endoplasmic reticulum",31
"Cell projection, cilium, flagellum membrane",31
Cell membrane:Membrane raft,31
Endoplasmic reticulum membrane:Membrane:Microsome membrane,31
Cell membrane:Vacuole membrane,30
Cell membrane:Cytoplasm:Membrane:Nucleus,30
"Plastid, chloroplast:Plastid, amyloplast",30
"Cytoplasm, cytoskeleton, microtubule organizing center, centrosome:Cytoplasm, cytoskeleton, spindle",30
"Nucleus, nucleolus:Chromosome",30
"Nucleus:Nucleus, PML body",30
Cell membrane:Golgi apparatus membrane,30
"Plastid, chloroplast, plastoglobule",29
Cell surface,29
Cytoplasm:Endosome membrane,29
Cytoplasm:Preautophagosomal structure,29
"Nucleus speckle:Nucleus, nucleoplasm",29
Cytoplasm:Nucleus:Secreted,29
Mitochondrion inner membrane:Mitochondrion outer membrane,29
"Vacuole, aleurone grain",28
"Nucleus, nuclear pore complex:Nucleus membrane:Nucleus membrane",28
"Mitochondrion:Plastid, chloroplast",28
"Chromosome, centromere:Nucleus",28
"Nucleus:Nucleus, nucleoplasm",28
"Cytoplasm:Nucleus, nucleolus:Nucleus",28
Nucleus:Endoplasmic reticulum,28
Cytoplasm:Nucleus:Cytoplasm,28
Membrane:Endoplasmic reticulum membrane,27
Early endosome membrane,27
"Cell junction, adherens junction:Cell projection, rhabdomere",27
"Golgi apparatus, cis-Golgi network membrane",27
"Nucleus:Cytoplasm, cytoskeleton, spindle",27
Endoplasmic reticulum membrane:Nucleus,27
Membrane:Secreted,27
"Cytoplasm, cytoskeleton:Cell membrane",26
Cytoplasm:Nucleus:Membrane,26
Early endosome,26
"Cytoplasm, P-body:Nucleus",26
"Nucleus:Cytoplasm, perinuclear region",25
"Chromosome, centromere",25
"Membrane:Plastid, chloroplast outer membrane",25
Mitochondrion:Membrane,25
"Cell membrane:Cytoplasm, cytoskeleton, actin patch:Endosome membrane:Membrane",25
"Cytoplasm, cytoskeleton:Cytoplasm, cytosol:Nucleus",24
"Nucleus membrane:Nucleus, nuclear pore complex",24
Chromosome:Cytoplasm,24
"Secreted:Secreted, extracellular space, extracellular matrix",24
"Nucleus:Chromosome, centromere:Chromosome, centromere, kinetochore",24
"Cytoplasm, perinuclear region:Nucleus",24
"Cytoplasm, cytoskeleton, cilium basal body:Cytoplasm, cytoskeleton, microtubule organizing center, centrosome, centriole",24
"Cytoplasm:Nucleus:Cytoplasm, cytoskeleton, microtubule organizing center, centrosome",24
Endoplasmic reticulum membrane:Lipid droplet,24
"Cytoplasmic vesicle membrane:Membrane, coated pit:Membrane",24
"Cytoplasm:Cytoplasm, perinuclear region",24
Cytoplasmic granule,23
Secreted:Lysosome,23
Cell membrane:Early endosome,23
"Golgi apparatus, trans-Golgi network membrane:Membrane",23
Cytoplasm:Nucleus:Chromosome,23
"Cell membrane, sarcolemma:Cytoplasm, cytoskeleton",23
Secreted:Cell surface,23
"Cytoplasm:Cytoplasm, cytosol",23
Cytoplasm:Endosome membrane:Membrane,23
"Cytoplasm:Cytoplasmic vesicle, COPI-coated vesicle membrane:Golgi apparatus membrane:Membrane",23
"Cytoplasmic vesicle, COPI-coated vesicle membrane",22
"Cell membrane:Cytoplasmic vesicle, secretory vesicle membrane:Membrane",22
"Mitochondrion:Cytoplasm, cytosol",22
Membrane:Mitochondrion,22
Cytoplasm:Lysosome,22
"Endoplasmic reticulum membrane:Endoplasmic reticulum-Golgi intermediate compartment membrane:Cytoplasmic vesicle, COPII-coated vesicle membrane",22
Bud neck,22
"Nucleus, nucleoplasm:Nucleus, nucleolus",22
"Cytoplasmic vesicle, COPII-coated vesicle membrane:Endoplasmic reticulum membrane:Golgi apparatus membrane:Membrane",22
"Cytoplasm, myofibril, sarcomere, Z line",21
"Nucleus:Nucleus, nucleolus:Cytoplasm",21
"Nucleus:Cytoplasm:Cytoplasm, perinuclear region",21
Cell membrane:Cell membrane,21
"Membrane:Plastid, chloroplast inner membrane",21
Preautophagosomal structure,21
"Cytoplasmic vesicle, autophagosome:Cytoplasmic vesicle, secretory vesicle, synaptic vesicle:Golgi apparatus, trans-Golgi network:Late endosome:Membrane",21
Cytoplasm:Mitochondrion outer membrane,21
"Cell membrane:Cytoplasm, cytoskeleton",21
"Cell membrane:Secreted, extracellular space, apoplast",21
"Cell membrane:Secreted, extracellular space",21
Cytoplasm:Mitochondrion:Nucleus,21
Cytoplasm:Nucleus envelope,21
"Cytoplasm, cytoskeleton, microtubule organizing center, centrosome:Nucleus",21
"Endosome membrane:Golgi apparatus, trans-Golgi network membrane:Membrane",21
"Nucleus, PML body",20
"Golgi apparatus, cis-Golgi network:Endoplasmic reticulum",20
Cytoplasm:Cytoplasmic granule,20
Membrane:Mitochondrion intermembrane space,20
Cytoplasm:Golgi apparatus membrane,20
"Golgi apparatus, Golgi stack membrane:Secreted",20
"Nucleus:Cytoplasm:Cytoplasm, cytoskeleton, microtubule organizing center, centrosome",20
"Nucleus:Cytoplasm:Cytoplasm, cytoskeleton",20
Mitochondrion:Mitochondrion outer membrane,20
"Membrane, clathrin-coated pit:Golgi apparatus:Cytoplasmic vesicle, clathrin-coated vesicle",20
Postsynaptic density,20
Secreted:Membrane,20
Golgi apparatus membrane:Endosome membrane,20
"Cytoplasm, cytoskeleton:Membrane",20
"Cytoplasm:Nucleus:Cytoplasm, perinuclear region",20
"Cytoplasm:Nucleus, nucleoplasm",20
Nucleus:Cytoplasm:Mitochondrion,20
"Cell projection, lamellipodium",19
Secreted:Bacterial flagellum,19
"Cytoplasm, cytoskeleton:Cytoplasm, cell cortex",19
Mitochondrion:Mitochondrion matrix,19
Mitochondrion inner membrane:Peroxisome,19
"Plastid, apicoplast",19
Endoplasmic reticulum:Golgi apparatus,19
"Cell membrane:Cell projection, axon",19
"Nucleus, nucleoplasm:Cytoplasm",19
"Plastid, amyloplast",19
"Cell membrane:Cell projection, cilium",19
Cytoplasm:Early endosome membrane,19
Cytoplasm:Cell membrane:Nucleus,19
Cell inner membrane:Bacterial flagellum basal body,19
Cytoplasm:Nucleus:Nucleus speckle,18
Cytoplasm:Nucleus membrane,18
"Mitochondrion:Mitochondrion matrix, mitochondrion nucleoid",18
Cytoplasm:Preautophagosomal structure membrane,18
"Cytoplasm, cytoskeleton, microtubule organizing center, centrosome:Cytoplasm, cytoskeleton, microtubule organizing center, centrosome, centriole",18
Cytoplasm:Dynein axonemal particle,18
"Synapse, synaptosome",18
"Membrane, clathrin-coated pit",18
Cell membrane:Membrane:Secreted,18
Secreted:Endoplasmic reticulum,18
Secreted:Cytoplasmic granule,18
Golgi apparatus membrane:Secreted,18
Dynein axonemal particle,18
"Secreted, extracellular space:Cell membrane",18
"Secreted, extracellular space, apoplast:Secreted, cell wall",18
"Cytoplasmic vesicle, secretory vesicle, acrosome membrane",18
Sarcoplasmic reticulum membrane,18
Glyoxysome,18
Membrane:Membrane,18
"Cell membrane, sarcolemma",18
Cell membrane:Early endosome membrane,18
Cell membrane:Endomembrane system,17
"Membrane:Cell projection, cilium",17
"Plastid, chloroplast stroma, chloroplast nucleoid",17
"Cell junction, adherens junction",17
Cell inner membrane:Cytoplasm,17
Rough endoplasmic reticulum membrane,17
"Cytoplasm:Nucleus:Cytoplasm, cytoskeleton, spindle",17
"Cytoplasm:Cytoplasm, cell cortex",17
"Membrane:Nucleus membrane:Nucleus, nuclear pore complex",17
Nucleus lamina,17
"Cell membrane:Cell projection, dendrite",17
Mitochondrion outer membrane:Endoplasmic reticulum membrane,17
"Nucleus:Cytoplasm, cytoskeleton",17
"Cell projection, cilium:Cytoplasm",17
"Nucleus, nucleolus:Nucleus",17
"Nucleus envelope:Nucleus, nuclear pore complex",17
Endoplasmic reticulum membrane:Nucleus envelope,17
"Cell projection, cilium membrane:Membrane",17
"Cytoplasm, cytosol:Peroxisome membrane",17
Endoplasmic reticulum membrane:Mitochondrion outer membrane,17
Postsynaptic cell membrane,17
Cell membrane:Cytoplasm:Nucleus,17
"Golgi apparatus, trans-Golgi network membrane:Endosome membrane",16
Endosome membrane:Golgi apparatus membrane,16
Apical cell membrane:Cell membrane,16
"Endomembrane system:Cytoplasm, cytoskeleton",16
"Cytoplasm, cytoskeleton:Cytoplasm, cytoskeleton, microtubule organizing center, centrosome",16
Golgi apparatus:Membrane,16
"Nucleus:Cytoplasm, cytoskeleton, microtubule organizing center, spindle pole body",16
"Cytoplasm, Stress granule",16
"Cytoplasm:Cell projection, cilium",16
Nucleus:Cell membrane,16
Mitochondrion inner membrane:Mitochondrion inner membrane,16
Endoplasmic reticulum membrane:Endoplasmic reticulum-Golgi intermediate compartment membrane:Golgi apparatus membrane,16
"Plastid, chloroplast:Cytoplasm",16
"Cytoplasmic vesicle, clathrin-coated vesicle membrane:Golgi apparatus membrane:Prevacuolar compartment membrane",16
Cytoplasm:Endoplasmic reticulum membrane,16
"Membrane:Plastid, chloroplast inner membrane:Plastid, chloroplast membrane",16
"Cytoplasmic vesicle, secretory vesicle",16
"Plastid, chloroplast:Plastid",16
"Endoplasmic reticulum membrane:Golgi apparatus, Golgi stack membrane",16
Microsome membrane,16
"Cytoplasm:Cytoplasm, perinuclear region:Nucleus",16
Membrane:Nucleus inner membrane,16
Endosome membrane:Vacuole membrane,15
Cell membrane:Cell surface,15
Mitochondrion inner membrane:Mitochondrion,15
"Cell membrane:Membrane, caveola",15
Cytoplasm:Membrane:Mitochondrion inner membrane:Mitochondrion matrix,15
"Cell membrane:Cell junction, plasmodesma",15
"Endoplasmic reticulum membrane:Golgi apparatus, cis-Golgi network membrane",15
Membrane:Mitochondrion inner membrane:Nucleus,15
"Golgi apparatus:Cytoplasmic vesicle, clathrin-coated vesicle membrane",15
Membrane:Microsome membrane,15
"Cytoplasm, cytoskeleton:Cell projection:Nucleus",15
Cell membrane:Lysosome membrane,15
"Cytoplasm:Nucleus:Chromosome, telomere",15
"Cytoplasm, cytoskeleton, spindle pole",14
Cell membrane:Golgi apparatus,14
Cytoplasm:Secreted:Cell surface,14
Late endosome membrane:Lysosome membrane:Membrane,14
"Cytoplasm:Nucleus, nucleolus:Nucleus, nucleoplasm",14
Cytoplasm:Melanosome,14
"Cell membrane:Cytoplasmic vesicle, secretory vesicle membrane",14
Endoplasmic reticulum membrane:Sarcoplasmic reticulum membrane,14
Early endosome:Endosome,14
Secreted:Synapse,14
Golgi apparatus:Cytoplasmic vesicle membrane,14
"Cell projection, podosome:Cytoplasm",14
"Cytoplasm:Nucleus, PML body",14
Mitochondrion outer membrane:Cytoplasm,14
Mitochondrion:Cytoplasm:Nucleus,14
Endosome membrane:Late endosome membrane,14
Nucleus:Nucleus,14
Cell membrane:Endoplasmic reticulum membrane:Membrane,14
"Cytoplasmic vesicle, autophagosome membrane:Vacuole membrane:Cytoplasm, cytoskeleton",14
Apical cell membrane:Basolateral cell membrane,14
Nucleus:Membrane,14
"Nucleus, nucleolus:Nucleus speckle",14
"Cell junction, focal adhesion",14
"Nucleus:Nucleus, nucleolus:Chromosome",14
"Cytoplasm, cytosol:Mitochondrion intermembrane space",14
Late endosome,13
Endoplasmic reticulum membrane:Vacuole membrane,13
Nucleus:Cytoplasm:Endoplasmic reticulum,13
"Cytoplasm, cytosol:Cytoplasm",13
"Cytoplasm, cytosol:Inflammasome",13
Zona pellucida:Cell membrane,13
Vesicle,13
Nucleus:Cytoplasm:Membrane,13
Membrane:Vacuole lumen,13
Endoplasmic reticulum membrane:Membrane:Nucleus membrane:Rough endoplasmic reticulum membrane,13
"Golgi apparatus:Membrane, clathrin-coated pit",13
"Nucleus:Cytoplasm, cytoskeleton, microtubule organizing center, centrosome",13
Endoplasmic reticulum membrane:Membrane:Preautophagosomal structure membrane,13
"Nucleus:Chromosome:Chromosome, telomere",13
Endoplasmic reticulum membrane:Membrane:Nucleus,13
"Cytoplasmic vesicle, clathrin-coated vesicle membrane",13
Cytoplasm:Chromosome,13
Membrane:Nucleus outer membrane,13
Cell membrane:Early endosome membrane:Endosome membrane:Membrane,13
"Cytoplasm, cytoskeleton:Cytoplasm, cytoskeleton, spindle",13
"Cell membrane:Cell junction, desmosome",13
"Cell membrane:Membrane:Secreted, extracellular exosome",13
"Nucleus, Cajal body",13
"Cell membrane:Membrane:Secreted, cell wall",13
Mitochondrion matrix:Mitochondrion,13
Sarcoplasmic reticulum lumen,13
Mitochondrion matrix:Cytoplasm,13
"Cytoplasm, myofibril, sarcomere",13
"Secreted:Secreted, cell wall",13
"Secreted:Secreted, extracellular space",13
"Cell membrane:Golgi apparatus, trans-Golgi network membrane",13
Basolateral cell membrane:Cell membrane:Lateral cell membrane:Membrane,13
Nucleus speckle:Cytoplasm,12
"Nucleus, nucleoplasm:Nucleus speckle",12
"Nucleus, nucleolus:Cytoplasm:Nucleus",12
"Secreted, cell wall:Cell membrane",12
Lysosome:Secreted,12
Secreted:Cytoplasm:Nucleus,12
Endoplasmic reticulum:Lipid droplet,12
Cell membrane:Cytoplasmic vesicle,12
"Cell membrane:Secreted, extracellular space, extracellular matrix",12
Secreted:Host cytoplasm,12
"Cytoplasm, cytoskeleton, cilium axoneme:Cytoplasm, cytoskeleton, microtubule organizing center, centrosome, centriole",12
Endoplasmic reticulum:Endoplasmic reticulum membrane,12
"Cytoplasm, myofibril, sarcomere, M line",12
Cytoplasm:Nucleus:Endoplasmic reticulum membrane,12
Cell inner membrane:Cytoplasm:Membrane,12
"Cytoplasm:Cytoplasm, cytoskeleton, spindle",12
Cytoplasm:Golgi apparatus membrane:Membrane,12
Cell membrane:Secreted:Secreted,12
"Cytoplasm:Cytoplasm, cytoskeleton:Nucleus",12
Cytoplasm:Nucleus:Mitochondrion outer membrane,12
Preautophagosomal structure membrane:Vacuole membrane,12
Cell membrane:Endoplasmic reticulum,12
Lysosome:Membrane,12
Microsome:Endoplasmic reticulum,12
"Cytoplasm:Nucleus:Nucleus, PML body",12
"Plastid, chloroplast stroma:Plastid, chloroplast thylakoid membrane",12
Cytoplasm:Nucleus:Mitochondrion intermembrane space,12
Cell membrane:Postsynaptic density:Synapse,11
"Cytoplasm, cytoskeleton, microtubule organizing center, centrosome, centriolar satellite",11
"Cytoplasmic vesicle, phagosome membrane:Early endosome membrane:Endosome membrane:Membrane",11
Cell membrane:Nucleus:Cytoplasm,11
"Nucleus:Nucleus, nucleolus:Nucleus, nucleoplasm",11
Endoplasmic reticulum:Protein storage vacuole:Vacuole,11
Midbody,11
Cytoplasm:Mitochondrion matrix,11
Nucleus:Secreted,11
"Cytoplasm, cytoskeleton, phragmoplast",11
Endosome membrane:Late endosome membrane:Membrane,11
"Secreted:Cytoplasmic vesicle, secretory vesicle",11
"Nucleus:Cytoplasm, cytoskeleton, spindle:Chromosome, centromere, kinetochore",11
"Cytoplasmic vesicle, autophagosome",11
Presynaptic cell membrane,11
Mitochondrion matrix:Nucleus,11
"Cell projection, cilium, flagellum:Cytoplasm",11
Apical cell membrane:Membrane,11
Secreted:Vacuole,11
Endomembrane system:Vacuole membrane,11
Secreted:Secreted,11
Secreted:Nucleus,11
Endoplasmic reticulum membrane:Cytoplasmic vesicle membrane,11
"Cytoplasm, cytosol:Endoplasmic reticulum:Rough endoplasmic reticulum",11
Nucleus:Cytoplasm:Secreted,11
Cytoplasm:Peroxisome,11
"Cytoplasm, cytosol:Cytoplasmic vesicle, COPII-coated vesicle membrane:Endoplasmic reticulum membrane:Membrane",11
Lysosome membrane:Late endosome membrane,11
Cytoplasm:Peroxisome membrane,10
Vacuole membrane:Prevacuolar compartment membrane,10
"Nucleus, nucleolus:Nucleus:Cytoplasm",10
"Cell projection, cilium, flagellum:Cytoplasm, cytoskeleton, flagellum axoneme",10
Membrane:Nucleus:Cytoplasm,10
"Nucleus, nucleolus:Nucleus, Cajal body",10
Membrane:Postsynaptic cell membrane:Synaptic cell membrane,10
Synapse:Cell membrane,10
Spore wall,10
Lipid droplet:Endoplasmic reticulum membrane,10
Membrane:Sarcoplasmic reticulum membrane,10
Membrane:Mitochondrion inner membrane:Mitochondrion matrix,10
Nucleus outer membrane,10
Cell membrane:Endosome membrane:Membrane,10
"Nucleus speckle:Nucleus, Cajal body",10
Endoplasmic reticulum membrane:Endoplasmic reticulum-Golgi intermediate compartment membrane,10
"Cytoplasm:Cell projection, lamellipodium",10
"Cytoplasm, perinuclear region:Cytoplasm",10
Endoplasmic reticulum membrane:Golgi apparatus membrane:Cell membrane,10
Golgi apparatus membrane:Cytoplasm,10
Cell membrane:Mitochondrion outer membrane,10
Cell surface:Cell membrane,10
"Cytoplasm, cytoskeleton:Cytoplasm",10
Membrane:Apical cell membrane,10
Membrane raft,10
"Cytoplasm:Cytoplasm, cytoskeleton, microtubule organizing center, centrosome:Nucleus",10
"Cytoplasm, cytosol:Peroxisome",10
"Secreted, cell wall:Cell surface",10
"Nucleus:Cytoplasm, cytoskeleton, spindle:Chromosome, centromere, kinetochore:Cytoplasm, cytoskeleton",10
Cleavage furrow,10
"Plastid, chloroplast thylakoid",10
Mitochondrion matrix:Mitochondrion inner membrane,10
"Nucleus:Cytoplasm, P-body",10
"Cytoplasmic vesicle, COPII-coated vesicle membrane:Endoplasmic reticulum membrane:Cytoplasm, cytosol",10
"Cytoplasm, cytoskeleton, cilium basal body:Cytoplasm, cytoskeleton, microtubule organizing center, centrosome",10
Cell membrane:Cell membrane:Secreted,10
Endoplasmic reticulum:Cytoplasm,10
"Cell membrane:Cell junction, tight junction",10
"Cell membrane:Cell junction, focal adhesion",10
"Cell membrane:Cell projection, axon:Cell projection, dendrite",10
Cytoplasm:Early endosome,10
Endoplasmic reticulum membrane:Mitochondrion outer membrane:Cell membrane,10
"Cytoplasm:Nucleus:Nucleus, nucleolus:Nucleus, nucleoplasm",10
"Cell membrane:Basolateral cell membrane:Cell junction:Postsynaptic density membrane:Cell junction, tight junction",9
"Cell projection, cilium membrane:Cytoplasm, cytoskeleton, microtubule organizing center, centrosome, centriolar satellite:Membrane",9
"Cytoplasm, perinuclear region:Golgi apparatus",9
"Cytoplasm:Nucleus:Cytoplasm, Stress granule",9
Cytoplasm:Apical cell membrane,9
"Membrane:Cell projection, cilium, photoreceptor outer segment",9
Cell membrane:Endosome membrane:Recycling endosome membrane,9
"Endoplasmic reticulum membrane:Endoplasmic reticulum-Golgi intermediate compartment membrane:Golgi apparatus, cis-Golgi network membrane:Golgi apparatus, trans-Golgi network membrane:Melanosome:Membrane",9
"Cytoplasm, cell cortex:Cytoplasm, cytoskeleton",9
"Cytoplasm:Nucleus:Cytoplasm, P-body",9
"Cell projection, cilium:Cytoplasm, cytoskeleton, microtubule organizing center, centrosome:Cytoplasm, cytoskeleton, spindle:Cytoplasm, cytosol:Lysosome membrane:Membrane:Nucleus",9
Zymogen granule membrane,9
"Nucleus:Nucleus, Cajal body",9
"Cell projection, axon:Membrane",9
Mitochondrion outer membrane:Peroxisome membrane:Microsome membrane:Endoplasmic reticulum membrane,9
Mitochondrion outer membrane:Peroxisome,9
Cell membrane:Cell junction,9
Cytoplasm:Nucleus:Endoplasmic reticulum,9
Mitochondrion outer membrane:Membrane,9
Mitochondrion:Mitochondrion intermembrane space,9
Endoplasmic reticulum membrane:Membrane:Nucleus membrane,9
"Nucleus, nucleoplasm:Chromosome",9
"Secreted:Secreted, extracellular space:Secreted, extracellular space, apoplast",9
"Vacuole, aleurone grain membrane",9
"Golgi apparatus:Golgi apparatus, trans-Golgi network membrane",9
Nucleus:Cytoplasm:Cytoplasm,9
Cytoplasm:Vacuole membrane,9
"Nucleus:Cytoplasm:Nucleus, PML body",9
Golgi apparatus:Membrane:Mitochondrion,9
"Cytoplasm, cytosol:Golgi apparatus membrane",9
Mitochondrion membrane:Endoplasmic reticulum membrane,9
"Cell membrane:Endomembrane system:Cytoplasm, perinuclear region",9
Cell membrane:Endosome,9
Endoplasmic reticulum:Secreted,9
"Cytoplasm:Cytoplasm, cytoskeleton, microtubule organizing center, centrosome:Cytoplasm, cytoskeleton, spindle pole:Cytoplasm, cytoskeleton, spindle",9
Membrane:Endosome,9
Nucleus membrane:Cytoplasm,9
"Cytoplasm, cytoskeleton, microtubule organizing center, centrosome:Cytoplasm, cytoskeleton, stress fiber",9
Mitochondrion inner membrane:Membrane,9
"Cytoplasm, cytoskeleton, microtubule organizing center, centrosome:Cytoplasm, perinuclear region",9
Cytoplasm:Lipid droplet,9
"Cytoplasm:Cytoplasm, cytoskeleton, spindle:Cytoplasm, cytoskeleton, spindle pole",9
Golgi apparatus lumen,9
"Cytoplasm, cytoskeleton:Cell projection, cilium",9
Cytoplasm:Golgi apparatus membrane:Cell membrane,9
"Cytoplasm, cytoskeleton:Cell projection, axon",9
Cell membrane:Postsynaptic cell membrane:Presynaptic cell membrane,9
"Endosome, multivesicular body membrane:Prevacuolar compartment membrane:Vacuole membrane",9
"Cytoplasm, cytoskeleton, spindle:Chromosome, centromere, kinetochore:Cytoplasm, cytoskeleton, microtubule organizing center, centrosome",9
"Cytoplasmic vesicle, secretory vesicle, synaptic vesicle membrane:Cell membrane:Synapse, synaptosome",9
Nucleus membrane:Endoplasmic reticulum membrane,9
Mitochondrion intermembrane space:Mitochondrion inner membrane,9
Cell membrane:Endoplasmic reticulum membrane:Mitochondrion membrane,9
"Cell membrane:Perikaryon:Cell projection, dendrite",9
"Cell projection, cilium:Cytoplasm, cytoskeleton, microtubule organizing center, centrosome, centriole",9
"Cell membrane:Cell projection, growth cone",9
"Cytoplasmic vesicle, COPII-coated vesicle membrane:Endoplasmic reticulum membrane:Golgi apparatus membrane",9
Cytoplasm:Postsynaptic density,9
"Nucleus speckle:Nucleus, nucleoplasm:Cytoplasm",8
Mitochondrion inner membrane:Mitochondrion matrix,8
"Golgi apparatus membrane:Golgi apparatus, trans-Golgi network membrane",8
"Cell projection, cilium:Cytoplasm, cytoskeleton, microtubule organizing center, centrosome, centriole:Nucleus",8
"Cell projection, cilium, flagellum:Cytoplasm, cytoskeleton, flagellum basal body",8
"Endosome, multivesicular body membrane:Membrane:Prevacuolar compartment membrane",8
Membrane:Synapse,8
Endoplasmic reticulum membrane:Mitochondrion membrane:Membrane,8
"Membrane:Cytoplasm, perinuclear region",8
Cell membrane:Postsynaptic cell membrane:Postsynaptic density,8
Cell membrane:Endoplasmic reticulum membrane:Golgi apparatus membrane,8
Endoplasmic reticulum:Nucleus,8
Endoplasmic reticulum lumen:Melanosome,8
"Cell projection, cilium:Cytoplasm, cytoskeleton, cilium axoneme:Cytoplasm, cytoskeleton, cilium basal body",8
Endoplasmic reticulum-Golgi intermediate compartment membrane,8
Membrane:Lipid droplet,8
"Cell membrane:Cytoplasmic vesicle, secretory vesicle, acrosome membrane",8
Endoplasmic reticulum membrane:Golgi apparatus membrane:Cell membrane:Lipid droplet,8
Golgi apparatus membrane:Cytoplasmic vesicle membrane:Endoplasmic reticulum membrane,8
Endoplasmic reticulum membrane:Endoplasmic reticulum-Golgi intermediate compartment membrane:Golgi apparatus membrane:Membrane,8
"Endoplasmic reticulum-Golgi intermediate compartment membrane:Golgi apparatus, cis-Golgi network membrane:Membrane",8
"Membrane:Cytoplasm, cytosol",8
Cell membrane:Endosome:Late endosome:Membrane,8
Cell membrane:Postsynaptic cell membrane:Membrane,8
"Cytoplasm, cytosol:Cytoplasm:Endoplasmic reticulum",8
"Lysosome membrane:Cytoplasm, cytosol",8
"Chromosome, centromere, kinetochore:Cytoplasm, cytoskeleton, spindle",8
Nucleus:Cytoplasmic vesicle,8
"Cytoplasm, cytoskeleton:Cytoplasm:Cytoplasm, cytoskeleton, spindle:Cytoplasm, cytoskeleton, spindle pole",8
"Cytoplasmic vesicle, secretory vesicle membrane:Membrane",8
"Cytoplasm, cytoskeleton, cilium axoneme:Cytoplasm, cytoskeleton, flagellum axoneme:Nucleus",8
Secreted:Golgi apparatus,8
Secreted:Golgi apparatus:Endoplasmic reticulum,8
"Cytoplasmic vesicle, secretory vesicle, acrosome:Secreted",8
"Cytoplasm, cytoskeleton:Cell projection",8
"Nucleus:Mitochondrion matrix:Mitochondrion matrix, mitochondrion nucleoid",8
"Cytoplasm:Nucleus:Chromosome, centromere, kinetochore",8
Protein storage vacuole,8
"Cell projection, stereocilium",8
"Cytoplasm, cytoskeleton, stress fiber",8
"Cell projection, ruffle membrane",8
"Cytoplasm:Nucleus, nuclear pore complex",8
Cytoplasm:Nucleus:Golgi apparatus,8
"Cytoplasmic vesicle, phagosome:Early endosome membrane:Endosome:Golgi apparatus, trans-Golgi network membrane:Recycling endosome",8
Apical cell membrane:Cytoplasm,8
"Cytoplasm, cytoskeleton, cilium axoneme:Cytoplasm, cytoskeleton, cilium basal body",8
Cytoplasm:Cell membrane:Membrane,8
Basolateral cell membrane:Basal cell membrane,8
"Cytoplasm, cytoskeleton:Cytoplasm, myofibril, sarcomere, Z line",8
"Cytoplasm, cytoskeleton:Cytoplasm, cytoskeleton, spindle pole",8
"Nucleus:Cytoplasm:Cytoplasm, cytoskeleton, spindle pole",8
Cleavage furrow:Endosome membrane:Membrane:Midbody:Recycling endosome membrane,8
"Cytoplasmic vesicle, COPII-coated vesicle membrane:Endoplasmic reticulum membrane",8
"Nucleus:Cytoplasm, cytosol:Membrane",8
"Cytoplasm, cytoskeleton:Cytoplasm, cytoskeleton, flagellum axoneme",8
"Cytoplasm:Cytoplasm, Stress granule",8
Nucleus:Cytoplasm:Nucleus,8
"Cytoplasmic vesicle, clathrin-coated vesicle membrane:Golgi apparatus",8
Autolysosome,8
"Cytoplasm:Cytoplasm, cytoskeleton, cilium basal body",8
"Secreted:Cytoplasmic vesicle, secretory vesicle, acrosome",8
"Cytoplasm, cytoskeleton:Nucleus, nuclear pore complex",8
"Cytoplasm, Cytoplasmic ribonucleoprotein granule",8
Nucleus:Nucleus:Cytoplasm,8
"Plastid, chloroplast:Cytoplasm, cytosol",8
"Cytoplasm, cytosol:Golgi apparatus membrane:Cytoplasmic vesicle, COPI-coated vesicle membrane",8
"Cytoplasm, cytosol:Endoplasmic reticulum membrane",8
Cell junction:Cell membrane:Membrane,8
Peroxisome:Mitochondrion,8
"Cell membrane:Cell projection, phagocytic cup",8
Cytoplasm:Endoplasmic reticulum:Golgi apparatus,8
Spore membrane:Vacuole membrane,8
"Cytoplasm, cytoskeleton, spindle:Cytoplasm, cytoskeleton, spindle pole",8
Cytoplasm:Endosome:Late endosome membrane,8
"Cell junction, tight junction:Membrane",8
Postsynaptic cell membrane:Cell membrane:Cytoplasmic vesicle membrane,8
Early endosome membrane:Golgi apparatus membrane,8
Cytoplasm:Endoplasmic reticulum:Nucleus,8
"Cytoplasm:Endosome membrane:Prevacuolar compartment membrane:Golgi apparatus, trans-Golgi network membrane",8
Endomembrane system:Mitochondrion outer membrane:Rough endoplasmic reticulum membrane,8
"Plastid, chloroplast:Nucleus",8
"Nucleus, nucleolus:Nucleus, nucleoplasm:Chromosome",8
Cytoplasm:Host cytoplasm:Secreted,7
"Nucleus:Cytoplasm:Nucleus, nucleolus",7
"Cytoplasm, cytoskeleton:Cytoplasm, cytoskeleton, stress fiber",7
"Cytoplasm:Golgi apparatus, trans-Golgi network",7
"Secreted, extracellular space, extracellular matrix:Cytoplasm",7
Endosome membrane:Recycling endosome membrane,7
Bud:Bud neck,7
"Golgi apparatus membrane:Golgi apparatus, Golgi stack membrane:Golgi apparatus, trans-Golgi network membrane:Membrane",7
Golgi apparatus membrane:Vacuole membrane,7
Cytoplasm:Photoreceptor inner segment,7
Mitochondrion outer membrane:Peroxisome membrane,7
Endosome membrane:Late endosome membrane:Lysosome membrane,7
"Cytoplasm:Nucleus:Nucleus, nucleoplasm:Nucleus, nucleolus",7
"Golgi apparatus membrane:Cytoplasm, perinuclear region",7
Cytoplasm:Nucleus:Lysosome membrane,7
Nucleus:Cytoplasm:Golgi apparatus,7
"Cytoplasm, cell cortex:Cytoplasm",7
"Cytoplasm:Secreted, cell wall",7
"Plastid, chloroplast stroma:Mitochondrion",7
"Cytoplasm:Cytoplasm, cytoskeleton, microtubule organizing center, spindle pole body",7
"Cytoplasm:Cytoplasm, cytoskeleton, microtubule organizing center, centrosome:Cytoplasm, cytoskeleton, spindle:Cytoplasm, cytoskeleton, spindle pole",7
Cytoplasm:Nucleus speckle,7
"Cytoplasm:Cytoplasmic vesicle, secretory vesicle, acrosome:Cell projection, cilium, flagellum",7
"Nucleus:Nucleus, nucleoplasm:Nucleus speckle",7
Cell membrane:Secreted:Cell membrane,7
"Cytoplasm, cytoskeleton, microtubule organizing center, centrosome:Cytoplasm, cytoskeleton, cilium basal body",7
Prospore membrane,7
Endoplasmic reticulum:Protein storage vacuole,7
Cytoplasm:Cytoplasm:Nucleus,7
Endoplasmic reticulum:Mitochondrion,7
Mitochondrion inner membrane:Nucleus,7
Cell membrane:Apical cell membrane:Secreted,7
Recycling endosome membrane,7
"Cell membrane:Cytoplasmic vesicle, secretory vesicle, acrosome",7
"Secreted:Cytoplasm:Cytoplasm, cytoskeleton:Cell membrane",7
"Cytoplasm:Nucleus:Cytoplasm, cytoskeleton, spindle pole",7
"Cytoplasm:Cytoplasm, cytosol:Nucleus",7
"Cytoplasm, cytoskeleton, cilium basal body:Cell projection, cilium",7
"Cytoplasm, cytoskeleton, microtubule organizing center, centrosome:Cytoplasm, cytoskeleton, microtubule organizing center, centrosome, centriole:Cytoplasm, cytoskeleton, cilium basal body",7
Endosome membrane:Cell membrane,7
"Mitochondrion inner membrane:Mitochondrion matrix, mitochondrion nucleoid",7
"Cell junction, adherens junction:Cell membrane:Membrane:Nucleus",7
"Cell junction, adherens junction:Cell membrane:Membrane",7
Cell membrane:Synaptic cell membrane,7
"Cytoplasm, cytoskeleton, microtubule organizing center, centrosome:Cytoplasm, cytoskeleton, stress fiber:Cytoplasm, myofibril, sarcomere",7
"Cytoplasm, cytoskeleton, cilium axoneme:Cytoplasm, cytoskeleton, flagellum axoneme:Dynein axonemal particle",7
"Cytoplasm, cytoskeleton, spindle pole:Nucleus",7
"Plastid, chloroplast membrane:Plastid, chloroplast thylakoid membrane",7
"Cell junction, adherens junction:Cell membrane",7
Cell membrane:Postsynaptic cell membrane:Membrane:Synaptic cell membrane,7
"Plastid, chloroplast:Plastid, chromoplast:Membrane",7
Endoplasmic reticulum membrane:Microsome membrane:Mitochondrion inner membrane,7
Cell membrane:Mitochondrion membrane:Endoplasmic reticulum membrane,7
Endoplasmic reticulum membrane:Lysosome membrane,7
Cytoplasmic vesicle:Endoplasmic reticulum membrane:Nucleus envelope:Nucleus inner membrane:Nucleus outer membrane:Vesicle,7
"Membrane:Cytoplasm, cytoskeleton, cilium basal body",7
"Cytoplasmic vesicle, secretory vesicle membrane",7
Cytoplasm:Cell junction,7
Archaeal flagellum,7
Cytoplasm:Bud:Bud neck,7
Melanosome membrane,7
"Cell projection, dendrite",7
Golgi apparatus:Endoplasmic reticulum,7
"Cytoplasm, cytoskeleton:Cytoplasmic vesicle, COPII-coated vesicle membrane:Endoplasmic reticulum membrane:Membrane",7
Endoplasmic reticulum membrane:Golgi apparatus membrane:Mitochondrion membrane,7
"Cytoplasm, myofibril, sarcomere:Cytoplasm, cytoskeleton",7
"Cell projection, cilium:Cytoplasm, cytoskeleton, cilium basal body",7
"Cell membrane:Cell projection, neuron projection",7
"Golgi apparatus, trans-Golgi network membrane:Prevacuolar compartment membrane",7
"Cytoplasmic vesicle, secretory vesicle, synaptic vesicle membrane:Synapse, synaptosome",7
"Nucleus, nucleoplasm:Nucleus, gem:Cytoplasm",7
"Cell membrane:Cell projection, microvillus membrane",7
Endoplasmic reticulum membrane:Golgi apparatus membrane:Endoplasmic reticulum-Golgi intermediate compartment membrane,7
"Secreted:Secreted, extracellular space:Cytoplasmic vesicle, secretory vesicle",7
"Cell projection, cilium:Cytoplasm, cytoskeleton, cilium basal body:Cytoplasm, cytoskeleton, microtubule organizing center, centrosome",7
"Golgi apparatus, trans-Golgi network:Cytoplasmic vesicle",7
Nucleus speckle:Nucleus,7
Golgi apparatus:Cytoplasm,7
"Endoplasmic reticulum membrane:Golgi apparatus membrane:Cytoplasmic vesicle, COPI-coated vesicle membrane",7
"Cytoplasmic vesicle, secretory vesicle:Vesicle",7
"Cytoplasm:Cell junction, focal adhesion",7
Endoplasmic reticulum membrane:Lipid droplet:Membrane:Preautophagosomal structure membrane,7
"Cytoplasmic vesicle, COPII-coated vesicle membrane:Cytoplasmic vesicle, secretory vesicle membrane:Golgi apparatus, Golgi stack membrane:Membrane",7
"Cytoplasm, cytosol:Endoplasmic reticulum",7
"Endomembrane system:Cytoplasm, perinuclear region",7
"Cell projection, kinocilium:Cytoplasm, cytoskeleton, cilium axoneme",7
"Cell projection, cilium membrane:Cytoplasm:Cytoplasm, cytoskeleton, microtubule organizing center, centrosome, centriolar satellite",7
"Nucleus, nuclear pore complex:Nucleus membrane:Endoplasmic reticulum membrane",7
Cytoplasmic vesicle membrane:Membrane:Membrane:Preautophagosomal structure membrane,7
"Cytoplasmic vesicle, phagosome membrane:Early endosome",7
"Cytoplasm, cytosol:Cytoplasm:Rough endoplasmic reticulum:Nucleus, nucleolus",7
"Nucleus, nucleolus:Nucleus:Chromosome",7
"Golgi apparatus, cis-Golgi network membrane:Golgi apparatus, trans-Golgi network membrane:Late endosome membrane",7
Lysosome membrane:Cell membrane,7
"Cytoplasm:Cell membrane:Cytoplasm, cytoskeleton",7
"Nucleus:Cytoplasm:Cell projection, cilium",7
Vacuole membrane:Endoplasmic reticulum membrane,7
"Cytoplasm, cytosol:Cytoplasm, cytoskeleton, microtubule organizing center, centrosome",7
Endoplasmic reticulum membrane:Microsome membrane:Membrane,7
"Nucleus, gem:Cytoplasm",7
Basal cell membrane,7
"Cell membrane:Cytoplasm:Cytoplasm, cytoskeleton:Cytoplasm, cell cortex",7
"Cell membrane:Endosome membrane:Cytoplasm, cytoskeleton, actin patch",7
"Endoplasmic reticulum membrane:Cell projection, dendrite",7
"Nucleus, nucleolus:Chromosome, centromere, kinetochore",7
Membrane:Preautophagosomal structure membrane:Vacuole membrane,6
"Golgi apparatus:Cytoplasmic vesicle membrane:Membrane, clathrin-coated pit",6
Lysosome membrane:Cytoplasm,6
Apical cell membrane:Cytoplasmic vesicle membrane,6
Endosome:Late endosome,6
"Cytoplasm:Cytoplasmic vesicle, COPII-coated vesicle membrane:Endoplasmic reticulum membrane:Golgi apparatus membrane:Membrane",6
"Cytoplasm, cytosol:Preautophagosomal structure",6
"Cytoplasm, cytosol:Mitochondrion",6
Membrane:Prevacuolar compartment membrane,6
"Vacuole, aleurone grain:Endoplasmic reticulum:Protein storage vacuole",6
"Apical cell membrane:Cell projection, microvillus membrane",6
"Cytoplasm, cytoskeleton, spindle:Cytoplasm, cytoskeleton, phragmoplast",6
"Cell junction, focal adhesion:Cell membrane:Membrane",6
Cytoplasm:Endoplasmic reticulum membrane:Microsome membrane:Membrane,6
"Membrane:Synapse, synaptosome",6
Postsynaptic density membrane,6
"Apical cell membrane:Cell junction, tight junction",6
Apical cell membrane:Cell membrane:Membrane,6
"Postsynaptic cell membrane:Synapse:Perikaryon:Cell projection, dendrite:Cell membrane",6
"Cytoplasm, cytoskeleton, spindle:Chromosome, centromere, kinetochore",6
"Membrane:Plastid, chloroplast outer membrane:Plastid, etioplast membrane",6
"Cytoplasm:Cytoplasm, perinuclear region:Endoplasmic reticulum",6
"Cytoplasm:Cytoplasmic vesicle, COPII-coated vesicle membrane:Endoplasmic reticulum membrane:Golgi apparatus membrane",6
"Golgi apparatus, cis-Golgi network membrane:Membrane",6
"Membrane:Membrane, coated pit",6
"Membrane:Cytoplasm, myofibril, sarcomere, Z line",6
Bacterial flagellum basal body:Membrane,6
Cell membrane:Endosome membrane:Lysosome membrane,6
"Secreted, extracellular space, surface film",6
"Golgi apparatus, cis-Golgi network:Endoplasmic reticulum:Preautophagosomal structure",6
Secreted:Cytoplasmic vesicle,6
"Cytoplasm:Cytoplasm, Cytoplasmic ribonucleoprotein granule",6
Membrane:Late endosome,6
"Cytoplasm:Cytoplasm, cytoskeleton, microtubule organizing center, centrosome:Cytoplasm, cytoskeleton, spindle pole:Cytoplasm, cytoskeleton:Cytoplasm, cytoskeleton, spindle",6
Cytoplasm:Cell tip,6
Secreted:Cytoplasmic granule membrane,6
"Golgi apparatus membrane:Golgi apparatus, trans-Golgi network:Cytoplasm, cytosol",6
"Membrane:Golgi apparatus membrane:Cytoplasmic vesicle, clathrin-coated vesicle membrane:Prevacuolar compartment membrane",6
"Golgi apparatus, cis-Golgi network membrane:Endoplasmic reticulum-Golgi intermediate compartment membrane",6
Basolateral cell membrane:Cell membrane,6
Golgi apparatus membrane:Secreted:Cell membrane,6
"Plastid, etioplast membrane:Plastid, chloroplast outer membrane",6
"Cytoplasm:Cytoplasm, cytoskeleton, microtubule organizing center, centrosome, centriole",6
"Cell membrane:Endoplasmic reticulum membrane:Golgi apparatus, trans-Golgi network membrane:Endosome membrane:Lysosome membrane",6
Secreted:Periplasm,6
Cytoplasm:Cell membrane:Endoplasmic reticulum membrane,6
Presynaptic cell membrane:Postsynaptic cell membrane,6
Endosome:Prevacuolar compartment,6
Secreted:Mitochondrion,6
Membrane:Basolateral cell membrane,6
Cell membrane:Postsynaptic cell membrane:Postsynaptic density membrane,6
Recycling endosome,6
"Membrane:Nucleus, nucleolus",6
Membrane:Bud neck,6
Membrane:Nucleus membrane,6
"Golgi apparatus, trans-Golgi network membrane:Cytoplasm, perinuclear region:Cell membrane",6
"Cytoplasm, cytoskeleton:Cell junction, focal adhesion",6
"Cytoplasm, myofibril, sarcomere, I band:Cytoplasm, myofibril, sarcomere, M line",6
"Cell junction, adherens junction:Cell projection, microvillus:Cell projection, rhabdomere",6
"Cytoplasm, perinuclear region:Endoplasmic reticulum:Golgi apparatus",6
Rough endoplasmic reticulum membrane:Nucleus membrane,6
"Cytoplasm, cytoskeleton:Cell projection, dendrite",6
"Cytoplasm, perinuclear region:Nucleus membrane",6
"Golgi apparatus, trans-Golgi network membrane:Golgi apparatus membrane",6
Cytoplasm:Cell projection,6
"Plastid, chloroplast membrane:Plastid, chloroplast stroma",6
Microsome,6
Cytoplasmic vesicle:Secreted,6
"Nucleus:Cytoplasm:Cytoplasm, cytoskeleton, spindle",6
"Nucleus:Cytoplasm:Cytoplasm, cytosol",6
Cytoplasm:Preautophagosomal structure membrane:Membrane,6
"Nucleus membrane:Nucleus, nucleolus",6
"Endoplasmic reticulum membrane:Golgi apparatus membrane:Cytoplasmic vesicle, COPII-coated vesicle membrane:Nucleus",6
Cytoplasm:Postsynaptic density:Synapse,6
Cell membrane:Cell junction:Secreted,6
Cytoplasm:Nucleus:Synapse,6
"Cytoplasmic vesicle, secretory vesicle:Cytoplasmic vesicle, secretory vesicle membrane:Secreted",6
"Cell projection, axon:Cytoplasm, cytoskeleton",6
"Cytoplasm:Nucleus:Nucleus, Cajal body",6
Endoplasmic reticulum membrane:Endoplasmic reticulum membrane:Membrane,6
Early endosome membrane:Cell membrane,6
Nucleus:Cytoplasm:Nucleus membrane,6
Nucleus:Cytoplasm:Nucleus speckle,6
Early endosome membrane:Endosome membrane:Golgi apparatus membrane:Membrane,6
Endoplasmic reticulum-Golgi intermediate compartment membrane:Endoplasmic reticulum membrane,6
"Early endosome membrane:Endosome membrane:Golgi apparatus, trans-Golgi network membrane:Membrane",6
"Nucleus:Cytoplasm:Nucleus, nucleoplasm",6
Mitochondrion outer membrane:Mitochondrion inner membrane,6
"Cell projection, microvillus",6
Cytoplasm:Nucleus:Cytoplasm:Nucleus,6
Cell membrane:Cytoplasm:Endoplasmic reticulum membrane:Membrane,6
"Cytoplasm:Secreted:Cytoplasm, cytoskeleton",6
"Nucleus:Cytoplasm:Cytoplasm, Stress granule",6
"Cytoplasmic vesicle, secretory vesicle, synaptic vesicle membrane:Membrane:Presynaptic cell membrane",6
"Nucleus matrix:Cytoplasm, cytoskeleton",6
"Nucleus:Chromosome:Nucleus, PML body:Chromosome, telomere",6
"Nucleus:Chromosome:Nucleus, nucleolus",6
"Nucleus:Chromosome:Nucleus, nucleolus:Chromosome, telomere",6
"Nucleus:Cytoplasm, cytoskeleton, flagellum axoneme",6
"Cytoplasmic vesicle, clathrin-coated vesicle membrane:Cell membrane",6
Cell tip,6
"Cytoplasmic vesicle, autophagosome membrane:Membrane:Vacuole membrane",6
Endoplasmic reticulum membrane:Membrane:Nucleus envelope,6
Mitochondrion:Secreted,6
"Nucleus membrane:Cell membrane:Cytoplasm:Membrane, caveola",6
"Mitochondrion:Plastid, chloroplast stroma",6
Contractile vacuole membrane,6
Cytolytic granule,6
Cytoplasmic vesicle membrane:Golgi apparatus membrane:Endoplasmic reticulum membrane:Membrane,6
"Cytoplasmic vesicle, secretory vesicle, acrosome:Cell projection, cilium, flagellum",6
Endoplasmic reticulum membrane:Golgi apparatus membrane:Nucleus,6
"Nucleus:Chromosome, telomere:Nucleus, PML body",6
"Cytoplasmic vesicle, secretory vesicle, synaptic vesicle membrane:Cytoplasmic vesicle, clathrin-coated vesicle membrane",6
"Cytoplasm, P-body:Cytoplasm, cytosol",6
"Cell projection, cilium membrane:Cell membrane",6
Cell membrane:Basolateral cell membrane:Secreted,6
Cell outer membrane:Bacterial flagellum basal body,6
Mitochondrion membrane:Mitochondrion inner membrane,6
"Early endosome:Recycling endosome:Golgi apparatus, trans-Golgi network:Cytoplasmic vesicle, clathrin-coated vesicle",6
Endoplasmic reticulum membrane:Cytoplasm,6
"Nucleus:Nucleus, nucleoplasm:Cytoplasm",6
"Cytoplasm:Nucleus, nucleolus:Endoplasmic reticulum",6
"Cell membrane:Cell projection, ruffle membrane",6
Periplasm:Bacterial flagellum basal body,6
Encapsulin nanocompartment,6
"Cytoplasm, cytoskeleton, microtubule organizing center, centrosome:Cytoplasm",6
"Cytoplasm, cytoskeleton, microtubule organizing center, centrosome:Cytoplasm, cytoskeleton, microtubule organizing center, centrosome, centriolar satellite:Cytoplasm, cytoskeleton, cilium basal body",6
Cytoplasm:Midbody,6
"Cytoplasm:Membrane:Nucleus, nucleolus",6
Cytoplasm:Membrane:Mitochondrion outer membrane,6
"Cell membrane, sarcolemma:Cell membrane",6
Endoplasmic reticulum lumen:Endoplasmic reticulum-Golgi intermediate compartment,6
Endomembrane system:Cytoplasm,6
"Cytoplasm, cytoskeleton, microtubule organizing center, centrosome:Midbody",6
"Nucleus, nucleolus:Nucleus, nucleoplasm:Cytoplasm",6
"Midbody, Midbody ring",6
Cell junction:Cell membrane,6
"Nucleus, nucleolus:Chromosome, centromere",6
"Mitochondrion matrix, kinetoplast",6
Mitochondrion intermembrane space:Mitochondrion matrix,6
Nucleus:Nucleus matrix,6
"Nucleus, nucleoplasm:Nucleus",6
Early endosome:Mitochondrion,6
"Cytoplasm:Nucleus:Cell junction, focal adhesion",6
"Cytoplasm:Nucleus:Chromosome, centromere:Cytoplasm, cytoskeleton, spindle pole",6
"Cell membrane:Secreted:Secreted, extracellular space, extracellular matrix",6
"Mitochondrion matrix:Mitochondrion matrix, mitochondrion nucleoid",6
Cell membrane:Bacterial flagellum basal body:Membrane,6
Cell membrane:Basal cell membrane,6
"Cytoplasm, cytoskeleton:Cytoplasm:Nucleus",5
Cell membrane:Melanosome,5
"Endoplasmic reticulum membrane:Endoplasmic reticulum-Golgi intermediate compartment membrane:Golgi apparatus, cis-Golgi network membrane:Golgi apparatus, trans-Golgi network membrane:Melanosome",5
"Cytoplasm, cytosol:Cytoplasmic vesicle:Lysosome membrane:Membrane:Vesicle",5
"Cytoplasmic vesicle, secretory vesicle, acrosome inner membrane",5
"Cytoplasm, cytosol:Cytoplasmic granule:Mitochondrion",5
Early endosome membrane:Late endosome membrane,5
"Cytoplasm, cytosol:Cytoplasm, cytoskeleton",5
"Golgi apparatus, trans-Golgi network membrane:Endosome membrane:Recycling endosome",5
"Golgi apparatus, trans-Golgi network membrane:Early endosome membrane:Cytoplasmic vesicle, clathrin-coated vesicle",5
"Cytoplasm, cytosol:Nucleus:Nucleus, PML body:Cytoplasmic vesicle, autophagosome",5
"Endoplasmic reticulum membrane:Golgi apparatus, Golgi stack membrane:Cell membrane:Membrane",5
"Cell projection, neuron projection:Cytoplasm:Dynein axonemal particle:Nucleus",5
"Cytoplasm, cytosol:Apical cell membrane",5
"Cytoplasm, cytosol:Cytoplasm:Nucleus",5
Cell membrane:Midbody,5
"Endoplasmic reticulum membrane:Golgi apparatus, Golgi stack membrane:Cytoplasm, cytosol:Lysosome membrane",5
Cell membrane:Membrane:Zona pellucida,5
Early endosome:Recycling endosome:Cell membrane,5
"Cytoplasm, perinuclear region:Lysosome membrane:Membrane",5
"Golgi apparatus, trans-Golgi network membrane:Recycling endosome membrane",5
"Golgi apparatus, trans-Golgi network:Early endosome",5
"Cytoplasm, cytosol:Cytoplasm, cytoskeleton, microtubule organizing center, centrosome, centriole:Cytoplasm, cytoskeleton, cilium basal body",5
"Cytoplasm, cytoskeleton:Mitochondrion",5
"Cytoplasm, cytosol:Golgi apparatus",5
"Golgi apparatus, trans-Golgi network:Cytoplasmic vesicle, clathrin-coated vesicle membrane",5
"Cytoplasmic vesicle:Cytoplasm, cytosol",5
Late endosome membrane:Membrane,5
Endoplasmic reticulum membrane:Golgi apparatus membrane:Early endosome membrane,5
"Cytoplasm, cytosol:Mitochondrion matrix",5
"Cell projection, filopodium",5
"Cytoplasm, cytosol:Cytoplasm, cytoskeleton, microtubule organizing center, centrosome:Cell projection, cilium",5
"Cytoplasm, cytosol:Endoplasmic reticulum:Nucleus",5
"Cell projection, dendritic spine",5
"Cytoplasm, cytosol:Late endosome membrane:Lysosome membrane",5
"Cell projection, cilium:Cytoplasm, cytoskeleton, cilium axoneme",5
"Cytoplasm, cytosol:Cell membrane:Midbody, Midbody ring",5
"Endoplasmic reticulum membrane:Cytoplasm, perinuclear region",5
Early endosome membrane:Endosome membrane:Membrane,5
"Cytoplasmic vesicle, secretory vesicle membrane:Cytoplasmic vesicle, secretory vesicle, synaptic vesicle membrane",5
Cytoplasmic vesicle lumen,5
"Golgi apparatus, trans-Golgi network membrane:Early endosome",5
"Cytoplasm:Cytoplasm, cytoskeleton, stress fiber",5
"Cytoplasm, cytoskeleton:Cell projection, cilium:Cytoplasm, cytoskeleton, cilium axoneme:Cytoplasm, cytoskeleton, flagellum axoneme",5
Cell membrane:Synapse:Presynaptic cell membrane,5
"Endoplasmic reticulum:Golgi apparatus, Golgi stack:Cell surface:Secreted",5
"Cytoplasm, cytoskeleton:Cell projection, cilium:Cytoplasm, cytoskeleton, cilium axoneme:Cytoplasm, cytoskeleton, cilium basal body",5
"Cytoplasm:Cytoplasm, cytosol:Membrane",5
"Cytoplasm:Nucleus:Cytoplasm, cytosol",5
"Cytoplasm:Cytoplasm, perinuclear region:Cytoplasm, Cytoplasmic ribonucleoprotein granule",5
"Cytoplasm:Nucleus:Cytoplasm, cytoskeleton",5
Endoplasmic reticulum:Membrane:Mitochondrion membrane:Nucleus,5
"Cytoplasm:Nucleus, nucleoplasm:Nucleus matrix",5
"Cytoplasm, cytoskeleton, microtubule organizing center, centrosome, centriole:Cytoplasm, cytoskeleton, microtubule organizing center, centrosome",5
"Cytoplasm:Nucleus, nucleolus:Nucleus:Nucleus, nucleoplasm",5
"Cytoplasm:Cytoplasmic granule:Cytoplasm, perinuclear region",5
Cytoplasm:Cytoplasmic vesicle,5
"Cytoplasm:Nucleus, nucleolus:Nucleus, nucleoplasm:Cytoplasm, cytoskeleton, spindle",5
"Cytoplasm:Cytoplasmic vesicle, COPII-coated vesicle membrane:Endoplasmic reticulum membrane",5
Cell membrane:Postsynaptic density,5
"Cytoplasm:Cytoplasmic vesicle, secretory vesicle, acrosome",5
Cell membrane:Postsynaptic density membrane,5
"Cytoplasm, cytoskeleton, microtubule organizing center, centrosome, centriole:Nucleus",5
Cytoplasm:Cytoplasmic vesicle:Early endosome:Recycling endosome:Late endosome,5
Endosome membrane:Endomembrane system,5
Cytoplasm:Lysosome membrane,5
Cytoplasm:Early endosome:Cytoplasmic vesicle membrane,5
"Cytoplasm, cytoskeleton, perinuclear theca, calyx",5
Cytoplasm:Inflammasome,5
"Endosome membrane:Golgi apparatus, trans-Golgi network membrane",5
Endosome membrane:Lysosome membrane:Membrane,5
Cytoplasm:Endosome membrane:Early endosome,5
"Cytoplasm, cytoskeleton, cilium axoneme:Dynein axonemal particle",5
Cytoplasm:Nucleus:Golgi apparatus membrane,5
"Endoplasmic reticulum membrane:Golgi apparatus, cis-Golgi network membrane:Golgi apparatus, Golgi stack membrane",5
Cytoplasm:Nucleus:Lysosome,5
Endoplasmic reticulum membrane:Golgi apparatus:Secreted:Melanosome:Sarcoplasmic reticulum lumen,5
"Cytoplasm, cytoskeleton:Cytoplasm, perinuclear region:Membrane:Synapse, synaptosome",5
"Cytoplasmic vesicle, autophagosome:Nucleus, PML body",5
"Cytoplasm:Cell membrane:Cell junction, tight junction",5
"Chromosome, telomere:Nucleus inner membrane",5
"Lysosome membrane:Cytoplasmic vesicle, autophagosome membrane",5
"Cytoplasmic vesicle, COPII-coated vesicle membrane:Endoplasmic reticulum membrane:Nucleus, nuclear pore complex:Lysosome membrane",5
"Golgi apparatus, cis-Golgi network membrane:Golgi apparatus membrane:Endoplasmic reticulum membrane",5
Endoplasmic reticulum membrane:Membrane:Sarcoplasmic reticulum membrane,5
Endoplasmic reticulum membrane:Mitochondrion,5
Cytoplasmic vesicle membrane:Early endosome membrane,5
"Cytoplasm, cytoskeleton:Cytoplasm, cytosol:Cytoplasm, cell cortex:Cell projection, pseudopodium",5
"Cytoplasm:Cell membrane:Golgi apparatus, trans-Golgi network",5
"Endosome membrane:Lysosome membrane:Cytoplasmic vesicle, phagosome membrane",5
"Cytoplasm:Synapse:Cell projection, dendritic spine",5
Golgi apparatus membrane:Postsynaptic density,5
"Cytoplasm:Cell projection, cilium, flagellum",5
"Cytoplasm:Cell projection, podosome",5
"Cytoplasm:Cell projection, ruffle membrane",5
"Golgi apparatus membrane:Golgi apparatus, cis-Golgi network",5
"Cytoplasm, cytoskeleton:Cytoplasm, cytoskeleton, microtubule organizing center, centrosome, centriolar satellite",5
Golgi apparatus membrane:Early endosome membrane:Membrane,5
Endoplasmic reticulum membrane:Rough endoplasmic reticulum membrane,5
"Cytoplasm:Cytoplasm, P-body:Cytoplasmic granule",5
Cytoplasm:Nucleus:Preautophagosomal structure membrane,5
Cytoplasm:Nucleus:Nucleus envelope,5
"Cytoplasm:Nucleus:Membrane:Cell projection, lamellipodium:Cytoplasm, cytoskeleton:Cleavage furrow:Midbody:Cell junction",5
"Cytoplasm, cytoskeleton:Chromosome, centromere, kinetochore",5
"Endoplasmic reticulum-Golgi intermediate compartment membrane:Golgi apparatus, cis-Golgi network membrane:Endoplasmic reticulum membrane",5
"Cell projection, filopodium:Cell projection, lamellipodium",5
"Cytoplasm:Nucleus:Nucleus, nuclear pore complex",5
"Nucleus membrane:Cytoplasm, cytosol",5
Cell membrane:Cytoplasm:Cytoplasm,5
"Nucleus envelope:Presynapse:Cell projection, axon:Perikaryon:Cell projection, dendrite:Cytoplasmic vesicle, secretory vesicle, synaptic vesicle",5
"Nucleus:Perikaryon:Cell projection, axon",5
"Secreted, extracellular space, extracellular matrix, basement membrane:Nucleus:Chromosome:Endoplasmic reticulum",5
Nucleus:Cytoplasm:Preautophagosomal structure,5
Nucleus:Cytoplasmic granule,5
Nucleus matrix:Nucleus speckle,5
"Membrane:Cytoplasm:Synapse:Cell projection, growth cone",5
Sarcoplasmic reticulum membrane:Endoplasmic reticulum membrane,5
Membrane:Cytoplasm:Nucleus,5
"Membrane:Cytoplasm, cytoskeleton",5
"Nucleus speckle:Nucleus, nucleolus",5
"Membrane:Cell projection, cilium membrane",5
"Membrane:Cell projection, axon",5
Membrane:Cell membrane:Secreted,5
"Nucleus:Cytoplasm, cytoskeleton, spindle:Chromosome, centromere, kinetochore:Chromosome",5
Recycling endosome:Membrane,5
Cell membrane:Golgi apparatus membrane:Endoplasmic reticulum membrane,5
"Nucleus:Cytoplasm, cytoskeleton, phragmoplast",5
"Symbiosome, peribacteroid membrane",5
"Recycling endosome:Cytoplasm:Cell projection, podosome:Cell junction",5
Cell membrane:Chromosome:Endoplasmic reticulum-Golgi intermediate compartment,5
"Cell membrane:Cell junction, tight junction:Nucleus",5
Mitochondrion:Peroxisome,5
"Cell membrane:Cell projection, cilium:Golgi apparatus",5
"Nucleus:Cytoplasm:Cell projection, cilium, flagellum",5
Mitochondrion inner membrane:Cytoplasm,5
Basolateral cell membrane:Apical cell membrane,5
Cell membrane:Cell membrane:Cell membrane,5
Microsome:Endoplasmic reticulum membrane,5
Mitochondrion matrix:Cell membrane,5
Bacterial flagellum:Secreted,5
Secreted:Cytoplasm:Apical cell membrane,5
"Mitochondrion outer membrane:Cytoplasm, cytosol",5
"Nucleus:Cytoplasm:Cytoplasmic granule:Cytoplasm, P-body",5
"Nucleus:Cytoplasm:Cytoplasmic vesicle, secretory vesicle, acrosome",5
"Cell membrane:Cytoplasm:Nucleus, nucleolus",5
Mitochondrion outer membrane:Nucleus,5
Membrane:Nucleus:Cytoplasm:Endoplasmic reticulum,5
Periplasm:Secreted:Cell surface:Cell outer membrane,5
Mitochondrion outer membrane:Peroxisome membrane:Postsynaptic cell membrane,5
"Nucleus:Cytoplasm:Chromosome, centromere, kinetochore",5
"Nucleus:Cytoplasm:Cell projection, dendrite:Synapse",5
"Secreted, primary cell wall",5
Membrane:Microsome membrane:Cytoplasm,5
Membrane:Melanosome,5
"Mitochondrion:Mitochondrion matrix, mitochondrion nucleoid:Nucleus",5
Cell membrane:Cell tip,5
Basolateral cell membrane:Apical cell membrane:Cell membrane,5
"Nucleus, nucleoplasm:Nucleus, nucleolus:Cytoplasm",5
"Nucleus:Nucleus speckle:Nucleus, Cajal body",5
Prevacuolar compartment membrane:Protein storage vacuole membrane,5
"Plastid, chloroplast:Plastid, chromoplast",5
Cell membrane:Late endosome membrane,5
Cell membrane:Bacterial flagellum basal body,5
"Nucleus:Chromosome, centromere, kinetochore:Cytoplasm, cytoskeleton, microtubule organizing center, spindle pole body",5
"Nucleus:Chromosome, telomere:Chromosome",5
"Nucleus:Chromosome, centromere, kinetochore:Chromosome, centromere",5
"Nucleus:Chromosome:Cytoplasm, cytoskeleton, microtubule organizing center, centrosome:Cytoplasm, cytoskeleton, spindle pole",5
"Cell junction, focal adhesion:Cell membrane",5
"Nucleus:Cell projection, dendrite",5
"Cell membrane:Cell projection, lamellipodium membrane",5
"Nucleus:Chromosome, centromere:Chromosome, telomere",5
"Cell membrane:Cell projection, dendrite:Perikaryon",5
"Cell projection, axon:Perikaryon",4
Endoplasmic reticulum membrane:Peroxisome membrane,4
"Cell surface:Endoplasmic reticulum:Golgi apparatus, Golgi stack",4
"Cytoplasm, cytoskeleton, microtubule organizing center, centrosome:Cytoplasm, cytoskeleton, spindle:Cytoplasm, cytoskeleton, spindle pole",4
"Secreted, extracellular space:Secreted",4
Cytoplasm:Membrane raft,4
Cytoplasm:Endoplasmic reticulum membrane:Golgi apparatus membrane,4
"Cytoplasm:Cell projection, stereocilium",4
"Mitochondrion:Cytoplasm, cytosol:Nucleus:Chromosome",4
Endoplasmic reticulum membrane:Nucleus envelope:Nucleus inner membrane,4
"Cytoplasm:Membrane, clathrin-coated pit:Cell junction, focal adhesion:Cell projection, axon:Cytoplasm, cytoskeleton:Cytoplasm, cytoskeleton, spindle",4
"Cytoplasm, Cytoplasmic ribonucleoprotein granule:Cytoplasm",4
"Cytoplasm, cytoskeleton:Cytoplasm, cytoskeleton, microtubule organizing center, centrosome:Chromosome, centromere, kinetochore:Cytoplasm, cytoskeleton, spindle",4
Cytoplasmic vesicle membrane:Cell membrane,4
"Cytoplasm:Cell projection, stereocilium:Photoreceptor inner segment:Cell projection, cilium, photoreceptor outer segment:Cell membrane, sarcolemma",4
"Cell projection, axon:Cytoplasm",4
Basolateral cell membrane:Lateral cell membrane:Membrane,4
Cytoplasm:Cytoplasm,4
Mitochondrion:Mitochondrion inner membrane:Mitochondrion intermembrane space,4
"Secreted, extracellular space, extracellular matrix:Endomembrane system",4
Nucleus inner membrane:Golgi apparatus membrane,4
"Plastid, chloroplast inner membrane:Plastid, chloroplast thylakoid membrane",4
Endoplasmic reticulum membrane:Lysosome membrane:Endosome membrane:Golgi apparatus membrane:Cytoplasm:Cell membrane,4
"Cell projection, cilium, flagellum:Cell projection, cilium",4
Nucleus envelope:Nucleus membrane,4
Preautophagosomal structure membrane:Endoplasmic reticulum membrane,4
"Plastid, chloroplast envelope:Plastid, chloroplast membrane",4
"Cell membrane, sarcolemma:Cell junction:Cytoplasm, cytoskeleton",4
Nucleus envelope:Endoplasmic reticulum membrane:Membrane,4
Cell membrane:Cell membrane:Secreted:Secreted,4
Cytoplasm:Contractile vacuole,4
"Cytoplasm:Cytoplasm, cell cortex:Nucleus:Lipid droplet",4
"Cytoplasm:Endoplasmic reticulum membrane:Golgi apparatus, Golgi stack membrane",4
"Nucleus:Cytoplasm:Cell membrane:Cytoplasm, cytoskeleton",4
"Plastid, amyloplast:Plastid, chloroplast",4
"Cell membrane, sarcolemma:Cell projection, dendritic spine",4
"Nucleus:Cytoplasm:Cell projection, axon",4
Endoplasmic reticulum membrane:Microsome membrane:Mitochondrion,4
"Cytoplasm:Cytoplasm, P-body:Cytoplasm, Stress granule",4
"Cell junction, gap junction:Membrane",4
Cytoplasm:Membrane:Cell membrane,4
"Cell junction, desmosome:Cell membrane:Cytoplasm",4
"Cytoplasm, cytoskeleton:Cytoplasm, cytoskeleton, microtubule organizing center, centrosome:Cytoplasm, cytoskeleton, spindle",4
"Nucleus:Chromosome, centromere:Chromosome",4
"Nucleus:Cytoplasm:Cytoplasm, Stress granule:Cytoplasm, P-body",4
"Cytoplasmic vesicle, secretory vesicle, synaptic vesicle membrane:Cell membrane",4
Endoplasmic reticulum:Golgi apparatus:Membrane,4
"Mitochondrion membrane:Cytoplasm, cytosol:Cell membrane",4
Cytoplasm:Cell membrane:Microsome membrane,4
Mitochondrion matrix:Cytoplasm:Nucleus,4
"Cytoplasmic vesicle, secretory vesicle, synaptic vesicle membrane:Membrane",4
"Nucleus:Cytoplasm:Cytoplasm, myofibril, sarcomere",4
Cell membrane:Secreted:Cytoplasm,4
"Cell membrane:Cell projection, filopodium",4
Mitochondrion intermembrane space:Mitochondrion membrane,4
"Cytoplasmic vesicle, secretory vesicle, synaptic vesicle membrane:Early endosome membrane:Late endosome membrane:Lysosome membrane:Cell membrane",4
"Mitochondrion intermembrane space:Mitochondrion matrix:Cytoplasm, cytosol:Lysosome membrane",4
"Cell membrane:Cell projection, dendritic spine:Postsynaptic density:Postsynaptic cell membrane:Cell projection, lamellipodium:Cytoplasmic vesicle, phagosome:Nucleus:Cytoplasm, cytosol",4
"Cytoplasm:Sarcoplasmic reticulum:Cytoplasm, myofibril, sarcomere",4
"Endoplasmic reticulum:Sarcoplasmic reticulum:Secreted:Secreted, extracellular space:Secreted, extracellular space, extracellular matrix",4
"Cell membrane:Cytoplasmic vesicle, phagosome membrane:Membrane raft:Golgi apparatus",4
Cytoplasm:Sarcoplasmic reticulum,4
Endoplasmic reticulum:Vacuole,4
"Secreted:Cytoplasm:Cytoplasm, cell cortex:Cytoplasm, cytosol:Nucleus",4
"Cytoplasm:Cell membrane:Cytoplasm, cytoskeleton, microtubule organizing center, centrosome",4
"Cytoplasm, P-body:Nucleus:Nucleus, PML body:Nucleus speckle",4
Cell membrane:Late endosome:Lysosome,4
"Cytoplasm, cytoskeleton:Cytoplasm, cytoskeleton, spindle:Cell junction, gap junction",4
"Mitochondrion outer membrane:Mitochondrion inner membrane:Cytoplasm, cytosol",4
"Cytoplasmic vesicle, secretory vesicle:Secreted",4
"Cytoplasm:Membrane:Cell projection, dendritic spine",4
"Cytoplasm:Cell projection, growth cone",4
Endoplasmic reticulum-Golgi intermediate compartment membrane:Cell membrane:Vacuole membrane:Endoplasmic reticulum membrane,4
"Cell outer membrane:Secreted, cell wall",4
Postsynaptic cell membrane:Synapse:Cell membrane:Cell projection,4
Endoplasmic reticulum-Golgi intermediate compartment membrane:Golgi apparatus membrane:Endoplasmic reticulum membrane,4
"Cytoplasmic vesicle, secretory vesicle, synaptic vesicle membrane:Synapse, synaptosome:Cell membrane",4
"Cytoplasm:Cell projection, cilium, flagellum:Cell projection, cilium:Cytoplasm, cytoskeleton:Cytoplasm, cytoskeleton, flagellum axoneme",4
"Nucleus:Cytoplasm:Cytoplasm, Cytoplasmic ribonucleoprotein granule",4
"Nucleus:Cytoplasm:Cytoplasm, P-body:Cytoplasm, Stress granule",4
Cytoplasm:Vacuole,4
"Cytoplasm:Cell projection, axon:Cell projection, dendrite:Synapse:Mitochondrion",4
Mitochondrion outer membrane:Mitochondrion,4
"Endoplasmic reticulum:Cytoplasm, cytoskeleton:Cytoplasmic vesicle, autophagosome:Mitochondrion:Cytoplasm, cytosol:Nucleus:Cell junction, focal adhesion",4
Endoplasmic reticulum:Cytoplasm:Nucleus,4
"Secreted:Cell surface:Cell membrane:Secreted, extracellular space",4
"Nucleus:Cytoplasm:Cytoplasm, P-body",4
"Cytoplasmic vesicle, secretory vesicle, synaptic vesicle membrane:Synapse",4
"Cytoplasmic vesicle, secretory vesicle, synaptic vesicle membrane:Basolateral cell membrane:Endoplasmic reticulum membrane:Golgi apparatus membrane:Presynaptic cell membrane:Cell membrane",4
"Cell projection, rhabdomere",4
"Cytoplasm:Cytoplasm, cytoskeleton, microtubule organizing center, centrosome, centriolar satellite:Apical cell membrane:Dynein axonemal particle",4
Cell inner membrane:Cell membrane,4
"Endoplasmic reticulum membrane:Cytoplasmic vesicle, clathrin-coated vesicle membrane",4
"Cell membrane:Cell projection, dendrite:Cell projection, axon",4
"Nucleus:Cytoplasm, cytoskeleton, microtubule organizing center, centrosome:Cytoplasm, cytoskeleton, microtubule organizing center, centrosome, centriole",4
"Cytoplasm:Cytoplasm, cytosol:Cytoplasmic vesicle, autophagosome:Endoplasmic reticulum:Mitochondrion",4
"Plastid, chloroplast stroma:Mitochondrion matrix",4
"Cytoplasmic vesicle, secretory vesicle lumen:Secreted:Nucleus, nucleolus",4
"Endoplasmic reticulum membrane:Cytoplasm, cytosol:Nucleus:Chromosome",4
"Nucleus, PML body:Cytoplasm",4
Cell junction:Cell membrane:Cytoplasmic vesicle lumen,4
Early endosome membrane:Recycling endosome membrane,4
"Early endosome membrane:Late endosome membrane:Lysosome membrane:Cytoplasmic vesicle, autophagosome membrane:Mitochondrion:Cytoplasm, cytosol",4
"Endoplasmic reticulum membrane:Cytoplasmic vesicle, secretory vesicle membrane",4
"Plastid, chloroplast:Plastid, chloroplast stroma",4
"Cytoplasmic vesicle, secretory vesicle membrane:Cell membrane",4
"Cytoplasm, cytoskeleton, microtubule organizing center, centrosome:Membrane:Cytoplasm, cytoskeleton",4
"Nucleus:Cytoplasm, cytoskeleton, spindle:Cytoplasm, cytoskeleton, spindle pole",4
"Cytoplasm, cytoskeleton, microtubule organizing center, centrosome:Lysosome membrane",4
"Cytoplasm:Endoplasmic reticulum:Membrane:Cytoplasmic vesicle, COPII-coated vesicle membrane",4
Nucleus speckle:Nucleus:Chromosome,4
"Cell projection, cilium:Nucleus",4
"Cell membrane:Cell projection, microvillus",4
"Cytoplasm:Golgi apparatus, Golgi stack membrane:Cell membrane",4
"Cytoplasm:Golgi apparatus, Golgi stack:Cytoplasm, cytoskeleton:Synapse:Cell junction",4
"Cell projection, dendritic spine membrane:Synapse",4
Endoplasmic reticulum membrane:Apical cell membrane,4
Nucleus:Chromosome:Nucleus envelope:Cytoplasm,4
Recycling endosome:Cytoplasm,4
Nucleus:Chromosome:Nucleus speckle,4
"Cell membrane:Cell projection, ruffle membrane:Cleavage furrow",4
"Nucleus:Cytoplasm, Cytoplasmic ribonucleoprotein granule",4
"Chromosome, centromere, kinetochore:Nucleus, nuclear pore complex",4
"Recycling endosome membrane:Cell projection, dendritic spine:Postsynaptic density membrane",4
"Cell membrane:Cell projection, ruffle membrane:Cytoplasm:Membrane:Mitochondrion inner membrane:Mitochondrion intermembrane space",4
"Cell membrane:Cell projection, cilium, flagellum membrane",4
"Chromosome, centromere, kinetochore:Nucleus:Chromosome, centromere:Midbody:Cytoplasm, cytoskeleton, spindle",4
Endomembrane system:Cytoplasm:Nucleus,4
"Nucleus:Cytoplasm, Stress granule",4
"Chromosome, centromere:Chromosome, centromere, kinetochore",4
"Cell junction, tight junction:Cell junction, adherens junction",4
"Cell membrane:Cell projection, stereocilium",4
"Cytoplasm:Cytoplasm, perinuclear region:Cytoplasm, P-body",4
Cytoplasm:Endosome:Early endosome,4
"Cell membrane:Cell projection, cilium membrane",4
"Plastid, chloroplast:Membrane",4
"Nucleus, nucleolus:Chromosome, telomere:Cytoplasm, cytosol",4
Cell membrane:Cell surface:Membrane,4
"Cell junction, tight junction:Cytoplasm",4
"Cytoplasm:Cytoplasm, myofibril, sarcomere, A band:Cytoplasm, myofibril, sarcomere, I band",4
"Cell junction:Cytoplasm, cytoskeleton",4
"Cell membrane:Cytoplasm, cytoskeleton, microtubule organizing center, centrosome:Cytoplasm, cytosol:Cell junction",4
"Rough endoplasmic reticulum:Endoplasmic reticulum lumen:Endoplasmic reticulum membrane:Secreted:Secreted, extracellular space",4
"Cytoplasm:Cytoplasmic vesicle, clathrin-coated vesicle",4
Endoplasmic reticulum membrane:Golgi apparatus membrane:Nucleus membrane,4
"Cytoplasm, cytoskeleton, spindle:Golgi apparatus",4
Preautophagosomal structure membrane:Lipid droplet:Endoplasmic reticulum membrane,4
"Secreted, cell wall:Cytoplasm",4
"Endoplasmic reticulum membrane:Golgi apparatus, Golgi stack membrane:Cytoplasm, cytosol",4
"Cell membrane:Cytoplasm, cytosol:Membrane",4
"Cytoplasmic vesicle, COPI-coated vesicle membrane:Endoplasmic reticulum membrane:Membrane",4
"Cell projection, cilium, photoreceptor outer segment:Photoreceptor inner segment",4
"Cytoplasm, cytoskeleton:Cell projection, ruffle membrane",4
"Cytoplasm:Cytoplasm, cytoskeleton, microtubule organizing center, centrosome:Cytoplasm, perinuclear region:Golgi apparatus",4
"Secreted, cell wall:Secreted",4
"Nucleus:Cytoplasm, perinuclear region:Cytoplasm, cytoskeleton, microtubule organizing center, centrosome, centriole",4
Cytoplasmic vesicle membrane:Synapse,4
"Cytoplasmic vesicle, secretory vesicle membrane:Golgi apparatus membrane",4
"Endoplasmic reticulum membrane:Golgi apparatus, trans-Golgi network membrane",4
"Cytoplasmic vesicle membrane:Secreted, extracellular space, extracellular matrix",4
"Cytoplasm:Cytoplasm, cytoskeleton, microtubule organizing center, centrosome:Cytoplasm, cytoskeleton, spindle pole",4
"Cytoplasm, cytoskeleton:Cell projection, stereocilium",4
"Endoplasmic reticulum membrane:Lipid droplet:Cytoplasm, perinuclear region",4
"Cytoplasm:Cytoplasm, cytoskeleton, microtubule organizing center, centrosome, centriole:Cytoplasm, cytoskeleton, microtubule organizing center, centrosome:Cleavage furrow:Midbody, Midbody ring",4
"Secreted, extracellular space, extracellular matrix, basement membrane:Melanosome",4
"Cytoplasm, cytoskeleton:Cell projection, podosome",4
Sarcoplasmic reticulum membrane:Nucleus membrane,4
Nucleus speckle:Cytoplasm:Nucleus,4
"Cell membrane:Cytoplasmic vesicle, secretory vesicle membrane:Cytoplasm",4
"Endoplasmic reticulum membrane:Endoplasmic reticulum-Golgi intermediate compartment membrane:Golgi apparatus, cis-Golgi network membrane:Membrane",4
Cytoplasm:Endoplasmic reticulum:Membrane,4
"Endoplasmic reticulum membrane:Endosome:Lysosome:Cytoplasmic vesicle, phagosome",4
Nucleus speckle:Cytoplasm:Endoplasmic reticulum,4
"Cytoplasm:Golgi apparatus, trans-Golgi network membrane:Endosome membrane",4
"Nucleus:Cytoplasm, cytosol:Endoplasmic reticulum membrane",4
"Cell membrane:Cell projection, axon:Cell projection, dendrite:Perikaryon",4
"Cell projection, cilium:Cytoplasm, cytoskeleton, microtubule organizing center, centrosome",4
"Cell membrane:Cytoplasm, cytoskeleton:Cytoplasm",4
"Cytoplasm:Cytoplasm, cytoskeleton:Cell projection, cilium, flagellum:Cytoplasm, cytoskeleton, cilium axoneme:Cytoplasm, cytoskeleton, cilium basal body:Golgi apparatus:Cell projection, cilium:Cytoplasm, cytoskeleton, flagellum axoneme",4
"Cytoplasm:Cytoplasm, cytoskeleton:Cell projection, cilium, flagellum",4
"Cytoplasmic vesicle, COPII-coated vesicle",4
Cytoplasm:Golgi apparatus:Membrane,4
"Cell projection, cilium:Cytoplasm, cytoskeleton, cilium basal body:Cytoplasm, cytoskeleton, cilium axoneme",4
"Cell membrane:Cytoplasm, cytoskeleton:Membrane",4
"Cytoplasm:Cytoplasm, cytoskeleton:Cell membrane:Cell projection, lamellipodium",4
"Plastid, chloroplast outer membrane:Cytoplasm",4
"Cell membrane:Cytoplasm, cytosol:Cell junction",4
"Nucleus membrane:Nucleus speckle:Cytoplasm:Nucleus, PML body:Cell membrane:Nucleus",4
"Cytoplasm, cytoskeleton, spindle:Midbody:Nucleus",4
"Nucleus:Cell junction, desmosome:Cell junction:Cytoplasm",4
"Endoplasmic reticulum membrane:Golgi apparatus membrane:Cytoplasmic vesicle, COPII-coated vesicle membrane",4
"Cell membrane:Cytoplasmic vesicle membrane:Cell junction, tight junction:Golgi apparatus, trans-Golgi network membrane:Recycling endosome membrane:Cell projection, lamellipodium",4
Mitochondrion inner membrane:Mitochondrion membrane,4
Cell membrane:Apical cell membrane:Cytoplasm,4
"Cytoplasm, cytosol:Nucleus:Mitochondrion",4
"Cytoplasm:Nucleus:Cytoplasmic vesicle, secretory vesicle, synaptic vesicle",4
"Cytoplasm, cytosol:Nucleus:Cytoplasm, cytoskeleton, spindle:Midbody",4
Nucleus:Endomembrane system:Mitochondrion outer membrane,4
"Cytoplasm, cytosol:Nucleus:Cytoplasm, cytoskeleton",4
"Membrane:Cell projection, dendrite",4
"Golgi apparatus, trans-Golgi network membrane:Endosome membrane:Early endosome membrane",4
"Cytoplasm:Nucleus:Cytoplasmic granule:Secreted:Secreted, extracellular exosome:Cytoplasm, P-body",4
"Cytoplasm, cytosol:Cell membrane:Cell membrane, sarcolemma",4
"Cytoplasm, cytosol:Nucleus, nucleoplasm",4
"Cytoplasm, cytosol:Nucleus outer membrane:Nucleus, nuclear pore complex:Nucleus inner membrane:Nucleus, nucleoplasm",4
"Nucleus:Nucleus, nucleolus:Nucleus speckle:Endoplasmic reticulum:Cytoplasm:Mitochondrion",4
Membrane:Cell membrane:Cytoplasm,4
"Nucleus:Golgi apparatus, trans-Golgi network",4
"Golgi apparatus, trans-Golgi network membrane:Membrane:Prevacuolar compartment membrane",4
"Membrane:Cell junction, adherens junction",4
"Cytoplasm, cytosol:Mitochondrion outer membrane",4
"Cell membrane:Membrane:Perikaryon:Cell projection, dendrite:Nucleus",4
"Cell membrane:Golgi apparatus membrane:Golgi apparatus, trans-Golgi network membrane:Recycling endosome membrane:Cytoplasmic vesicle, secretory vesicle, synaptic vesicle membrane",4
Spore membrane:Vacuole membrane:Ascus epiplasm:Cytoplasm:Spore membrane:Vacuole membrane:Endoplasmic reticulum membrane,4
"Cytoplasm, cytosol:Mitochondrion inner membrane:Mitochondrion outer membrane",4
"Golgi apparatus, trans-Golgi network:Recycling endosome",4
Nucleus:Mitochondrion inner membrane,4
Cell membrane:Membrane:Microsome,4
"Membrane, clathrin-coated pit:Cytoplasmic vesicle, clathrin-coated vesicle:Nucleus",4
"Cytoplasm, cytosol:Nucleus:Nucleus speckle",4
"Cytoplasm, cytosol:Nucleus:Nucleus, nucleolus",4
"Nucleus:Cytoplasm:Nucleus, nuclear pore complex",4
"Cytoplasm, cytosol:Nucleus:Secreted, extracellular exosome",4
Secreted:Host membrane,4
Membrane:Golgi apparatus membrane,4
"Cytoplasm, cytoskeleton, cilium axoneme:Cell projection, cilium, photoreceptor outer segment",4
Cell membrane:Endoplasmic reticulum:Endoplasmic reticulum membrane,4
"Secreted:Lysosome:Cytoplasmic vesicle, secretory vesicle, acrosome",4
Membrane:Endoplasmic reticulum:Mitochondrion,4
"Cytoplasm, myofibril, sarcomere, A band",4
"Apical cell membrane:Cytoplasmic vesicle, phagosome membrane:Cell membrane",4
"Golgi apparatus, Golgi stack membrane:Cytoplasm:Endoplasmic reticulum",4
"Golgi apparatus, Golgi stack membrane:Endosome membrane:Endoplasmic reticulum membrane:Nucleus membrane:Cell membrane:Lysosome membrane",4
Cytoplasm:Nucleus:Lysosome membrane:Early endosome membrane:Late endosome membrane:Endosome membrane:Cell membrane:Golgi apparatus membrane,4
"Cytoplasm, cytoskeleton, microtubule organizing center, centrosome, centriole:Cytoplasm, cytoskeleton, spindle pole:Cytoplasm, cytoskeleton, cilium basal body",4
"Cytoplasm:Nucleus, nuclear pore complex:Nucleus membrane",4
"Cell membrane:Cell junction, desmosome:Cytoplasm:Nucleus",4
"Cytoplasm, cytoskeleton:Nucleus:Cytoplasm",4
Cytoplasm:Nucleus:Endoplasmic reticulum membrane:Golgi apparatus,4
"Secreted:Secreted, extracellular space, extracellular matrix:Secreted, extracellular space, surface film",4
Cell membrane:Nucleus inner membrane,4
"Golgi apparatus, cis-Golgi network membrane:Endoplasmic reticulum-Golgi intermediate compartment membrane:Cytoplasm, cytoskeleton, spindle pole",4
Cell membrane:Myelin membrane,4
Nucleus:Endomembrane system,4
"Cytoplasm, cytoskeleton:Cytoplasm, cytosol:Mitochondrion:Nucleus",4
"Secreted:Synapse:Cell projection, axon:Cell projection, dendrite",4
"Cytoplasm, cytosol:Periplasm",4
Membrane:Cytoplasm:Early endosome membrane:Recycling endosome membrane,4
"Cytoplasm, cytosol:Membrane:Endosome:Late endosome membrane",4
"Cytoplasm, cytoskeleton, cilium basal body:Cell projection, cilium:Cytoplasm, cytoskeleton, microtubule organizing center, centrosome, centriole",4
"Membrane, caveola",4
Nucleus:Nucleus envelope,4
"Cytoplasm, cytosol:Endosome membrane",4
"Cytoplasm, cytosol:Endosome",4
Lateral cell membrane,4
"Vacuole membrane:Cell projection, cilium",4
"Lateral cell membrane:Cell junction, tight junction:Membrane:Cell membrane, sarcolemma:Membrane, caveola",4
"Vacuole membrane:Cytoplasm, cell cortex:Endoplasmic reticulum membrane:Cytoplasmic vesicle, autophagosome membrane",4
Lipid droplet:Cell membrane:Cytoplasm,4
Lipid droplet:Endoplasmic reticulum,4
Cell membrane:Basolateral cell membrane:Basal cell membrane,4
"Nucleus:Nucleus speckle:Cytoplasm, cytosol",4
"Nucleus:Nucleus, PML body:Cytoplasm",4
Vacuole:Membrane,4
"Cytoplasm, cytosol:Cytoplasmic vesicle, clathrin-coated vesicle",4
Lysosome lumen,4
Lysosome lumen:Secreted,4
Lysosome membrane:Late endosome,4
Cell membrane:Late endosome,4
"Lysosome membrane:Cell projection, axon",4
Cell membrane:Lysosome membrane:Apical cell membrane:Basolateral cell membrane,4
"Cytoplasm, cytoskeleton, flagellum basal body:Cytoplasm, cytoskeleton, flagellum axoneme",4
"Cytoplasm, cytosol:Cytoplasmic vesicle membrane:Golgi apparatus membrane",4
"Cytoplasm, cytoskeleton, flagellum axoneme:Cytoplasm, cytoskeleton, cilium axoneme:Dynein axonemal particle",4
Virion,4
Virion:Cell membrane,4
"Cytoplasm, cytoskeleton, flagellum basal body:Cell projection, cilium, flagellum:Cytoplasm, cytoskeleton, flagellum axoneme",4
"Cytoplasm, cytoskeleton, microtubule organizing center, centrosome, centriolar satellite:Cytoplasm, cytoskeleton",4
"Cell membrane:Membrane raft:Cell projection, neuron projection",4
"Cytoplasm, cytosol:Endosome:Late endosome membrane",4
"Cytoplasm:Nucleus:Cell junction, tight junction",4
"Cell membrane:Golgi apparatus membrane:Synapse:Perikaryon:Cell projection, dendrite:Cell projection, axon",4
Apical cell membrane:Cell membrane:Cytoplasmic vesicle membrane,4
"Cytoplasm:Nucleus:Cytoplasm, cytoskeleton:Cell projection, lamellipodium",4
"Cytoplasm, cytosol:Cell projection, cilium, flagellum",4
"Cytoplasm, cytosol:Lipid droplet",4
"Cytoplasm, cytosol:Late endosome membrane",4
Melanosome membrane:Melanosome,4
Synapse:Cytoplasm,4
"Cytoplasm:Nucleus:Cytoplasm, cytoskeleton, microtubule organizing center, spindle pole body",4
"Cytoplasm, cytosol:Cytoplasm, P-body",4
"Nucleus:Nucleus, nucleolus:Cytoplasm, cytosol",4
"Cytoplasm, cytosol:Golgi apparatus, trans-Golgi network membrane:Cell membrane:Endosome membrane:Nucleus outer membrane",4
Vacuole lumen:Cytoplasm,4
"Cytoplasm, cytosol:Golgi apparatus, trans-Golgi network",4
Host cytoplasm,4
Host membrane:Secreted,4
"Cytoplasm, cytosol:Golgi apparatus membrane:Endoplasmic reticulum membrane:Cell membrane:Early endosome membrane",4
"Cytoplasm:Nucleus:Cytoplasm, cytoskeleton, microtubule organizing center, centrosome:Midbody",4
"Late endosome membrane:Golgi apparatus, trans-Golgi network membrane",4
"Cytoplasm:Nucleus:Cytoplasm, cytoskeleton, actin patch",4
Late endosome membrane:Lysosome membrane:Cell membrane,4
"Late endosome membrane:Lysosome membrane:Cytoplasm, cytoskeleton, spindle",4
"Nucleus:Nucleus membrane:Cytoplasm, cytosol",4
"Late endosome membrane:Lysosome membrane:Cytoplasmic vesicle, phagosome membrane:Cell membrane",4
"Cytoplasm, cytoskeleton, cilium axoneme:Cell projection, cilium, flagellum",4
"Nucleus:Nucleus, nucleoplasm:Cytoplasm, perinuclear region:Cytoplasm",4
"Postsynaptic cell membrane:Endoplasmic reticulum membrane:Golgi apparatus membrane:Cell projection, dendrite",4
Cell membrane:Early endosome membrane:Melanosome,4
Cell membrane:Early endosome membrane:Recycling endosome membrane,4
"Golgi apparatus membrane:Cell membrane:Apical cell membrane:Membrane raft:Cytoplasm:Nucleus:Cytoplasm, perinuclear region",4
Cytoplasm:Microsome membrane:Mitochondrion membrane:Endoplasmic reticulum membrane,4
"Golgi apparatus membrane:Cell membrane:Cytoplasm, perinuclear region:Endoplasmic reticulum membrane:Endoplasmic reticulum-Golgi intermediate compartment membrane",4
Cytoplasm:Mitochondrion membrane,4
"Cytoplasm, cytoskeleton, microtubule organizing center, centrosome:Chromosome, centromere, kinetochore",4
Secreted:Endoplasmic reticulum:Golgi apparatus,4
Cell membrane:Endoplasmic reticulum membrane:Membrane:Membrane,4
Membrane:Mitochondrion inner membrane:Mitochondrion membrane,4
"Golgi apparatus membrane:Cytoplasm, cytoskeleton, spindle:Nucleus:Cytoplasm, cytoskeleton, microtubule organizing center, centrosome:Cytoplasm:Cell projection, cilium",4
"Perikaryon:Cell projection, axon:Cell projection, growth cone:Cytoplasm, cytoskeleton:Cell projection, filopodium:Cell projection, lamellipodium",4
Golgi apparatus membrane:Cytoplasmic vesicle membrane,4
"Cytoplasm, cytoskeleton, microtubule organizing center, centrosome:Cell projection, cilium:Cytoplasm, cytoskeleton, cilium basal body",4
"Golgi apparatus membrane:Cytoplasmic vesicle membrane:Cytoplasm:Cell projection, axon",4
"Cytoplasm:Nucleus:Nucleus, nuclear body",4
Golgi apparatus membrane:Cytoplasmic vesicle membrane:Presynaptic cell membrane,4
Cell membrane:Cell junction:Cytoplasmic vesicle lumen:Cytoplasm:Lysosome,4
"Cytoplasm:Cell junction, plasmodesma",4
"Golgi apparatus membrane:Cytoplasmic vesicle, secretory vesicle membrane",4
"Membrane:Secreted, cell wall",4
Cytoplasm:Bud neck,4
Membrane:Postsynaptic density membrane,4
Membrane:Postsynaptic cell membrane,4
"Cytoplasm, cytoskeleton:Cytoplasm:Cytoplasm, cytoskeleton, spindle pole:Cytoplasm, cytoskeleton, spindle",4
Nucleus:Cytoplasm:Endosome,4
"Endosome:Cytoplasm, cytoskeleton, microtubule organizing center, centrosome",4
"Endosome, multivesicular body:Cytoplasmic vesicle, autophagosome",4
"Cytoplasm, sarcoplasm",4
Membrane:Mitochondrion outer membrane:Peroxisome,4
Membrane:Secreted:Secreted,4
Secreted:Endoplasmic reticulum lumen,4
Peroxisome membrane:Cytoplasmic vesicle:Endoplasmic reticulum membrane,4
Endosome membrane:Microsome membrane,4
Endosome membrane:Membrane:Preautophagosomal structure membrane:Vacuole membrane,4
"Membrane:Mitochondrion:Cytoplasm:Cytoplasm, cytoskeleton, microtubule organizing center, centrosome:Cytoplasm, cytoskeleton, spindle",4
"Perikaryon:Cell projection, axon:Cytoplasm:Cell junction, desmosome:Cell junction, adherens junction",4
Microsome membrane:Endoplasmic reticulum membrane:Nucleus envelope,4
Nucleus:Cytoplasm:Melanosome,4
"Cytoplasm, perinuclear region:Cell projection, lamellipodium:Golgi apparatus, trans-Golgi network",4
"Midbody, Midbody ring:Cell projection:Cytoplasm, cytoskeleton, microtubule organizing center, centrosome",4
Cytoplasm:Nucleus:Nucleus membrane,4
"Cytoplasm, cell cortex:Nucleus",4
Nucleus:Cytoplasm:Midbody,4
Cytoplasm:Cell membrane:Apical cell membrane:Basolateral cell membrane:Cell junction,4
Cell membrane:Perikaryon:Cell projection,4
"Cytoplasm, cytoskeleton:Cytoplasm, perinuclear region",4
Golgi apparatus membrane:Golgi apparatus membrane,4
Cytoplasm:Mitochondrion:Peroxisome,4
Golgi apparatus membrane:Endoplasmic reticulum,4
Nucleus:Synapse,4
"Cytoplasm, perinuclear region:Cell membrane:Cell projection, axon",4
"Cell membrane:Recycling endosome membrane:Cell projection, dendritic spine:Postsynaptic density membrane",4
Mitochondrion inner membrane:Golgi apparatus:Cell projection,4
Peroxisome:Cytoplasm,4
Nucleus:Cytoplasm:Mitochondrion outer membrane,4
Cell membrane:Apical cell membrane:Basolateral cell membrane:Endosome membrane:Cytoplasm,4
"Nucleus:Cytoplasm:Nucleus, Cajal body",4
"Golgi apparatus membrane:Cytoplasmic vesicle:Golgi apparatus, trans-Golgi network:Sarcoplasmic reticulum:Mitochondrion",4
Mitochondrion inner membrane:Mitochondrion matrix:Cytoplasm,4
Postsynapse:Presynapse,3
"Cytoplasm:Midbody, Midbody ring:Cleavage furrow",3
Cytoplasm:Endomembrane system:Golgi apparatus membrane:Lysosome membrane,3
Cytoplasm:Membrane:Endosome,3
"Cytoplasm:Endoplasmic reticulum:Nucleus, nucleolus",3
"Cytoplasm:Nucleus:Cell membrane:Cytoplasm, perinuclear region",3
Photoreceptor inner segment membrane:Photoreceptor outer segment membrane,3
"Cytoplasm:Nucleus:Cell membrane:Cell junction, focal adhesion",3
"Cytoplasm:Midbody:Cytoplasm, cytoskeleton, microtubule organizing center, centrosome:Cytoplasm, cytoskeleton, spindle pole:Cytoplasm, cytoskeleton, spindle",3
Cytoplasm:Membrane:Early endosome:Presynapse,3
"Postsynapse:Presynapse:Cell projection, axon:Cell projection, dendritic spine:Cell projection, dendrite:Cytoplasm",3
"Peroxisome matrix:Cytoplasm, cytosol:Presynaptic active zone:Secreted",3
Postsynaptic cell membrane:Cell membrane:Endoplasmic reticulum:Golgi apparatus,3
"Cytoplasm:Endosome membrane:Cytoplasm, cytoskeleton, microtubule organizing center, centrosome",3
"Cytoplasm:Membrane:Preautophagosomal structure membrane:Cytoplasm, perinuclear region",3
"Plastid, chloroplast:Peroxisome",3
"Nucleus:Nucleus, nucleolus:Chromosome, telomere:Chromosome, centromere, kinetochore",3
"Cytoplasm:Membrane:Nucleus:Synapse:Secreted:Cell projection, axon",3
Cytoplasm:Mitochondrion inner membrane,3
"Cytoplasm:Endomembrane system:Cell projection, invadopodium:Perikaryon:Cell projection:Cell projection, growth cone:Cell projection, filopodium:Cell projection, lamellipodium",3
Cytoplasm:Membrane:Nucleus:Mitochondrion,3
"Postsynaptic cell membrane:Cell membrane:Cytoplasmic vesicle membrane:Cell projection, dendrite",3
Peroxisome:Glyoxysome,3
Peroxisome membrane:Mitochondrion membrane:Lysosome membrane:Endoplasmic reticulum membrane,3
Cytoplasm:Endoplasmic reticulum membrane:Nucleus,3
Cytoplasm:Endoplasmic reticulum membrane:Cell membrane,3
"Photoreceptor inner segment:Cell projection, cilium, photoreceptor outer segment",3
"Postsynaptic cell membrane:Cell projection, dendritic spine membrane:Cell membrane",3
Cytoplasm:Membrane:Late endosome:Recycling endosome:Lysosome,3
Cytoplasm:Microsome,3
"Nucleus:Nucleus, nuclear body",3
"Cytoplasm:Nucleus:Cell membrane:Membrane, clathrin-coated pit:Cytoplasmic vesicle",3
Peroxisome:Mitochondrion membrane,3
"Postsynaptic cell membrane:Cell membrane:Cell projection, dendrite:Cytoplasmic vesicle membrane",3
"Cytoplasm:Membrane:Golgi apparatus:Golgi apparatus, trans-Golgi network",3
"Cytoplasm:Membrane:Cytoplasm, perinuclear region:Endoplasmic reticulum",3
Cytoplasm:Endoplasmic reticulum lumen,3
"Nucleus:Nucleus, nucleolus:Chromosome, centromere:Cytoplasm:Cell projection, axon:Cell projection, dendrite:Cell projection, filopodium",3
"Cytoplasm:Membrane:Golgi apparatus:Cytoplasm, perinuclear region:Golgi apparatus, trans-Golgi network:Endosome:Cytoplasm, cytoskeleton, microtubule organizing center, centrosome:Cell projection, dendrite:Cytoplasmic vesicle:Synapse:Cytoplasm, cytoskeleton",3
Cytoplasm:Endoplasmic reticulum membrane:Nucleus envelope,3
Cytoplasm:Membrane:Secreted,3
Peroxisome membrane:Peroxisome,3
"Postsynaptic cell membrane:Cell membrane:Cytoplasm, cytosol:Cytoplasm, cytoskeleton:Cell projection, dendrite:Postsynaptic density",3
Postsynaptic cell membrane:Cell membrane:Cell membrane,3
Cytoplasm:Membrane:Presynaptic cell membrane,3
"Cytoplasm:Nucleus:Cell membrane:Membrane, clathrin-coated pit:Cell projection, pseudopodium:Cytoplasmic vesicle",3
"Cytoplasm:Endoplasmic reticulum membrane:Chromosome, centromere, kinetochore:Cytoplasm, cytoskeleton, spindle:Lipid droplet",3
Cytoplasm:Membrane:Endosome:Nucleus,3
Cytoplasm:Nucleus:Cell membrane:Early endosome,3
Cytoplasm:Membrane:Cytoplasmic vesicle membrane,3
"Cytoplasm:Nucleus matrix:Nucleus membrane:Cytoplasm, perinuclear region:Cytoplasm, cytosol:Nucleus envelope:Nucleus intermembrane space",3
Cytoplasm:Endosome membrane:Nucleus:Late endosome membrane,3
Cytoplasm:Mitochondrion:Cell membrane,3
"Nucleus:Nucleus, nucleoplasm:Cytoplasm, perinuclear region:Cytoplasm, cytoskeleton",3
"Cytoplasm:Mitochondrion:Mitochondrion matrix, mitochondrion nucleoid",3
Cytoplasm:Mitochondrion:Golgi apparatus,3
"Cytoplasm:Melanosome:Cytoplasm, cytoskeleton, microtubule organizing center, centrosome:Cytoplasm, cytoskeleton, cilium basal body",3
Cytoplasm:Golgi apparatus:Endoplasmic reticulum,3
"Cytoplasm:Golgi apparatus:Cytoplasmic vesicle:Cell projection, growth cone:Cell projection, axon:Cell projection, dendrite:Cytoplasm, perinuclear region",3
"Cytoplasm:Melanosome:Nucleus, nucleolus:Cell membrane:Lysosome membrane",3
"Plastid stroma:Plastid, chloroplast stroma, chloroplast nucleoid",3
Cytoplasm:Golgi apparatus:Cytoplasmic vesicle membrane,3
"Cytoplasm:Nucleus, nucleolus:Nucleus, nucleoplasm:Cell membrane:Nucleus speckle",3
Cytoplasm:Melanosome:Nucleus:Endoplasmic reticulum,3
"Cytoplasm:Golgi apparatus, trans-Golgi network membrane",3
"Photoreceptor outer segment membrane:Photoreceptor inner segment membrane:Secreted, extracellular space, extracellular matrix, interphotoreceptor matrix",3
"Nucleus:Nucleus, nucleoplasm:Chromosome:Cytoplasm, cytoskeleton, spindle pole",3
"Plastid, chloroplast membrane:Plastid, chloroplast, plastoglobule",3
Cytoplasm:Lysosome:Secreted,3
"Cytoplasm:Golgi apparatus, Golgi stack membrane:Endoplasmic reticulum membrane:Lipid droplet:Cleavage furrow:Midbody",3
Nucleus:Presynapse:Postsynapse,3
"Cytoplasm:Nucleus, Cajal body:Nucleus, nucleolus",3
"Plastid, chloroplast intermembrane space",3
Cytoplasm:Nucleus envelope:Secreted,3
Cytoplasm:Lipid droplet:Endoplasmic reticulum,3
"Cytoplasm:Late endosome:Synapse, synaptosome:Cell membrane:Cytoplasm, cytoskeleton, microtubule organizing center, centrosome:Cell projection, cilium:Cytoplasm, cytoskeleton, microtubule organizing center, centrosome, centriole:Photoreceptor inner segment:Cell projection, cilium, photoreceptor outer segment",3
Cytoplasm:Late endosome:Lysosome,3
Nucleus:Nucleus:Cell membrane,3
"Cytoplasm:Nucleus, nucleolus:Cytoplasm",3
Nucleus:Secreted:Mitochondrion membrane,3
"Cytoplasm:Mitochondrion:Synapse, synaptosome",3
"Cytoplasm:Mitochondrion:Preautophagosomal structure:Cytoplasmic vesicle, autophagosome",3
"Nucleus:Nucleus, nucleoplasm:Nucleus, nucleolus:Cytoplasm:Cytoplasm, cytoskeleton, microtubule organizing center, centrosome",3
Cytoplasm:Lysosome:Nucleus,3
"Nucleus:Nucleus, nucleoplasm:Nucleus speckle:Cytoplasm",3
"Nucleus:Nucleus, nucleolus:Nucleus, nucleoplasm:Nucleus, PML body",3
Cytoplasm:Golgi apparatus membrane:Prevacuolar compartment membrane,3
Cytoplasm:Nucleus:Cell junction,3
"Plastid, chloroplast thylakoid membrane:Plastid, chloroplast stroma",3
Nucleus:Nucleus:Nucleus,3
"Cytoplasm:Membrane:Cell projection, growth cone",3
"Plastid, chloroplast thylakoid membrane:Plastid, chloroplast envelope:Plastid, chloroplast stroma",3
Cytoplasm:Endosome:Nucleus,3
"Cytoplasm:Membrane:Cytoplasm, cytoskeleton",3
Cytoplasm:Endosome:Late endosome:Membrane:Nucleus,3
Photoreceptor outer segment membrane,3
"Cytoplasm:Nucleus, nucleoplasm:Nucleus, Cajal body",3
"Cytoplasm:Mitochondrion inner membrane:Cell projection, cilium, flagellum:Cytoplasmic vesicle, secretory vesicle, acrosome",3
Photoreceptor inner segment:Cytoplasm:Nucleus,3
Cytoplasm:Endosome:Cell junction:Membrane:Cytoplasm,3
"Cytoplasm:Nucleus, nucleoplasm:Nucleus, Cajal body:Nucleus, nucleolus",3
"Cytoplasm:Nucleus, nucleoplasm:Nucleus:Nucleus, nucleolus",3
Cytoplasm:Nucleus:Bud neck,3
"Plastid, chloroplast stroma:Plastid, amyloplast",3
"Cytoplasm:Nucleus, nucleoplasm:Nucleus matrix:Cell membrane:Cytoplasm, cytoskeleton",3
"Nucleus:Nucleus, nucleolus:Nucleus, nucleoplasm:Nucleus speckle",3
Cytoplasm:Mitochondrion matrix:Peroxisome:Peroxisome matrix,3
Cytoplasm:Golgi apparatus membrane:Nucleus envelope,3
"Cytoplasm:Nucleus, nucleoplasm:Cell projection, podosome",3
"Plastid, chloroplast outer membrane:Plastid, chloroplast stroma",3
"Cytoplasm:Golgi apparatus membrane:Mitochondrion outer membrane:Cytoplasmic vesicle, autophagosome membrane:Midbody",3
"Cytoplasm:Nucleus, nucleoplasm:Nucleus envelope",3
"Cytoplasm:Golgi apparatus membrane:Golgi apparatus, trans-Golgi network membrane",3
"Cytoplasm:Golgi apparatus membrane:Cytoplasmic vesicle, autophagosome membrane:Cell projection, cilium membrane",3
"Peroxisome matrix:Cytoplasm, cytosol",3
"Plastid, chloroplast stroma:Nucleus",3
"Plastid, chloroplast stroma:Plastid",3
"Cytoplasm:Mitochondrion intermembrane space:Cytoplasm, cytoskeleton, microtubule organizing center, centrosome:Nucleus:Cytoplasm, cytoskeleton, spindle:Cytoplasm, cytoskeleton, cilium basal body",3
"Cytoplasm:Membrane:Cell membrane:Cell projection, axon:Synapse, synaptosome:Cytoplasm, cytoskeleton",3
Periplasm:Cytoplasm,3
"Nucleus:Nucleus, nucleolus:Nucleus speckle:Chromosome",3
"Cytoplasm:Membrane:Cell projection, filopodium:Cell projection, ruffle:Cytoplasm, cytoskeleton",3
Lysosome membrane:Endosome membrane,3
Cytoplasm:Early endosome:Recycling endosome:Cytoplasmic vesicle,3
Secreted:Endoplasmic reticulum:Lysosome,3
"Cytoplasm, perinuclear region:Nucleus:Endoplasmic reticulum-Golgi intermediate compartment:Cytoplasm",3
"Cytoplasm, perinuclear region:Nucleus:Cytoplasm, myofibril, sarcomere, Z line",3
"Cytoplasm, perinuclear region:Nucleus:Cell projection, axon:Cytoplasm:Cytoplasmic vesicle, secretory vesicle, synaptic vesicle",3
"Cytoplasm, perinuclear region:Nucleus:Cell membrane",3
Secreted:Endoplasmic reticulum lumen:Sarcoplasmic reticulum lumen,3
"Secreted:Endoplasmic reticulum:Cytoplasm, cytosol:Cell membrane:Nucleus membrane:Mitochondrion inner membrane:Secreted, extracellular space, extracellular matrix:Secreted",3
"Cytoplasm, perinuclear region:Membrane:Membrane:Postsynaptic density:Synapse, synaptosome:Cytoplasm, cytoskeleton",3
"Cytoplasm, perinuclear region:Membrane:Golgi apparatus, Golgi stack membrane",3
"Cytoplasm, perinuclear region:Membrane",3
Secreted:Endoplasmic reticulum:Golgi apparatus:Endosome,3
"Cytoplasm, perinuclear region:Lysosome",3
"Cytoplasm, perinuclear region:Golgi apparatus:Nucleus",3
"Cytoplasm, perinuclear region:Golgi apparatus:Golgi apparatus, trans-Golgi network:Cytoplasmic vesicle, autophagosome:Cytoplasmic vesicle:Recycling endosome",3
"Cytoplasm, perinuclear region:Golgi apparatus, trans-Golgi network:Cell junction, focal adhesion:Cytoplasmic vesicle, clathrin-coated vesicle",3
Secreted:Endosome lumen,3
"Cytoplasm:Cell membrane:Postsynaptic density:Synapse:Cell projection, stereocilium",3
"Cytoplasm, perinuclear region:Endoplasmic reticulum membrane:Nucleus membrane",3
"Cytoplasm, perinuclear region:Endoplasmic reticulum membrane:Golgi apparatus membrane:Late endosome membrane",3
"Cytoplasm, perinuclear region:Cytoplasm, cytosol:Cell membrane",3
"Cytoplasm, perinuclear region:Cytoplasm, cytoskeleton:Perikaryon",3
"Cytoplasm, perinuclear region:Cytoplasm, cytoskeleton, spindle",3
"Cytoplasm, perinuclear region:Cytoplasm, cytoskeleton, microtubule organizing center, centrosome:Cytoplasm, cytoskeleton, spindle",3
"Cytoplasm, perinuclear region:Cytoplasm, cytoskeleton, microtubule organizing center, centrosome",3
"Secreted:Golgi apparatus, trans-Golgi network",3
"Cytoplasm, perinuclear region:Cell membrane:Synapse, synaptosome:Photoreceptor inner segment",3
"Cytoplasm, perinuclear region:Cell membrane:Postsynaptic cell membrane",3
"Cytoplasm, perinuclear region:Cell membrane",3
"Secreted:Golgi apparatus:Cytoplasmic vesicle:Secreted, extracellular space:Secreted, extracellular space, extracellular matrix:Secreted, extracellular exosome:Mitochondrion:Mitochondrion intermembrane space:Mitochondrion inner membrane:Mitochondrion outer membrane:Rough endoplasmic reticulum:Cell projection:Cell projection, cilium:Secreted:Endoplasmic reticulum",3
Secreted:Host cell membrane,3
"Cytoplasm, myofibril:Cytoplasm, myofibril, sarcomere",3
"Cytoplasm, perinuclear region:Nucleus:Golgi apparatus, trans-Golgi network:Cell projection, axon:Cell projection, dendrite",3
Secreted:Endomembrane system,3
"Secreted:Early endosome:Late endosome:Golgi apparatus, trans-Golgi network",3
Secreted:Early endosome,3
"Cytoplasm:Cell membrane:Nucleus:Membrane, clathrin-coated pit",3
Cytoplasm:Cell membrane:Nucleus membrane:Endoplasmic reticulum,3
Cytoplasm:Cell membrane:Mitochondrion:Nucleus,3
"Cytoplasm:Cell membrane:Mitochondrion:Cell projection, pseudopodium",3
Cytoplasm:Cell membrane:Mitochondrion membrane:Nucleus,3
"Secreted:Cytoplasm:Cell junction, gap junction",3
Cytoplasm:Cell membrane:Membrane:Nucleus,3
Cytoplasm:Cell membrane:Membrane raft,3
"Secreted:Cytoplasm:Cell membrane:Synapse, synaptosome:Membrane raft:Cell projection, dendrite:Perikaryon",3
Cytoplasm:Cell membrane:Lysosome:Endosome:Early endosome,3
Secreted:Cytoplasm:Cell surface:Synapse,3
Cytoplasm:Cell membrane:Endoplasmic reticulum:Golgi apparatus:Nucleus,3
"Cytoplasm:Cell membrane:Endoplasmic reticulum membrane:Golgi apparatus membrane:Synapse:Postsynaptic density:Cytoplasm, cytoskeleton, microtubule organizing center, centrosome",3
Secreted:Cytoplasm:Cytolytic granule:Early endosome,3
Secreted:Cytoplasmic granule lumen:Cytoplasmic vesicle lumen,3
"Cytoplasm:Cell membrane:Cell projection, filopodium:Cell projection, ruffle:Late endosome:Cytoplasm, myofibril, sarcomere",3
"Cytoplasm:Cell membrane:Cell projection, dendritic spine:Postsynaptic density:Synapse",3
"Cytoplasm:Cell membrane:Cell membrane, sarcolemma:Cytoplasm, myofibril, sarcomere, Z line:Cell projection, dendritic spine",3
"Cytoplasm:Cell membrane:Cell junction:Cell projection, lamellipodium",3
"Secreted:Cytoplasmic vesicle, secretory vesicle lumen:Cell projection, neuron projection",3
"Cytoplasm:Cell membrane, sarcolemma:Cell membrane, sarcolemma, T-tubule",3
"Cytoplasm:Cell junction, tight junction",3
"Secreted:Cytoplasmic vesicle, secretory vesicle lumen:Perikaryon",3
"Cytoplasm:Cell junction, focal adhesion:Membrane",3
"Cytoplasm:Cell junction, focal adhesion:Cell projection, lamellipodium:Cell membrane:Cell projection, ruffle membrane:Cell projection, invadopodium:Nucleus, nucleoplasm:Chromosome:Cytoplasm, cytoskeleton, microtubule organizing center, centrosome",3
"Secreted:Cytoplasmic vesicle, secretory vesicle, acrosome:Cell projection, cilium, flagellum",3
"Cytoplasm:Cell junction, adherens junction:Cell membrane:Photoreceptor inner segment",3
"Secreted:Cytoplasmic vesicle, secretory vesicle, neuronal dense core vesicle",3
"Secreted:Cytoplasmic vesicle, secretory vesicle:Endoplasmic reticulum",3
"Cytoplasm, myofibril, sarcomere:Cytoplasm, myofibril:Cytoplasm, myofibril, sarcomere, M line:Cytoplasm, cytoskeleton",3
"Secreted:Host cytoplasm, host cytosol",3
Secreted:Host cytoplasm:Host cell membrane,3
"Cytoplasm, cytosol:Membrane:Endoplasmic reticulum membrane:Nucleus",3
"Cytoplasm, cytosol:Membrane, caveola",3
"Cytoplasm, cytosol:Melanosome:Cytoplasm, cytoskeleton, microtubule organizing center, centrosome:Secreted, extracellular exosome:Cell junction, tight junction:Midbody, Midbody ring",3
"Cytoplasm, cytosol:Lysosome:Cytoplasmic vesicle, secretory vesicle:Cell projection, axon:Cell membrane:Presynapse:Postsynapse",3
"Cytoplasm, cytosol:Late endosome membrane:Midbody, Midbody ring",3
"Synapse:Cell projection, dendrite:Postsynaptic density",3
"Cytoplasm, cytosol:Inflammasome:Cytoplasm, cytoskeleton, microtubule organizing center:Golgi apparatus membrane:Endoplasmic reticulum:Mitochondrion:Secreted:Nucleus",3
"Synapse:Cytoplasmic vesicle, secretory vesicle, neuronal dense core vesicle membrane",3
"Cytoplasm, cytosol:Golgi apparatus:Endomembrane system:Mitochondrion outer membrane:Peroxisome:Membrane, clathrin-coated pit:Cytoplasmic vesicle, secretory vesicle, synaptic vesicle membrane",3
"Cytoplasm, cytosol:Golgi apparatus:Cytoplasm, cytoskeleton, microtubule organizing center, centrosome, centriole",3
"Cytoplasm, cytosol:Golgi apparatus, trans-Golgi network:Cytoplasm, cytoskeleton:Golgi apparatus:Nucleus",3
"Synapse:Golgi apparatus:Presynapse:Cytoplasmic vesicle, secretory vesicle, synaptic vesicle",3
"Cytoplasm, cytosol:Golgi apparatus membrane:Cytoplasmic vesicle, secretory vesicle membrane:Cytoplasmic vesicle, secretory vesicle, synaptic vesicle membrane",3
"Synapse:Postsynaptic density:Cell projection, dendritic spine:Cell projection, dendrite:Cytoplasm, cytoskeleton",3
Synapse:Synaptic cleft,3
Synaptic cell membrane,3
Vacuole lumen,3
Vacuole membrane:Cell membrane,3
"Cytoplasm, cytosol:Endosome membrane:Midbody",3
"Cytoplasm, cytosol:Endosome membrane:Cell projection, dendrite:Postsynapse",3
"Cytoplasm, cytosol:Endoplasmic reticulum:Nucleus, nucleoplasm",3
Vacuole membrane:Cytoplasm,3
Vacuole membrane:Endosome membrane,3
"Cytoplasm, cytosol:Early endosome membrane",3
"Cytoplasm, cytosol:Early endosome",3
"Cytoplasm, cytosol:Cytoplasmic vesicle:Presynaptic cell membrane:Golgi apparatus membrane",3
Vacuole:Secreted,3
"Cytoplasm, cytosol:Cytoplasmic vesicle membrane:Cytoplasm, cytoskeleton, cilium basal body",3
"Vacuole:Secreted, extracellular space:Secreted, cell wall",3
Zymogen granule membrane:Secreted:Cell membrane:Apical cell membrane:Membrane raft:Endosome,3
"Cytoplasm, cytosol:Membrane:Cytoplasmic vesicle, secretory vesicle, chromaffin granule membrane:Melanosome:Cell membrane",3
"Symbiosome, peribacteroid membrane:Symbiosome, peribacteroid space",3
"Cytoplasm, myofibril, sarcomere, Z line:Cytoplasm:Cell membrane, sarcolemma:Nucleus:Cell tip:Nucleus envelope",3
"Cytoplasm, cytosol:Microsome:Mitochondrion:Cell membrane",3
Secreted:Host cytoplasm:Host nucleus,3
Secreted:Lysosome lumen:Endoplasmic reticulum lumen:Mitochondrion intermembrane space,3
"Cytoplasm, myofibril, sarcomere, A band:Cytoplasm, myofibril, sarcomere, Z line",3
Secreted:Nucleus:Cytoplasm,3
Secreted:Postsynaptic cell membrane,3
"Cytoplasm, cytosol:Secreted:Nucleus:Cytoplasmic granule:Cell membrane",3
Secreted:Postsynaptic cell membrane:Presynaptic cell membrane:Nucleus,3
"Cytoplasm, cytosol:Secreted:Lysosome:Secreted, extracellular exosome",3
"Cytoplasm, cytosol:Secreted, extracellular exosome",3
"Cytoplasm, cytosol:Secreted",3
"Cytoplasm, cytosol:Sarcoplasmic reticulum membrane",3
"Cytoplasm, cytosol:Presynapse:Nucleus:Perikaryon",3
"Cytoplasm, cytosol:Preautophagosomal structure membrane:Endosome membrane",3
"Cytoplasm, cytosol:Peroxisome membrane:Cell projection, cilium, photoreceptor outer segment",3
"Secreted:Secreted, extracellular space:Secreted, extracellular space, extracellular matrix:Extracellular vesicle:Endosome, multivesicular body",3
Secreted:Secreted:Secreted:Secreted:Secreted:Perikaryon:Cell projection:Secreted,3
Secreted:Synapse:Membrane:Nucleus:Cytoplasm,3
"Cytoplasm, cytosol:Nucleus:Endoplasmic reticulum:Mitochondrion:Mitochondrion outer membrane:Cell projection, neuron projection:Postsynaptic density:Presynapse",3
"Cytoplasm, cytosol:Nucleus:Cytoplasm, perinuclear region:Cytoplasmic vesicle, secretory vesicle, synaptic vesicle",3
Secreted:Target cell membrane,3
Secreted:Vesicle,3
"Secreted:Zymogen granule membrane:Cell projection, neuron projection",3
"Cytoplasm, cytosol:Nucleus:Chromosome",3
"Cytoplasm, cytosol:Nucleus, nucleolus",3
Secreted:Zymogen granule:Nucleus envelope,3
"Cytoplasm, cytosol:Mitochondrion:Nucleus",3
"Cytoplasm, cytosol:Mitochondrion:Cell membrane",3
Smooth endoplasmic reticulum membrane:Golgi apparatus membrane:Cell membrane:Membrane,3
"Cytoplasm, cytosol:Microsome:Nucleus",3
Cytoplasm:Cell membrane:Postsynapse:Presynapse,3
Cytoplasm:Cell membrane:Presynaptic cell membrane:Presynaptic active zone,3
"Cytoplasm:Early endosome:Golgi apparatus, trans-Golgi network:Cell projection, dendrite",3
"Cytoplasm:Cytoplasm, perinuclear region:Cell projection, growth cone",3
"Cytoplasm:Cytoplasm, perinuclear region:Nucleus:Nucleus speckle:Cytoplasm, Stress granule:Cytoplasm, Cytoplasmic ribonucleoprotein granule:Cell projection, dendrite",3
"Cytoplasm:Cytoplasm, perinuclear region:Nucleus:Membrane:Cytoplasm",3
"Cytoplasm:Cytoplasm, perinuclear region:Nucleus:Golgi apparatus",3
"Cytoplasm:Cytoplasm, perinuclear region:Nucleus:Endoplasmic reticulum membrane:Mitochondrion membrane",3
Recycling endosome membrane:Cleavage furrow:Midbody:Cytoplasmic vesicle,3
"Cytoplasm:Cytoplasm, perinuclear region:Cytoplasm, myofibril, sarcomere, Z line",3
"Recycling endosome membrane:Cytoplasmic vesicle, secretory vesicle, synaptic vesicle membrane:Cytoplasmic vesicle, phagosome membrane",3
"Cytoplasm:Cytoplasm, perinuclear region:Cytoplasm, cytoskeleton:Cell membrane:Cytoplasm, cytoskeleton, microtubule organizing center, centrosome:Cytoplasm, cytoskeleton, spindle:Cytoplasm, cytoskeleton, cilium basal body",3
"Cytoplasm:Cytoplasm, perinuclear region:Cytoplasm, cytoskeleton, microtubule organizing center, centrosome:Cell projection, lamellipodium",3
"Cytoplasm:Cytoplasm, perinuclear region:Cytoplasm, cytoskeleton",3
"Recycling endosome membrane:Endoplasmic reticulum membrane:Cell projection, growth cone membrane",3
"Cytoplasm:Cytoplasm, perinuclear region:Cell projection, lamellipodium:Cell projection, ruffle:Synapse, synaptosome",3
"Cytoplasm:Cytoplasm, perinuclear region:Cell projection, growth cone:Midbody, Midbody ring",3
"Cytoplasm:Cytoplasm, perinuclear region:Cell projection, growth cone:Cell projection",3
"Cytoplasm:Cytoplasm, perinuclear region:Cell membrane:Synapse, synaptosome:Cell projection, dendrite",3
Secreted:Cytolytic granule,3
"Cytoplasm:Cytoplasm, perinuclear region:Cell membrane:Cell junction:Cell projection, lamellipodium",3
Recycling endosome membrane:Late endosome membrane,3
"Recycling endosome membrane:Lysosome membrane:Golgi apparatus membrane:Cytoplasmic vesicle, autophagosome",3
"Cytoplasm:Cytoplasm, cytosol:Nucleus:Mitochondrion",3
"Cytoplasm:Cytoplasm, cytosol:Membrane:Nucleus:Cell membrane",3
"Cytoplasm:Cytoplasm, cytosol:Cell membrane:Synapse:Cytoplasm, cytoskeleton:Nucleus:Nucleus speckle:Nucleus matrix",3
"Recycling endosome:Cytoplasmic vesicle, phagosome membrane",3
"Recycling endosome:Early endosome membrane:Golgi apparatus membrane:Golgi apparatus, trans-Golgi network membrane:Cytoplasmic vesicle, phagosome",3
"Recycling endosome:Golgi apparatus, trans-Golgi network",3
"Cytoplasm:Cytoplasm, cytoskeleton:Synapse:Cell projection, axon:Cytoplasmic vesicle, secretory vesicle, synaptic vesicle membrane:Presynapse",3
"Cytoplasm:Cytoplasm, cytoskeleton:Synapse",3
"Cytoplasm:Cytoplasm, cytoskeleton:Nucleus matrix:Cell membrane",3
"Cytoplasm:Cytoplasm, cytoskeleton:Mitochondrion:Cytoplasm, cytoskeleton, microtubule organizing center, centrosome:Postsynaptic density",3
Rough endoplasmic reticulum,3
Cytoplasm:Cytoplasm:Cytoplasm,3
Prospore membrane:Lipid droplet:Spore wall,3
Cytoplasm:Cytoplasmic granule membrane,3
Cytoplasm:Cytoplasmic granule:Cell membrane,3
"Cytoplasm:Early endosome:Endosome:Recycling endosome:Midbody:Cytoplasm, cytoskeleton, microtubule organizing center, centrosome:Cytoplasm, cytoskeleton, cilium basal body",3
"Postsynaptic cell membrane:Endoplasmic reticulum membrane:Golgi apparatus membrane:Cell projection, dendrite:Lipid droplet:Endoplasmic reticulum membrane",3
"Cytoplasm:Early endosome:Cytoplasm, cytoskeleton, microtubule organizing center, centrosome:Cytoplasm, cytoskeleton, cilium basal body",3
"Cytoplasm:Early endosome membrane:Late endosome membrane:Cytoplasm, cytoskeleton, microtubule organizing center, centrosome:Midbody, Midbody ring:Nucleus",3
Postsynaptic cell membrane:Golgi apparatus membrane:Endoplasmic reticulum:Vesicle,3
"Cytoplasm:Early endosome membrane:Endosome, multivesicular body membrane",3
"Cytoplasm:Early endosome membrane:Cell projection, podosome",3
"Postsynaptic density:Cell projection, dendrite:Perikaryon:Cell membrane",3
"Postsynaptic density:Cell projection, dendritic spine:Cell projection, axon:Synapse",3
Postsynaptic density:Postsynaptic recycling endosome membrane:Cell membrane:Endoplasmic reticulum membrane:Golgi apparatus membrane,3
Postsynaptic density:Synapse,3
"Postsynaptic recycling endosome membrane:Cell projection, dendrite:Postsynaptic cell membrane",3
"Cytoplasm:Cytoplasmic vesicle:Nucleus, nucleolus",3
"Preautophagosomal structure membrane:Cytoplasmic vesicle, autophagosome membrane:Golgi apparatus, trans-Golgi network membrane:Late endosome membrane:Recycling endosome membrane:Endoplasmic reticulum membrane:Mitochondrion membrane",3
Cytoplasm:Cytoplasmic vesicle:Microsome:Endoplasmic reticulum:Cell membrane,3
Cytoplasm:Cytoplasmic vesicle:Cell junction,3
"Cytoplasm:Cytoplasmic vesicle, secretory vesicle:Cell membrane:Synapse, synaptosome",3
"Cytoplasm:Cytoplasmic vesicle, secretory vesicle, acrosome:Cytoplasm, cytoskeleton, cilium basal body:Cytoplasm, cytoskeleton, flagellum axoneme:Cytoplasm, cytoskeleton, cilium axoneme:Nucleus",3
"Preautophagosomal structure membrane:Endoplasmic reticulum membrane:Cell membrane, sarcolemma, T-tubule",3
"Cytoplasm:Cytoplasmic vesicle, secretory vesicle membrane",3
"Cytoplasm:Cytoplasmic vesicle, autophagosome:Lysosome:Cytoplasm, myofibril, sarcomere, M line",3
Preautophagosomal structure membrane:Vacuole membrane:Endosome membrane,3
Preautophagosomal structure:Cytoplasm,3
Preautophagosomal structure:Lysosome,3
"Presynapse:Cytoplasmic vesicle, secretory vesicle, synaptic vesicle membrane",3
"Cytoplasm:Cytoplasmic vesicle, COPI-coated vesicle membrane:Golgi apparatus membrane",3
"Presynaptic cell membrane:Cell projection, axon:Early endosome membrane:Cytoplasmic vesicle, secretory vesicle, synaptic vesicle membrane",3
Cytoplasm:Cytoplasmic granule:Nucleus,3
Prospore,3
"Cytoplasm:Cytoplasm, cytoskeleton:Membrane:Cytoplasm:Mitochondrion:Mitochondrion outer membrane",3
"Cytoplasm:Cytoplasm, cytoskeleton:Endosome membrane:Midbody",3
"Cytoplasm:Cytoplasm, cytoskeleton:Cytoplasmic vesicle membrane:Synapse, synaptosome:Cell junction, focal adhesion",3
"Cytoplasm:Cytoplasm, Stress granule:Nucleus:Cell projection, lamellipodium",3
"Secreted, extracellular space, extracellular matrix:Zymogen granule lumen:Golgi apparatus lumen",3
"Cytoplasm:Cytoplasm, P-body:Nucleus:Cytoplasm, perinuclear region",3
"Secreted, extracellular space:Cell surface:Cytoplasm",3
"Secreted, extracellular space:Cytoplasm:Nucleus",3
"Secreted, extracellular space:Golgi apparatus, trans-Golgi network",3
"Cytoplasm:Chromosome, centromere, kinetochore:Cytoplasm, cytoskeleton, spindle:Cleavage furrow:Midbody:Cytoplasm, cytoskeleton, cilium axoneme:Cell projection, cilium, flagellum",3
"Cytoplasm:Chromosome, centromere, kinetochore:Cytoplasm, cytoskeleton, spindle pole:Recycling endosome membrane",3
"Cytoplasm:Chromosome, centromere, kinetochore:Cytoplasm, cytoskeleton, spindle pole",3
"Secreted, extracellular space:Lysosome:Melanosome",3
"Secreted, extracellular space:Mitochondrion:Endoplasmic reticulum",3
"Cytoplasm:Cell surface:Cytoplasm, cytoskeleton, cilium basal body:Cytoplasm, cytoskeleton, microtubule organizing center, centrosome, centriole",3
"Secreted, extracellular space:Secreted, extracellular space, extracellular matrix",3
"Cytoplasm:Cell projection:Synapse, synaptosome:Cell projection, ruffle membrane:Membrane:Cytoplasmic vesicle membrane:Synapse:Cytoplasm, cytosol:Cell membrane",3
"Cytoplasm:Cell projection, podosome:Cell projection, invadopodium:Cytoplasm, cytoskeleton, stress fiber",3
"Cytoplasm:Cell projection, podosome membrane:Cytoplasm, cell cortex:Cell projection, phagocytic cup",3
"Secreted:Cell membrane:Apical cell membrane:Cell projection, invadopodium membrane:Cell projection, lamellipodium membrane:Cell junction:Membrane raft",3
"Cytoplasm:Cell projection, neuron projection",3
"Secreted:Cell membrane:Cytoplasmic vesicle, phagosome:Recycling endosome:Golgi apparatus, cis-Golgi network:Golgi apparatus, trans-Golgi network",3
"Cytoplasm:Cell projection, filopodium tip:Cell projection, stereocilium",3
"Cytoplasm:Cell projection, dendrite:Synapse, synaptosome",3
"Cytoplasm:Cell projection, dendrite:Cell projection, dendritic spine:Postsynaptic density:Cell projection, axon:Cell projection, growth cone:Endoplasmic reticulum:Cytoplasm, perinuclear region",3
"Cytoplasm:Cell projection, dendrite:Cell projection, dendritic spine",3
"Cytoplasm:Cell projection, dendrite:Cell projection, axon:Cell membrane",3
"Cytoplasm:Cell projection, dendrite:Cell projection, axon",3
"Cytoplasm:Cell projection, cilium:Cytoplasm, cytoskeleton, cilium basal body:Cytoplasm, cytoskeleton, cilium axoneme:Cytoplasm, cytoskeleton, microtubule organizing center, centrosome",3
"Secreted:Cell membrane:Cytoplasmic vesicle, secretory vesicle, acrosome:Endoplasmic reticulum:Early endosome",3
Secreted:Cell membrane:Mitochondrion outer membrane,3
"Secreted:Cell projection, cilium, flagellum",3
"Cytoplasm:Cell projection, axon",3
"Cytoplasm:Cytoplasm, Stress granule:Cytoplasm, P-body",3
"Secreted, extracellular space, extracellular matrix:Synaptic cleft:Presynaptic active zone",3
"Cytoplasm:Cytoplasm, cytoskeleton:Cytoplasmic vesicle membrane:Cell projection, ruffle",3
"Cytoplasm:Cytoplasm, cell cortex:Cytoplasm, cytoskeleton:Cytoplasm, cytoskeleton, stress fiber:Cell junction, focal adhesion:Membrane:Cell projection, lamellipodium membrane:Nucleus:Cytoplasm, myofibril, sarcomere, I band:Cell surface",3
"Cytoplasm:Cytoplasm, cytoskeleton:Cytoplasm, cytoskeleton, spindle",3
"Cytoplasm:Cytoplasm, cytoskeleton:Cytoplasm, cytoskeleton, phragmoplast",3
"Cytoplasm:Cytoplasm, cytoskeleton:Cytoplasm, cytoskeleton, microtubule organizing center, centrosome:Midbody",3
"Rough endoplasmic reticulum lumen:Endoplasmic reticulum-Golgi intermediate compartment lumen:Golgi apparatus, cis-Golgi network:Golgi apparatus lumen:Endosome lumen:Cell surface",3
Rough endoplasmic reticulum:Cytoplasmic vesicle:Synapse,3
"Cytoplasm:Cytoplasm, cytoskeleton:Cytoplasm, cytoskeleton, microtubule organizing center, centrosome:Cytoplasm, cytoskeleton, microtubule organizing center, centrosome, centriole:Cytoplasm, cytoskeleton, spindle:Nucleus envelope:Cytoplasm, cell cortex",3
"Cytoplasm:Cytoplasm, cytoskeleton:Cytoplasm, cytoskeleton, cilium basal body",3
"Cytoplasm:Cytoplasm, cytoskeleton:Cytoplasm, cytoskeleton, cilium axoneme:Cytoplasm, cytoskeleton, cilium basal body",3
"Cytoplasm:Cytoplasm, cytoskeleton:Cytoplasm, cell cortex:Cytoplasmic vesicle:Cell membrane",3
"Cytoplasm:Cytoplasm, cytoskeleton:Cell projection, pseudopodium:Cell projection, ruffle:Cytoplasm, myofibril, sarcomere, M line:Sarcoplasmic reticulum membrane:Endoplasmic reticulum membrane",3
"Cytoplasm:Cytoplasm, cytoskeleton:Cell projection, cilium:Cytoplasm, cytoskeleton, microtubule organizing center, centrosome",3
"Cytoplasm:Cytoplasm, cytoskeleton:Cell projection, axon:Cell projection, dendrite:Presynapse:Postsynapse:Postsynaptic density",3
Cytoplasm:Nucleus:Cell membrane:Perikaryon,3
"Cytoplasm:Cytoplasm, cytoskeleton:Cell membrane:Cytoplasm, perinuclear region:Nucleus",3
"Cytoplasm:Cytoplasm, cytoskeleton:Cell membrane:Cell projection, lamellipodium:Cell projection, ruffle",3
"Rough endoplasmic reticulum:Nucleus membrane:Golgi apparatus:Cytoplasm, perinuclear region:Secreted",3
"Cytoplasm:Cytoplasm, cytoskeleton, spindle:Nucleus",3
"Secreted, cell wall:Cytoplasm:Cell membrane",3
"Cytoplasm:Cytoplasm, cytoskeleton, microtubule organizing center, centrosome:Cytoplasm, cytoskeleton, spindle:Cell projection, growth cone:Cytoplasm, cytoskeleton:Perikaryon",3
"Secreted, cell wall:Secreted, extracellular space, apoplast:Cell membrane",3
"Secreted, extracellular space, apoplast:Cell membrane",3
"Cytoplasm:Cytoplasm, cytoskeleton, microtubule organizing center, centrosome:Chromosome, centromere, kinetochore:Nucleus speckle:Cytoplasm, cytoskeleton, cilium basal body:Cytoplasm, cytoskeleton, spindle",3
"Cytoplasm:Cytoplasm, cytoskeleton, microtubule organizing center, centrosome, centriole:Golgi apparatus membrane:Cell projection, bleb:Cytoplasm, cytoskeleton:Cell membrane:Cell projection, lamellipodium:Cell projection, ruffle",3
"Secreted, extracellular space, extracellular matrix, basement membrane:Secreted",3
"Cytoplasm:Cytoplasm, cytoskeleton, cilium basal body:Cytoplasm, cytoskeleton, cilium axoneme",3
"Secreted, extracellular space, extracellular matrix, pollen coat:Lipid droplet:Membrane",3
"Cytoplasm:Cytoplasm, cytoskeleton, cilium axoneme",3
"Secreted, extracellular space, extracellular matrix:Cytoplasm:Secreted",3
"Secreted, extracellular space, extracellular matrix:Secreted, extracellular space, surface film",3
Cytoplasm:Nucleus:Cell membrane:Mitochondrion intermembrane space,3
"Cytoplasm:Synapse, synaptosome:Membrane raft:Postsynaptic density",3
"Cytoplasm:Nucleus:Cell projection, cilium",3
"Mitochondrion matrix:Nucleus:Cell projection, cilium, flagellum:Cytoplasmic vesicle, secretory vesicle, acrosome",3
"Endoplasmic reticulum:Golgi apparatus:Cytoplasmic vesicle, secretory vesicle lumen",3
Endoplasmic reticulum:Golgi apparatus:Lysosome,3
Endoplasmic reticulum:Golgi apparatus:Lysosome:Secreted,3
"Endoplasmic reticulum:Golgi apparatus:Mitochondrion:Cytoplasm, cytosol",3
"Mitochondrion membrane:Cell projection, cilium, flagellum",3
Mitochondrion matrix:Peroxisome,3
Mitochondrion matrix:Mitochondrion membrane,3
"Mitochondrion intermembrane space:Cytoplasm, cytoskeleton, microtubule organizing center, centrosome:Nucleus:Cytoplasm",3
Endoplasmic reticulum:Microsome,3
Endoplasmic reticulum:Nucleus envelope,3
"Mitochondrion matrix, mitochondrion nucleoid:Mitochondrion:Mitochondrion intermembrane space:Mitochondrion matrix:Mitochondrion inner membrane",3
Endoplasmic reticulum:Sarcoplasmic reticulum:Golgi apparatus,3
Endoplasmic reticulum:Sarcoplasmic reticulum:Sarcoplasmic reticulum lumen:Sarcoplasmic reticulum membrane:Mitochondrion matrix,3
"Mitochondrion intermembrane space:Cytoplasm, cytosol",3
Mitochondrion membrane:Nucleus:Endoplasmic reticulum,3
Mitochondrion membrane:Peroxisome membrane,3
Mitochondrion outer membrane:Cell membrane:Membrane raft,3
Mitochondrion outer membrane:Cytoplasm:Mitochondrion,3
Mitochondrion outer membrane:Cytoplasm:Nucleus,3
Endoplasmic reticulum:Endoplasmic reticulum lumen:Melanosome:Cell membrane,3
Endoplasmic reticulum:Endoplasmic reticulum lumen:Melanosome,3
"Mitochondrion outer membrane:Cytoplasm:Nucleus:Cytoplasm, cytoskeleton, spindle:Cytoplasm, cytoskeleton, spindle pole",3
"Endoplasmic reticulum:Cytoplasm, cytosol:Apical cell membrane:Microsome",3
Endoplasmic reticulum:Cell membrane,3
Endoplasmic reticulum-Golgi intermediate compartment:Endoplasmic reticulum:Golgi apparatus,3
"Endoplasmic reticulum-Golgi intermediate compartment membrane:Melanosome:Endoplasmic reticulum membrane:Golgi apparatus membrane:Cytoplasmic vesicle, secretory vesicle, acrosome:Cytoplasmic vesicle, autophagosome membrane",3
"Mitochondrion outer membrane:Mitochondrion:Cell projection, cilium, flagellum",3
Mitochondrion outer membrane:Mitochondrion:Peroxisome,3
"Endoplasmic reticulum-Golgi intermediate compartment membrane:Golgi apparatus, cis-Golgi network membrane:Golgi apparatus, Golgi stack membrane:Endoplasmic reticulum membrane:Cytoplasmic vesicle, COPI-coated vesicle membrane",3
Endoplasmic reticulum-Golgi intermediate compartment membrane:Golgi apparatus membrane,3
Mitochondrion outer membrane:Nucleus membrane:Endoplasmic reticulum membrane:Cytoplasm,3
"Endoplasmic reticulum:Secreted, extracellular space, extracellular matrix",3
Mitochondrion inner membrane:Secreted:Secreted,3
Mitochondrion outer membrane:Peroxisome membrane:Microsome membrane:Endoplasmic reticulum membrane:Cell membrane,3
Endosome:Late endosome membrane,3
"Membrane:Secreted:Secreted, extracellular exosome",3
"Endosome, multivesicular body membrane:Cytoplasmic vesicle membrane:Late endosome membrane:Lysosome membrane",3
"Endosome, multivesicular body membrane:Prevacuolar compartment membrane",3
"Membrane:Secreted:Cytoplasmic vesicle, secretory vesicle, acrosome membrane",3
"Endosome:Early endosome:Early endosome membrane:Cell membrane:Cytoplasmic vesicle membrane:Cytoplasm:Cell projection, phagocytic cup:Cell projection, ruffle",3
Membrane:Presynaptic cell membrane,3
"Endosome:Lysosome:Endoplasmic reticulum-Golgi intermediate compartment:Cytoplasmic vesicle, COPI-coated vesicle:Endoplasmic reticulum",3
Mitochondrion inner membrane:Mitochondrion outer membrane:Mitochondrion intermembrane space,3
"Membrane:Plastid, chloroplast",3
"Membrane:Photoreceptor inner segment:Cell projection, cilium, photoreceptor outer segment",3
Extracellular vesicle,3
Membrane:Nucleus envelope:Golgi apparatus:Cytoplasm,3
"Extracellular vesicle membrane:Postsynaptic cell membrane:Synapse:Postsynaptic density:Early endosome membrane:Cell projection, dendrite:Cytoplasm, cytoskeleton:Cytoplasm, cell cortex:Cell projection, dendritic spine:Cytoplasmic vesicle, secretory vesicle, acrosome:Cytoplasmic vesicle, clathrin-coated vesicle membrane",3
Membrane:Nucleus envelope:Endoplasmic reticulum:Secreted,3
Endosome membrane:Recycling endosome membrane:Early endosome membrane:Late endosome membrane:Cell membrane,3
Membrane:Synapse:Postsynaptic cell membrane,3
Endosome membrane:Prevacuolar compartment membrane,3
Membrane:Synapse:Postsynaptic density membrane,3
"Endosome membrane:Lysosome membrane:Golgi apparatus, trans-Golgi network membrane",3
Membrane:Vesicle,3
"Microsome membrane:Cytoplasm, cytosol:Early endosome membrane:Lysosome membrane",3
"Endosome membrane:Late endosome membrane:Early endosome membrane:Lysosome membrane:Golgi apparatus, trans-Golgi network:Cytoplasmic vesicle, clathrin-coated vesicle:Cytoplasm, cytosol",3
Microsome membrane:Endoplasmic reticulum membrane:Nucleus inner membrane:Nucleus outer membrane,3
"Endosome membrane:Golgi outpost:Cytoplasm, cytoskeleton, microtubule organizing center",3
"Endosome membrane:Golgi apparatus, trans-Golgi network membrane:Early endosome membrane:Cell projection, lamellipodium",3
"Endosome membrane:Golgi apparatus membrane:Synapse, synaptosome:Cell projection, dendrite:Secreted",3
"Midbody:Late endosome:Cytoplasmic vesicle, autophagosome",3
Mitochondrion inner membrane:Cytoplasm:Nucleus:Cell membrane,3
Endosome membrane:Golgi apparatus membrane:Endomembrane system:Early endosome membrane:Recycling endosome membrane,3
Endosome membrane:Endoplasmic reticulum membrane:Golgi apparatus,3
"Endosome membrane:Early endosome membrane:Cytoplasmic vesicle, phagosome membrane:Late endosome membrane",3
"Mitochondrion outer membrane:Nucleus:Cytoplasm, cytosol:Mitochondrion outer membrane:Nucleus:Cytoplasm, cytosol",3
"Endoplasmic reticulum membrane:Smooth endoplasmic reticulum membrane:Endoplasmic reticulum-Golgi intermediate compartment membrane:Cytoplasmic vesicle, autophagosome membrane:Cytoplasmic vesicle, COPII-coated vesicle membrane:Cytoplasm, cytosol:Mitochondrion membrane",3
"Cytoplasm:Nucleus:Cell projection, cilium, flagellum",3
Endoplasmic reticulum membrane:Lysosome lumen:Early endosome membrane:Late endosome membrane:Golgi apparatus membrane:Endosome membrane,3
Endoplasmic reticulum membrane:Golgi apparatus:Endoplasmic reticulum:Lipid droplet:Mitochondrion:Mitochondrion inner membrane:Mitochondrion outer membrane,3
"Nucleus inner membrane:Nucleus, nucleoplasm",3
Endoplasmic reticulum membrane:Late endosome membrane:Lysosome membrane:Nucleus inner membrane,3
"Nucleus inner membrane:Nucleus outer membrane:Nucleus envelope:Cytoplasmic vesicle:Endoplasmic reticulum membrane:Membrane:Lipid droplet:Cell junction:Cell membrane:Cell projection, growth cone:Postsynaptic density membrane",3
Nucleus inner membrane:Nucleus outer membrane,3
"Endoplasmic reticulum membrane:Lipid droplet:Microsome:Cytoplasm, cytosol",3
Nucleus inner membrane:Nucleus envelope,3
Nucleus envelope:Cell membrane:Lysosome membrane,3
"Endoplasmic reticulum membrane:Lysosome membrane:Cell membrane:Cytoplasmic vesicle, clathrin-coated vesicle",3
"Endoplasmic reticulum membrane:Lysosome membrane:Cytoplasmic vesicle, autophagosome membrane:Cell projection, dendritic spine membrane:Cell projection, axon:Endosome membrane:Cytoplasmic vesicle, clathrin-coated vesicle membrane:Cytoplasmic vesicle, secretory vesicle, synaptic vesicle membrane",3
"Nucleus inner membrane:Chromosome, telomere",3
Endoplasmic reticulum membrane:Melanosome:Nucleus envelope,3
Endoplasmic reticulum membrane:Membrane:Membrane,3
Nucleus envelope:Nucleus inner membrane,3
"Endoplasmic reticulum membrane:Golgi apparatus, trans-Golgi network:Golgi apparatus membrane:Early endosome membrane:Cytoplasmic vesicle membrane:Cleavage furrow:Cell projection, neuron projection",3
"Endoplasmic reticulum membrane:Golgi apparatus, cis-Golgi network membrane:Golgi apparatus, trans-Golgi network membrane",3
"Nucleus matrix:Cytoplasm, cytoskeleton, microtubule organizing center, centrosome",3
"Endoplasmic reticulum membrane:Golgi apparatus, cis-Golgi network membrane:Golgi apparatus membrane",3
"Endoplasmic reticulum membrane:Golgi apparatus, cis-Golgi network membrane:Endoplasmic reticulum-Golgi intermediate compartment membrane:Golgi apparatus, trans-Golgi network membrane",3
"Endoplasmic reticulum membrane:Golgi apparatus, cis-Golgi network membrane:Endoplasmic reticulum-Golgi intermediate compartment membrane",3
"Nucleus matrix:Cytoplasm, cytoskeleton:Cell projection, ruffle membrane:Cell projection, lamellipodium membrane:Cell projection, lamellipodium:Cell projection, growth cone:Cell projection, axon",3
"Nucleus matrix:Cytoplasm, perinuclear region:Nucleus, nucleolus:Cytoplasm",3
"Endoplasmic reticulum membrane:Golgi apparatus membrane:Nucleus envelope:Cell membrane, sarcolemma",3
Nucleus matrix:Nucleus:Lysosome membrane,3
Nucleus membrane:Cytoplasm:Endoplasmic reticulum membrane,3
"Nucleus membrane:Nucleus membrane:Nucleus, nuclear pore complex",3
"Nucleus membrane:Nucleus, nuclear pore complex:Chromosome, centromere, kinetochore",3
"Nucleus membrane:Nucleus, nuclear pore complex:Nucleus envelope",3
"Nucleus membrane:Nucleus, nuclear pore complex:Nucleus, nucleoplasm",3
Nucleus membrane:Nucleus:Cytoplasm,3
Nucleus outer membrane:Endoplasmic reticulum membrane:Nucleus membrane,3
Nucleus envelope:Cytoplasm:Cell membrane,3
Myelin membrane,3
Endoplasmic reticulum membrane:Sarcoplasmic reticulum membrane:Mitochondrion membrane:Membrane,3
"Endoplasmic reticulum membrane:Nucleus membrane:Cell junction, tight junction:Nucleus, nucleolus:Cytoplasm, perinuclear region",3
Mitochondrion:Cytoplasm:Early endosome,3
Endoplasmic reticulum membrane:Nucleus envelope:Cytoplasmic vesicle,3
Endoplasmic reticulum membrane:Nucleus inner membrane,3
Endoplasmic reticulum membrane:Nucleus inner membrane:Cell membrane,3
"Mitochondrion:Cytoplasm, cytosol:Nucleus",3
"Mitochondrion:Cell projection, dendrite",3
Endoplasmic reticulum membrane:Nucleus membrane:Cell membrane,3
"Mitochondrion:Nucleus:Nucleus, nucleoplasm:Nucleus inner membrane:Nucleus outer membrane",3
Endoplasmic reticulum membrane:Nucleus:Cytoplasm:Endoplasmic reticulum membrane,3
Endoplasmic reticulum membrane:Peroxisome membrane:Cell membrane:Microsome,3
Endoplasmic reticulum membrane:Preautophagosomal structure membrane,3
"Mitochondrion outer membrane:Peroxisome:Cytoplasmic vesicle, secretory vesicle, synaptic vesicle",3
"Endoplasmic reticulum membrane:Rough endoplasmic reticulum:Endosome, multivesicular body:Cytoplasm, perinuclear region",3
"Endoplasmic reticulum membrane:Sarcoplasmic reticulum membrane:Cell membrane:Cell membrane, sarcolemma:Cell membrane, sarcolemma, T-tubule:Cytoplasm, myofibril, sarcomere, Z line:Cytoplasm, cytoskeleton",3
Mitochondrion:Cytoplasm:Peroxisome matrix,3
Mitochondrion:Endoplasmic reticulum,3
Mitochondrion:Endoplasmic reticulum:Mitochondrion outer membrane:Endoplasmic reticulum membrane:Cell membrane,3
Mitochondrion:Golgi apparatus:Cell membrane:Nucleus,3
Endoplasmic reticulum membrane:Mitochondrion membrane:Melanosome membrane,3
Mitochondrion:Lysosome membrane,3
Mitochondrion:Mitochondrion inner membrane:Mitochondrion matrix,3
Mitochondrion:Mitochondrion inner membrane:Mitochondrion outer membrane:Endoplasmic reticulum,3
Endoplasmic reticulum membrane:Mitochondrion inner membrane,3
Endoplasmic reticulum membrane:Microsome:Cell membrane,3
Mitochondrion:Mitochondrion membrane,3
"Mitochondrion:Mitochondrion membrane:Endoplasmic reticulum:Cytoplasm, cytosol",3
"Mitochondrion:Mitochondrion outer membrane:Mitochondrion inner membrane:Cytoplasm, cytosol",3
"Mitochondrion:Nucleus membrane:Endoplasmic reticulum:Cytoplasm, cytoskeleton, spindle",3
"Mitochondrion:Nucleus, nucleolus",3
"Mitochondrion:Nucleus, nucleolus:Cell membrane",3
"Mitochondrion:Nucleus, nucleolus:Cytoplasm:Mitochondrion matrix",3
Membrane:Nucleus envelope,3
Glycosome,3
Membrane:Mitochondrion:Cytoplasm,3
Golgi apparatus:Golgi apparatus membrane:Endoplasmic reticulum membrane,3
Melanosome:Membrane,3
Melanosome membrane:Membrane,3
"Golgi apparatus:Endoplasmic reticulum:Early endosome:Cytoplasm, cytosol:Membrane:Melanosome",3
Golgi apparatus:Endoplasmic reticulum:Membrane,3
"Golgi apparatus:Endoplasmic reticulum:Perikaryon:Cell projection, dendrite:Nucleus:Cytoplasm",3
Golgi apparatus:Golgi apparatus membrane,3
"Golgi apparatus:Golgi apparatus, cis-Golgi network",3
"Golgi apparatus:Postsynaptic density:Cytoplasm, perinuclear region:Cytoplasm:Cell membrane:Membrane",3
"Golgi apparatus:Golgi apparatus, trans-Golgi network",3
"Golgi apparatus:Golgi apparatus, trans-Golgi network:Cytoplasmic vesicle, clathrin-coated vesicle membrane",3
"Lysosome:Secreted:Cytoplasmic vesicle, phagosome",3
Lysosome:Secreted:Apical cell membrane,3
"Lysosome:Melanosome:Secreted, extracellular space:Apical cell membrane",3
Golgi apparatus:Nucleus,3
"Membrane, caveola:Cell membrane:Microsome:Endoplasmic reticulum:Cytoplasm, cytosol:Mitochondrion:Nucleus",3
"Golgi apparatus:Cytoplasm:Cytoplasm, cytoskeleton, spindle",3
"Golgi apparatus:Cytoplasm, perinuclear region:Membrane:Golgi apparatus, trans-Golgi network membrane",3
"Golgi apparatus:Cytoplasm, perinuclear region",3
"Golgi apparatus:Cell projection, growth cone:Cell projection, axon:Cytoplasm, cytosol",3
"Golgi apparatus:Cell projection, growth cone:Cell projection, axon",3
"Membrane, clathrin-coated pit:Early endosome:Recycling endosome",3
"Golgi apparatus, trans-Golgi network:Membrane, coated pit",3
"Golgi apparatus, trans-Golgi network:Membrane",3
Membrane:Apicolateral cell membrane,3
Membrane:Cell junction,3
"Membrane:Cell junction, paranodal septate junction",3
"Membrane:Cell membrane, sarcolemma",3
Membrane:Cell membrane:Early endosome membrane:Endoplasmic reticulum membrane,3
"Golgi apparatus, trans-Golgi network membrane:Melanosome",3
"Golgi apparatus, trans-Golgi network membrane:Golgi apparatus, Golgi stack membrane",3
"Membrane:Cell projection, cilium, flagellum:Cytoplasmic vesicle, secretory vesicle, acrosome",3
"Golgi apparatus:Nucleus, Cajal body",3
"Golgi outpost:Cytoplasm, cytoskeleton, microtubule organizing center:Cytoplasm, cytoskeleton:Nucleus:Cytoplasm, cytoskeleton, spindle",3
"Membrane:Membrane:Cytoplasm:Nucleus:Nucleus, nuclear body:Nucleus, nucleoplasm:Endosome:Cytoplasmic vesicle, secretory vesicle, synaptic vesicle:Postsynaptic density:Perikaryon:Cell projection, neuron projection",3
"Lysosome membrane:Late endosome membrane:Cell projection, dendrite",3
Lysosome membrane:Secreted,3
Lipid droplet:Cytoplasm:Mitochondrion,3
Lysosome membrane:Photoreceptor inner segment:Apical cell membrane,3
Lipid droplet:Endoplasmic reticulum:Nucleus,3
Lysosome membrane:Lysosome lumen,3
Lysosome membrane:Late endosome membrane:Mitochondrion membrane:Cell membrane,3
Lysosome membrane:Endosome membrane:Late endosome membrane:Cell membrane:Cytolytic granule membrane,3
"Lysosome:Melanosome:Secreted, extracellular space",3
Lysosome membrane:Endosome membrane:Early endosome membrane:Recycling endosome membrane,3
"Lysosome membrane:Cytoplasm, cytosol:Cell projection, cilium:Cytoplasm, cytoskeleton, microtubule organizing center, centrosome:Cytoplasm, cytoskeleton, spindle:Nucleus",3
Lysosome membrane:Endosome membrane:Early endosome membrane,3
"Lysosome membrane:Cytoplasmic vesicle:Cytoplasm, cytosol",3
Lysosome membrane:Endoplasmic reticulum membrane,3
"Lysosome membrane:Endoplasmic reticulum membrane:Golgi apparatus membrane:Mitochondrion outer membrane:Cytoplasm:Nucleus:Nucleus, PML body:Microsome membrane:Cytoplasmic vesicle, phagosome",3
Lysosome membrane:Secreted:Nucleus,3
Lysosome:Cell surface,3
"Lateral cell membrane:Cell junction, tight junction",3
"Late endosome:Cytoplasmic vesicle, autophagosome:Membrane",3
Late endosome membrane:Midbody:Membrane,3
"Late endosome membrane:Midbody:Cytoplasm, cytoskeleton, spindle",3
"Lysosome:Cytoplasmic vesicle, secretory vesicle, Cortical granule",3
Late endosome membrane:Lysosome membrane:Mitochondrion membrane,3
Lysosome:Cytoplasmic vesicle:Secreted,3
"Late endosome membrane:Lysosome membrane:Early endosome:Cytoplasmic vesicle, clathrin-coated vesicle:Recycling endosome",3
"Late endosome membrane:Lysosome membrane:Early endosome:Cytoplasmic vesicle, clathrin-coated vesicle:Cytoplasmic vesicle, autophagosome",3
"Late endosome membrane:Lysosome membrane:Cytoplasm, cytoskeleton, spindle:Cell projection, axon:Synapse:Cytolytic granule membrane:Early endosome membrane",3
"Lysosome:Golgi apparatus, trans-Golgi network:Membrane",3
Late endosome membrane:Cell membrane:Nucleus:Cleavage furrow,3
Lysosome:Lysosome membrane,3
Lysosome:Melanosome,3
Inflammasome,3
"Golgi apparatus, trans-Golgi network membrane:Endosome membrane:Early endosome membrane:Recycling endosome membrane",3
"Membrane:Cell projection, cilium, photoreceptor outer segment:Photoreceptor inner segment",3
"Membrane:Cell projection, filopodium:Cytoplasm, cell cortex:Cell projection, microvillus",3
"Golgi apparatus membrane:Golgi apparatus, trans-Golgi network membrane:Membrane",3
"Membrane:Golgi apparatus, trans-Golgi network membrane:Golgi apparatus, trans-Golgi network",3
"Golgi apparatus membrane:Golgi apparatus, cis-Golgi network membrane",3
"Golgi apparatus membrane:Golgi apparatus, cis-Golgi network membrane:Cell membrane",3
"Membrane:Golgi apparatus, trans-Golgi network membrane:Endosome membrane:Cell projection, dendrite:Early endosome membrane:Late endosome membrane:Lysosome lumen:Recycling endosome membrane:Cytoplasmic vesicle membrane:Golgi apparatus, Golgi stack membrane:Endosome, multivesicular body membrane:Endoplasmic reticulum membrane",3
"Golgi apparatus membrane:Golgi apparatus, trans-Golgi network membrane:Endosome membrane:Early endosome membrane:Recycling endosome membrane:Endoplasmic reticulum membrane:Endosome, multivesicular body membrane:Cell membrane:Cytoplasmic vesicle, secretory vesicle membrane:Secreted",3
"Golgi apparatus membrane:Golgi apparatus, trans-Golgi network membrane:Endosome, multivesicular body membrane:Apical cell membrane:Cytoplasmic vesicle, secretory vesicle, acrosome",3
"Golgi apparatus membrane:Golgi apparatus, trans-Golgi network membrane:Prevacuolar compartment membrane:Endomembrane system",3
"Membrane:Cell projection, microvillus:Cell projection, uropodium:Nucleus:Nucleus, PML body",3
"Golgi apparatus membrane:Golgi apparatus, trans-Golgi network membrane:Recycling endosome membrane",3
"Membrane:Golgi apparatus, trans-Golgi network membrane:Cell projection, dendrite:Endosome membrane:Early endosome membrane:Late endosome membrane:Lysosome lumen:Cytoplasmic vesicle membrane:Golgi apparatus, Golgi stack membrane:Endosome, multivesicular body membrane",3
"Golgi apparatus membrane:Golgi apparatus, trans-Golgi network:Cytoplasmic vesicle:Cytoplasm, cytosol",3
Golgi apparatus membrane:Late endosome membrane,3
"Membrane:Golgi apparatus, cis-Golgi network",3
Golgi apparatus membrane:Membrane:Secreted,3
Membrane:Golgi apparatus:Cell membrane,3
Membrane:Golgi apparatus:Early endosome,3
Golgi apparatus membrane:Endosome membrane:Cell membrane,3
Membrane:Golgi apparatus:Mitochondrion,3
Golgi apparatus membrane:Endoplasmic reticulum membrane:Golgi apparatus,3
"Membrane:Golgi outpost:Cytoplasm, cytoskeleton, microtubule organizing center",3
"Golgi apparatus membrane:Early endosome membrane:Nucleus envelope:Nucleus, nucleoplasm",3
"Membrane:Lateral cell membrane:Cell junction, tight junction:Cell junction, adherens junction:Cytoplasm, cell cortex:Cytoplasm",3
Golgi apparatus membrane:Early endosome membrane,3
"Golgi apparatus membrane:Cytoplasmic vesicle, COPI-coated vesicle membrane:Endoplasmic reticulum membrane:Endoplasmic reticulum-Golgi intermediate compartment membrane",3
Golgi apparatus membrane:Cytoplasmic vesicle membrane:Endoplasmic reticulum membrane:Membrane,3
Golgi apparatus membrane:Cytoplasmic vesicle membrane:Cell membrane:Endoplasmic reticulum membrane:Golgi apparatus membrane:Early endosome membrane,3
Membrane:Melanosome:Late endosome:Lysosome,3
"Golgi apparatus membrane:Cytoplasm, cytosol",3
"Golgi apparatus membrane:Cell membrane:Membrane, caveola:Cell membrane, sarcolemma",3
"Membrane:Membrane, caveola",3
Golgi apparatus membrane:Cell membrane:Endosome membrane:Secreted:Secreted,3
Golgi apparatus membrane:Mitochondrion,3
"Cytoplasm, cytosol:Cytoplasm:Cell membrane:Membrane",3
Golgi apparatus membrane:Prevacuolar compartment membrane:Endoplasmic reticulum membrane,3
"Membrane:Cytoplasm:Mitochondrion:Nucleus, nucleoplasm",3
"Golgi apparatus, trans-Golgi network membrane:Cytoplasmic vesicle:Cytoplasm, cytosol",3
"Golgi apparatus, trans-Golgi network membrane:Cell membrane:Secreted:Endosome membrane",3
"Golgi apparatus, trans-Golgi network membrane:Cell membrane:Cytoplasm, perinuclear region:Mitochondrion:Nucleus",3
"Membrane:Cytoplasm, cytosol:Cytoplasm, cytoskeleton",3
"Golgi apparatus, trans-Golgi network membrane:Cell membrane:Basolateral cell membrane",3
"Membrane:Cytoplasm, cytosol:Cytoplasm, perinuclear region:Golgi apparatus membrane:Lysosome membrane:Cytoplasmic vesicle, secretory vesicle, synaptic vesicle membrane",3
"Membrane:Cytoplasm:Cell junction, tight junction",3
Membrane:Cytoplasm:Cleavage furrow,3
"Golgi apparatus, cis-Golgi network:Golgi apparatus, trans-Golgi network",3
"Membrane:Cytoplasm:Cytoplasm, cytoskeleton, spindle:Cytoplasm, cytoskeleton, spindle pole",3
Membrane:Cytoplasm:Lysosome,3
"Membrane:Cytoplasm:Microsome:Mitochondrion:Nucleus:Cytoplasm, perinuclear region",3
"Golgi apparatus, cis-Golgi network membrane:Golgi apparatus, trans-Golgi network membrane:Golgi apparatus membrane",3
Membrane:Cytoplasm:Mitochondrion,3
"Golgi apparatus, cis-Golgi network membrane:Endoplasmic reticulum membrane:Cytoplasm:Nucleus",3
Membrane:Golgi apparatus,3
"Golgi apparatus, cis-Golgi network membrane:Cytoplasm:Secreted",3
Membrane:Cytoplasmic vesicle membrane:Melanosome,3
"Golgi apparatus, Golgi stack:Endosome membrane:Cytoplasm:Membrane",3
"Membrane:Cytoplasmic vesicle, clathrin-coated vesicle membrane:Cytoplasmic vesicle, secretory vesicle, synaptic vesicle membrane",3
"Golgi apparatus, Golgi stack membrane:Membrane:Secreted",3
"Membrane:Cytoplasmic vesicle, secretory vesicle membrane:Perikaryon:Cell projection, axon:Synapse:Cell membrane:Endosome:Cytoplasmic vesicle, secretory vesicle membrane:Nucleus",3
"Golgi apparatus, Golgi stack membrane:Golgi apparatus, trans-Golgi network membrane",3
"Golgi apparatus, Golgi stack membrane:Golgi apparatus",3
"Golgi apparatus, Golgi stack membrane:Endosome membrane:Membrane",3
Membrane:Endoplasmic reticulum lumen,3
Membrane:Endoplasmic reticulum:Cytoplasm,3
"Golgi apparatus, Golgi stack",3
"Golgi apparatus membrane:Synapse, synaptosome:Postsynaptic density",3
Golgi apparatus membrane:Secreted:Golgi apparatus membrane:Endoplasmic reticulum membrane:Secreted,3
Endoplasmic reticulum membrane:Golgi apparatus membrane:Cytoplasmic vesicle membrane,3
"Endoplasmic reticulum membrane:Golgi apparatus membrane:Cell projection, axon",3
Nucleus outer membrane:Endoplasmic reticulum membrane:Sarcoplasmic reticulum membrane,3
Cytoplasmic granule membrane,3
Cytoplasm:Secreted:Nucleus,3
Cytoplasm:Synapse:Nucleus,3
"Cytoplasm:Synapse:Presynaptic active zone:Cytoplasm, cytoskeleton",3
Nucleus:Cytoplasm:Chromosome:Mitochondrion matrix,3
Cytoplasmic granule lumen:Secreted,3
"Nucleus:Cytoplasm:Chromosome:Chromosome, telomere",3
Cytoplasmic granule membrane:Endoplasmic reticulum membrane,3
"Nucleus:Cytoplasm:Cell projection, dendrite:Cell projection, dendritic spine",3
"Cytoplasmic granule:Cytolytic granule:Secreted, extracellular space:Golgi apparatus",3
"Cytoplasmic granule:Cytoplasm, perinuclear region",3
"Cytoplasmic granule:Secreted, extracellular space, extracellular matrix",3
"Nucleus:Cytoplasm:Chromosome, telomere",3
"Nucleus:Cytoplasm:Cell projection, neuron projection",3
"Cytoplasmic vesicle membrane:Cell membrane:Cell projection, dendrite:Cytoplasmic vesicle, secretory vesicle, synaptic vesicle membrane:Cell projection, growth cone membrane:Early endosome membrane:Recycling endosome:Endoplasmic reticulum-Golgi intermediate compartment membrane:Endosome membrane",3
Cytoplasm:Secreted:Endosome:Lysosome:Cell surface:Endoplasmic reticulum:Golgi apparatus,3
"Cytoplasm:Secreted:Cytoplasmic vesicle, secretory vesicle membrane",3
"Nucleus:Cytoplasm:Cytoplasm, Stress granule:Cytoplasm, sarcoplasm:Nucleus, nuclear body:Nucleus, nucleolus:Nucleus speckle:Nucleus, Cajal body:Nucleus, gem",3
"Nucleus:Cytoplasm:Cytoplasm, cytoskeleton, spindle pole:Cytoplasm, cytoskeleton, microtubule organizing center, centrosome",3
"Cytoplasm:Secreted, extracellular space",3
"Nucleus:Cytoplasm:Cytoplasm, cytoskeleton:Endomembrane system:Endoplasmic reticulum-Golgi intermediate compartment:Endoplasmic reticulum:Cell membrane:Membrane",3
Cytoplasm:Sarcoplasmic reticulum:Mitochondrion,3
"Cytoplasm:Rough endoplasmic reticulum:Cytoplasm, P-body:Cytoplasm, Stress granule:Nucleus, nucleolus",3
Cytoplasm:Prospore membrane,3
"Nucleus:Cytoplasm:Cytoplasm, perinuclear region:Cytoplasm, P-body:Cytoplasm, Stress granule:Cell projection, lamellipodium:Cell projection, dendrite:Cell projection, dendritic spine:Cell projection, growth cone:Cell projection, filopodium:Cell projection, axon",3
"Nucleus:Cytoplasm:Cytoplasm, perinuclear region:Membrane:Cytoplasmic vesicle:Endoplasmic reticulum-Golgi intermediate compartment:Golgi apparatus, cis-Golgi network:Golgi apparatus, trans-Golgi network:Cytoplasmic granule:Cell projection, axon:Cell projection, dendrite:Perikaryon",3
"Nucleus:Cytoplasm:Cytoplasm, perinuclear region:Mitochondrion",3
"Cytoplasm:Postsynaptic density:Synapse:Cell projection, dendritic spine",3
Nucleus:Cytoplasm:Cytoplasm:Nucleus,3
"Cytoplasm:Postsynaptic density:Cell projection, dendrite:Basal cell membrane:Postsynapse:Nucleus",3
Nucleus:Cytoplasm:Cytoplasmic granule,3
"Cytoplasm:Plastid, chloroplast",3
"Cytoplasmic vesicle membrane:Cytoplasmic vesicle, COPI-coated vesicle membrane:Golgi apparatus, cis-Golgi network membrane:Golgi apparatus, Golgi stack membrane:Endoplasmic reticulum membrane:Endoplasmic reticulum-Golgi intermediate compartment membrane",3
Cytoplasmic vesicle membrane:Early endosome membrane:Lysosome membrane:Membrane,3
"Nucleus:Cytoplasm, cytoskeleton, spindle pole",3
"Nucleus:Cytoplasm, cytoskeleton:Membrane",3
"Nucleus:Cytoplasm, cytosol:Nucleus, nucleolus",3
"Nucleus:Cytoplasm, cytosol:Mitochondrion",3
"Nucleus:Cytoplasm, cytosol:Endoplasmic reticulum:Golgi apparatus:Cytoplasm, cytoskeleton, microtubule organizing center, centrosome",3
"Nucleus:Cytoplasm, cytosol:Cytoplasm, cytoskeleton:Cytoplasm, cytoskeleton, spindle",3
"Nucleus:Cytoplasm, cytosol:Cytoplasm, cytoskeleton, cilium basal body:Cell projection, cilium",3
"Nucleus:Cytoplasm, cytosol:Cell membrane:Cell projection, lamellipodium",3
"Cytoplasmic vesicle, autophagosome membrane",3
"Cytoplasmic vesicle membrane:Endoplasmic reticulum membrane:Cell membrane:Cytoplasm:Cytoplasm, perinuclear region",3
"Cytoplasmic vesicle, autophagosome membrane:Endomembrane system:Cytoplasm, cytoskeleton",3
"Cytoplasmic vesicle, autophagosome membrane:Endomembrane system:Cytoplasm, cytoskeleton:Golgi apparatus membrane:Cytoplasmic vesicle",3
"Cytoplasmic vesicle, autophagosome membrane:Endomembrane system:Mitochondrion membrane:Cytoplasm, cytoskeleton:Cytoplasmic vesicle",3
"Cytoplasmic vesicle, autophagosome membrane:Lysosome membrane",3
"Nucleus:Cytoplasm, cytoskeleton, spindle:Cytoplasm, cytoskeleton, phragmoplast",3
"Cytoplasmic vesicle, autophagosome:Cytoplasm:Autolysosome",3
"Nucleus:Cytoplasm, cytosol:Synapse",3
"Cytoplasmic vesicle, COPI-coated vesicle membrane:Endoplasmic reticulum:Golgi apparatus, cis-Golgi network",3
"Cytoplasmic vesicle, COPI-coated vesicle membrane:Endoplasmic reticulum-Golgi intermediate compartment membrane:Endoplasmic reticulum membrane",3
Cytoplasmic vesicle membrane:Mitochondrion,3
"Nucleus:Cytoplasm, perinuclear region:Cytoplasm:Cell membrane",3
"Nucleus:Cytoplasm, perinuclear region:Lysosome",3
"Nucleus:Cytoplasm, sarcoplasm",3
"Cytoplasmic vesicle membrane:Membrane, coated pit:Melanosome:Cytoplasm, cytoskeleton, spindle",3
"Nucleus:Cytoplasm:Cell junction:Cytoplasm, cytoskeleton, stress fiber:Cytoplasm, perinuclear region",3
"Cytoplasmic vesicle membrane:Membrane, coated pit:Cytoplasm, cytoskeleton, spindle",3
"Nucleus:Cytoplasm:Cell membrane:Cytoplasm, cytoskeleton, microtubule organizing center, centrosome:Cytoplasm, cell cortex:Membrane",3
Cytoplasmic vesicle membrane:Late endosome membrane:Lysosome membrane,3
"Cytoplasmic vesicle membrane:Golgi apparatus:Membrane, clathrin-coated pit",3
Cytoplasmic vesicle membrane:Golgi apparatus membrane:Membrane,3
Nucleus:Cytoplasm:Cell membrane:Membrane raft,3
"Nucleus:Cytoplasm:Cell projection, dendrite",3
"Cytoplasmic vesicle membrane:Golgi apparatus membrane:Cytoplasm:Cytoplasm, perinuclear region",3
Nucleus:Cytoplasm:Cytoplasmic granule:Chromosome,3
Nucleus:Cytoplasm:Cytoplasmic vesicle:Mitochondrion matrix,3
"Nucleus:Cytoplasm:Endoplasmic reticulum:Golgi apparatus, Golgi stack",3
Nucleus:Membrane:Cytoplasm:Early endosome,3
"Nucleus:Nucleus envelope:Cytoplasm, cytosol:Cytoplasm:Melanosome",3
"Cytoplasm:Nucleus:Cytoplasm, cytoskeleton:Cell junction, adherens junction:Cell junction:Cell membrane:Cytoplasm, cytoskeleton, microtubule organizing center, centrosome:Cytoplasm, cytoskeleton, spindle pole:Synapse:Cytoplasm, cytoskeleton, cilium basal body",3
"Cytoplasm:Nucleus:Cytoplasm, myofibril, sarcomere, M line:Cytoplasm, myofibril, sarcomere, Z line",3
"Cytoplasm:Nucleus:Cytoplasm, myofibril, sarcomere, Z line",3
Nucleus:Mitochondrion matrix:Chromosome,3
"Cytoplasm:Nucleus:Cytoplasm, perinuclear region:Mitochondrion",3
Cytoplasm:Nucleus:Cytoplasmic granule,3
"Cytoplasm:Perikaryon:Cell projection, dendrite:Early endosome:Cytoplasm, cell cortex",3
"Nucleus:Golgi apparatus, Golgi stack:Chromosome:Cytoplasm, cytoskeleton, microtubule organizing center, centrosome",3
"Nucleus:Endoplasmic reticulum:Cytoplasm, cytosol",3
Nucleus:Endoplasmic reticulum:Cytoplasm,3
Cytoplasm:Nucleus:Dynein axonemal particle,3
Cytoplasm:Nucleus:Early endosome,3
"Cytoplasm:Nucleus:Early endosome:Nucleus, nuclear body",3
"Nucleus:Nucleus envelope:Nucleus membrane:Nucleus matrix:Cytoplasm:Cytoplasm, cell cortex:Cytoplasm, cytoskeleton:Cell membrane:Cell projection, dendrite:Synapse:Synapse, synaptosome:Postsynaptic density:Membrane",3
"Nucleus:Nucleus envelope:Nucleus, PML body:Cytoplasm, cytosol:Cell membrane, sarcolemma",3
"Cytoplasm:Nucleus:Cytoplasm, cytoskeleton, microtubule organizing center, centrosome:Synapse:Presynaptic active zone:Cytoplasmic vesicle, secretory vesicle, synaptic vesicle",3
"Nucleus:Nucleus matrix:Chromosome:Nucleus speckle:Cytoplasm, cytoskeleton, microtubule organizing center, centrosome:Chromosome, centromere, kinetochore:Cytoplasm, cytoskeleton, spindle:Cytoplasm, cytoskeleton, spindle pole:Midbody:Cytoplasm:Cell surface:Cytoplasmic granule",3
"Cytoplasm:Nucleus:Cytoplasm, cytoskeleton, microtubule organizing center, centrosome:Secreted",3
"Cytoplasm:Nucleus:Cytoplasm, cytoskeleton, microtubule organizing center, centrosome:Cytoplasm, perinuclear region:Cell membrane:Cytoplasm, cytoskeleton, spindle:Golgi apparatus",3
Nucleus:Nucleus membrane:Cytoplasm,3
"Cytoplasm:Nucleus:Cytoplasm, Stress granule:Cytoplasm, P-body",3
Nucleus:Nucleus membrane:Cytoplasm:Cell membrane:Endoplasmic reticulum,3
"Cytoplasm:Nucleus:Cytoplasm, P-body:Cell junction, adherens junction:Cell junction, focal adhesion",3
"Nucleus:Nucleus membrane:Nucleus envelope:Nucleus, nuclear pore complex:Cytoplasm:Cytoplasm, cytoskeleton, spindle:Chromosome, centromere, kinetochore:Nucleus membrane",3
"Cytoplasm:Nucleus:Cytoplasm, Cytoplasmic ribonucleoprotein granule",3
Nucleus:Nucleus speckle:Chromosome:Cytoplasm,3
"Cytoplasm:Nucleus:Chromosome:Chromosome, centromere:Cytoplasm, cytoskeleton, spindle:Chromosome, centromere, kinetochore:Midbody",3
"Nucleus:Nucleus speckle:Cytoplasm:Cell membrane:Cytoplasm, cytoskeleton, microtubule organizing center, centrosome",3
Nucleus:Nucleus speckle:Cytoplasmic granule,3
"Cytoplasm:Nucleus:Cell projection, lamellipodium:Cell projection, filopodium:Cell projection, growth cone:Postsynaptic density:Cytoplasm, cytoskeleton",3
"Nucleus:Cytoplasmic vesicle:Cytoplasm, cytoskeleton:Endomembrane system:Cytoplasmic vesicle, autophagosome membrane",3
Cytoplasm:Nucleus:Endosome,3
Cytoplasm:Nucleus:Endosome:Cell membrane:Cleavage furrow:Midbody,3
"Cytoplasm:Nucleus:Nucleus speckle:Nucleus, nuclear body:Cytoplasm, Stress granule",3
Cytoplasm:Nucleus:Synapse:Postsynaptic density:Secreted,3
Cytoplasm:Nucleus:Secreted:Cell membrane,3
Nucleus:Cytoplasm:Endosome:Golgi apparatus,3
"Nucleus:Cytoplasm:Golgi apparatus membrane:Cell membrane:Membrane, caveola",3
"Cytoplasm:Nucleus:Postsynaptic density:Cytoplasmic vesicle, secretory vesicle, synaptic vesicle",3
Cytoplasm:Nucleus:Peroxisome:Mitochondrion,3
Cytoplasm:Nucleus:Peroxisome,3
"Cytoplasm:Nucleus:Nucleus:Cytoplasm, perinuclear region:Membrane",3
Nucleus:Cytoplasm:Lysosome:Late endosome,3
"Cytoplasm:Nucleus:Nucleus, nucleolus:Mitochondrion inner membrane:Cytoplasm, cytoskeleton, spindle",3
"Cytoplasm:Nucleus:Nucleus, nucleolus:Cell membrane",3
Nucleus:Cytoplasm:Melanosome:Cell membrane:Mitochondrion,3
"Nucleus:Cytoplasm:Melanosome:Cell projection, lamellipodium:Cell projection, ruffle",3
Nucleus:Cytoplasm:Membrane:Mitochondrion:Nucleus:Cytoplasm,3
"Cytoplasm:Nucleus:Nucleus speckle:Cytoplasm, cytoskeleton, microtubule organizing center, centrosome:Cytoplasm, cytoskeleton, spindle pole",3
Nucleus:Cytoplasm:Synapse,3
"Cytoplasm:Nucleus:Nucleus speckle:Cytoplasm, cytoskeleton, microtubule organizing center, centrosome",3
"Nucleus:Cytoplasm:Midbody:Chromosome, telomere",3
"Cytoplasm:Nucleus:Mitochondrion:Cytoplasm, cytosol",3
"Nucleus:Cytoplasm:Mitochondrion:Cytoplasm, cytoskeleton, microtubule organizing center, centrosome:Cytoplasm, cytoskeleton, spindle",3
Cytoplasm:Nucleus:Mitochondrion inner membrane,3
Nucleus:Cytoplasm:Mitochondrion:Mitochondrion matrix:Mitochondrion inner membrane,3
"Nucleus:Cytoplasm:Nucleus speckle:Cytoplasmic granule:Cytoplasm, cytoskeleton, microtubule organizing center, centrosome",3
Cytoplasm:Nucleus:Membrane:Cell membrane,3
"Cytoplasm:Nucleus:Membrane, caveola:Cell junction, focal adhesion",3
"Nucleus:Cytoplasm:Nucleus, PML body:Chromosome",3
Cytoplasm:Nucleus:Membrane raft,3
Cytoplasm:Nucleus:Melanosome,3
"Nucleus:Cytoplasm:Secreted, extracellular space, extracellular matrix",3
Nucleus:Cytoplasm:Secreted:Endoplasmic reticulum,3
"Cytoplasmic vesicle, autophagosome:Cytoplasmic vesicle membrane:Cytoplasm, cytoskeleton:Endoplasmic reticulum:Golgi apparatus",3
"Cytoplasmic vesicle, autophagosome:Endoplasmic reticulum membrane:Golgi apparatus",3
"Nucleus speckle:Cell projection, lamellipodium:Nucleus:Cell projection, growth cone:Cell projection, dendrite",3
Endomembrane system:Endoplasmic reticulum membrane:Cell membrane,3
"Endomembrane system:Cell junction, adherens junction:Cell projection, cilium, flagellum:Cytoplasmic vesicle, secretory vesicle, acrosome",3
Endomembrane system:Cell membrane,3
"Nucleus, nucleolus:Nucleus, nucleoplasm:Nucleus:Cytoplasm",3
"Nucleus, nucleolus:Nucleus, nucleoplasm:Nucleus:Chromosome, telomere:Cytoplasm:Nucleus, PML body",3
"Nucleus, nucleolus:Nucleus, nucleoplasm:Cytoplasm:Dynein axonemal particle",3
"Nucleus, nucleolus:Nucleus, nucleoplasm:Cytoplasm, cytosol:Mitochondrion",3
"Endomembrane system:Late endosome membrane:Cell membrane:Cell projection:Lysosome membrane:Endosome membrane:Endosome, multivesicular body membrane:Endosome, multivesicular body lumen",3
Endoplasmic reticulum lumen:Cytoplasm,3
"Endomembrane system:Lysosome membrane:Golgi apparatus membrane:Endoplasmic reticulum membrane:Cytoplasm, cytosol",3
Endomembrane system:Nucleus:Apical cell membrane,3
"Nucleus, nucleolus:Nucleus, nucleoplasm:Cytoplasm, cytoskeleton, microtubule organizing center, centrosome",3
"Nucleus, nucleolus:Nucleus, nucleoplasm:Chromosome:Cytoplasm",3
"Nucleus, nucleolus:Nucleus membrane",3
"Nucleus, nucleolus:Cytoplasm:Cytoplasmic granule",3
"Nucleus, nucleolus:Nucleus:Cytoplasm, cytoskeleton:Chromosome, centromere:Cytoplasm, cytoskeleton, spindle:Chromosome:Midbody:Cell membrane",3
"Nucleus, nucleoplasm:Chromosome:Chromosome, centromere",3
"Nucleus, nucleoplasm:Cytoplasm, P-body",3
"Nucleus, nucleoplasm:Cytoplasm:Nucleus, nucleolus:Nucleus",3
"Nucleus, nucleoplasm:Mitochondrion matrix:Nucleus, nucleolus",3
"Early endosome:Cytoplasmic vesicle, phagosome",3
Early endosome:Cell membrane:Cytoplasmic vesicle,3
"Nucleus, nucleoplasm:Nucleus, Cajal body:Nucleus speckle:Cytoplasm",3
"Early endosome membrane:Recycling endosome membrane:Synapse, synaptosome",3
"Early endosome membrane:Recycling endosome membrane:Cell projection, axon:Cell projection, dendrite:Synapse",3
Early endosome membrane:Recycling endosome membrane:Cell membrane:Nucleus:Cytoplasm:Postsynaptic density,3
"Early endosome membrane:Nucleus:Cell membrane:Endosome membrane:Cytoplasm:Cytoplasmic vesicle, phagosome:Cell projection, ruffle:Cell projection, ruffle membrane:Cell membrane:Cytoplasmic vesicle, phagosome membrane",3
Early endosome membrane:Late endosome membrane:Lysosome membrane:Cytoplasmic granule:Recycling endosome membrane,3
Early endosome membrane:Late endosome membrane:Endoplasmic reticulum membrane:Lysosome membrane:Recycling endosome membrane,3
Early endosome membrane:Late endosome membrane:Cytoplasm:Lysosome,3
"Nucleus, nucleoplasm:Nucleus, PML body",3
"Early endosome membrane:Golgi apparatus, trans-Golgi network membrane:Golgi apparatus membrane:Cell projection, axon:Cytoplasm, cytoskeleton",3
Endoplasmic reticulum lumen:Cell membrane:Melanosome,3
Endoplasmic reticulum lumen:Melanosome:Cytoplasm:Cell surface,3
"Nucleus:Cytoplasm, cytoskeleton, microtubule organizing center, centrosome:Cytoplasm:Cytoplasm, cytoskeleton, cilium axoneme:Cytoplasm, cytoskeleton, microtubule organizing center, centrosome, centriole:Cytoplasm, cytoskeleton, microtubule organizing center",3
"Nucleus speckle:Nucleus, nucleolus:Nucleus matrix:Cytoplasm",3
Endoplasmic reticulum membrane:Endomembrane system,3
Endoplasmic reticulum membrane:Endoplasmic reticulum membrane,3
"Nucleus, Cajal body:Nucleus, nucleolus:Cytoplasm:Cytoplasm, myofibril, sarcomere, Z line",3
"Nucleus, Cajal body:Chromosome, telomere:Chromosome",3
Endoplasmic reticulum membrane:Endoplasmic reticulum membrane:Membrane:Membrane:Nucleus,3
"Endoplasmic reticulum membrane:Endoplasmic reticulum-Golgi intermediate compartment membrane:Cell membrane:Cell projection, lamellipodium membrane",3
"Endoplasmic reticulum membrane:Endoplasmic reticulum-Golgi intermediate compartment membrane:Cytoplasmic vesicle, secretory vesicle, synaptic vesicle membrane:Cytoplasmic vesicle, clathrin-coated vesicle membrane",3
"Nucleus, nuclear pore complex:Cytoplasm, cytoskeleton, spindle pole:Nucleus envelope:Cytoplasm, cytoskeleton, microtubule organizing center, centrosome",3
Endoplasmic reticulum membrane:Endoplasmic reticulum-Golgi intermediate compartment membrane:Endoplasmic reticulum,3
"Endoplasmic reticulum membrane:Endoplasmic reticulum-Golgi intermediate compartment membrane:Golgi apparatus membrane:Golgi apparatus, cis-Golgi network membrane:Golgi apparatus, trans-Golgi network membrane:Cytoplasmic vesicle, secretory vesicle membrane:Cell membrane:Melanosome",3
"Nucleus speckle:Nucleus, PML body:Nucleus",3
"Endoplasmic reticulum membrane:Golgi apparatus lumen:Secreted:Cell projection, dendrite",3
"Nucleus speckle:Cytoplasm, cytoskeleton, microtubule organizing center, centrosome",3
"Nucleus speckle:Cytoplasm, cytoskeleton, cilium basal body:Cytoplasm, cytoskeleton, microtubule organizing center, centrosome, centriole:Golgi apparatus:Golgi apparatus, trans-Golgi network",3
"Endoplasmic reticulum membrane:Cytoplasmic vesicle, secretory vesicle",3
"Endoplasmic reticulum membrane:Cytoplasmic vesicle, COPII-coated vesicle membrane:Cytoplasm:Nucleus:Endosome",3
"Nucleus, Cajal body:Nucleus, nucleoplasm:Cytoplasm",3
"Endoplasmic reticulum membrane:Cytoplasm:Nucleus:Cytoplasm, cytoskeleton, microtubule organizing center, centrosome:Cytoplasm, cytoskeleton",3
Endoplasmic reticulum membrane:Cytoplasm:Nucleus,3
"Nucleus, gem:Nucleus, Cajal body:Cytoplasm:Cytoplasmic granule:Perikaryon:Cell projection, neuron projection:Cell projection, axon:Cytoplasm, myofibril, sarcomere, Z line",3
"Nucleus, nuclear pore complex:Chromosome, centromere, kinetochore",3
Endoplasmic reticulum membrane:Cell membrane:Synapse:Endoplasmic reticulum membrane:Cell membrane:Cell junction:Endoplasmic reticulum membrane,3
Endoplasmic reticulum membrane:Cell membrane:Nucleus:Cytoplasm,3
"Endoplasmic reticulum membrane:Cell membrane:Cytoplasmic vesicle, autophagosome",3
"Nucleus, nuclear pore complex:Chromosome, centromere, kinetochore:Cytoplasm, cytoskeleton, spindle:Cytoplasm:Nucleus membrane",3
"Endoplasmic reticulum membrane:Cell membrane:Cytoplasm:Cytoplasm, cytoskeleton",3
"Endoplasmic reticulum membrane:Cell membrane:Cell junction, tight junction:Nucleus membrane",3
Endoplasmic reticulum lumen:Secreted:Cell membrane,3
Endoplasmic reticulum lumen:Secreted,3
Endoplasmic reticulum lumen:Sarcoplasmic reticulum lumen:Melanosome,3
Endoplasmic reticulum lumen:Nucleus,3
"Nucleus, nucleoplasm:Nucleus, nucleolus:Nucleus:Cytoplasm",3
"Nucleus:Cell junction, adherens junction:Cell projection, dendrite:Perikaryon",3
"Early endosome membrane:Endosome membrane:Golgi apparatus, trans-Golgi network membrane",3
"Cytoplasmic vesicle, secretory vesicle membrane:Cytoplasmic vesicle, secretory vesicle, synaptic vesicle membrane:Cytoplasmic vesicle, secretory vesicle membrane",3
"Cytoplasmic vesicle, secretory vesicle lumen:Nucleus, nucleolus",3
Nucleus:Chromosome:Nucleus,3
Nucleus:Chromosome:Mitochondrion,3
Nucleus:Chromosome:Cytoplasm:Secreted,3
"Nucleus:Chromosome:Cytoplasm:Cytoplasm, cytoskeleton, microtubule organizing center, centrosome",3
"Nucleus:Chromosome:Cytoplasm:Cytoplasm, cytoskeleton, cilium basal body",3
"Cytoplasmic vesicle, secretory vesicle membrane:Cytoplasmic vesicle, secretory vesicle, synaptic vesicle membrane:Cytoplasmic vesicle, secretory vesicle, chromaffin granule membrane:Cytoplasm",3
Nucleus:Cell membrane:Endoplasmic reticulum-Golgi intermediate compartment,3
"Nucleus:Chromosome:Cytoplasm, cytosol",3
"Cytoplasmic vesicle, secretory vesicle membrane:Golgi apparatus, trans-Golgi network membrane:Late endosome membrane:Lysosome membrane:Endoplasmic reticulum membrane:Cytoplasmic vesicle, phagosome membrane:Synapse, synaptosome",3
"Nucleus:Chromosome:Cytoplasm, cytoskeleton, spindle",3
"Nucleus:Chromosome:Cytoplasm, cytoskeleton, microtubule organizing center, centrosome",3
"Nucleus:Chromosome:Chromosome, centromere:Cytoplasm, cytosol",3
"Cytoplasmic vesicle, secretory vesicle, acrosome:Cytoplasm, cytoskeleton, perinuclear theca",3
"Cytoplasmic vesicle, phagosome:Cytoplasmic vesicle, phagosome membrane:Golgi apparatus:Golgi apparatus, trans-Golgi network membrane:Golgi apparatus, trans-Golgi network",3
"Cytoplasmic vesicle, phagosome membrane:Late endosome membrane:Lysosome membrane:Melanosome membrane:Cytoplasmic vesicle, autophagosome membrane:Lipid droplet:Endosome membrane:Cytoplasmic vesicle:Mitochondrion membrane",3
Nucleus:Chromosome:Secreted,3
"Cytoplasmic vesicle, phagosome membrane:Cytoplasmic vesicle, secretory vesicle membrane:Endosome membrane:Golgi apparatus, trans-Golgi network membrane:Late endosome membrane:Lysosome membrane",3
"Nucleus:Cytoplasm, cytoskeleton, cilium axoneme:Cytoplasm, cytoskeleton, flagellum axoneme",3
"Cytoplasmic vesicle, clathrin-coated vesicle:Golgi apparatus, trans-Golgi network:Vesicle",3
"Cytoplasmic vesicle, clathrin-coated vesicle membrane:Membrane",3
"Nucleus:Cytoplasm, cytoskeleton, microtubule organizing center, centrosome, centriole:Cytoplasm, cytoskeleton, cilium basal body:Cytoplasm, cytoskeleton, cilium axoneme:Cytoplasm, cytoskeleton, flagellum axoneme",3
"Cytoplasmic vesicle, clathrin-coated vesicle membrane:Cytoplasmic vesicle, secretory vesicle, synaptic vesicle membrane:Membrane:Vacuole membrane",3
"Cytoplasmic vesicle, clathrin-coated vesicle membrane:Cytoplasmic vesicle, secretory vesicle, synaptic vesicle membrane:Melanosome",3
"Cytoplasmic vesicle, clathrin-coated vesicle membrane:Cytoplasmic vesicle, secretory vesicle, synaptic vesicle membrane",3
"Nucleus:Cytoplasm, cytoskeleton, microtubule organizing center, centrosome:Cell junction, adherens junction",3
"Nucleus:Cytoplasm, cytoskeleton, microtubule organizing center, centrosome:Chromosome",3
"Cytoplasmic vesicle, clathrin-coated vesicle",3
"Cytoplasmic vesicle, autophagosome:Preautophagosomal structure:Cytoplasm, cytosol:Nucleus, PML body:Late endosome:Lysosome:Nucleus:Endoplasmic reticulum:Cytoplasm, myofibril, sarcomere",3
"Nucleus:Cytoplasm, cytoskeleton, microtubule organizing center, centrosome:Cytoplasm, cytoskeleton, spindle pole:Midbody",3
"Nucleus:Cytoplasm, cytoskeleton, microtubule organizing center, centrosome:Cytoplasm, cytoskeleton, spindle:Early endosome",3
"Nucleus:Chromosome:Chromosome, centromere:Chromosome, centromere, kinetochore:Cytoplasm, cytoskeleton, spindle:Midbody",3
"Cytoplasmic vesicle, secretory vesicle, neuronal dense core vesicle membrane",3
"Nucleus:Chromosome:Chromosome, centromere, kinetochore",3
"Cytoplasmic vesicle:Cell projection, axon:Cell projection, dendrite",3
"Early endosome membrane:Endosome membrane:Endosome, multivesicular body membrane:Golgi apparatus membrane:Late endosome membrane:Lysosome membrane:Melanosome membrane:Membrane:Mitochondrion outer membrane:Secreted, extracellular exosome",3
Early endosome membrane:Endosome membrane,3
Early endosome membrane:Endoplasmic reticulum,3
"Early endosome membrane:Cytoplasm, cytosol",3
Early endosome membrane:Cell membrane:Cytoplasm:Nucleus,3
"Nucleus:Cell projection, growth cone",3
"Nucleus:Chromosome, centromere, kinetochore:Chromosome",3
"Nucleus:Chromosome, centromere, kinetochore:Cytoplasm, cytoskeleton, microtubule organizing center, centrosome:Cytoplasm, cytoskeleton, spindle:Midbody",3
"Cytoplasmic vesicle:Late endosome membrane:Lysosome membrane:Early endosome:Cytoplasmic vesicle, autophagosome:Cytoplasmic vesicle, clathrin-coated vesicle",3
"Nucleus:Chromosome, centromere, kinetochore:Cytoplasm, cytoskeleton, phragmoplast:Cytoplasm, cytoskeleton, spindle",3
Cytoplasmic vesicle:Early endosome:Recycling endosome,3
"Nucleus:Chromosome, centromere, kinetochore:Cytoplasm, cytoskeleton, spindle pole:Cytoplasm, cytoskeleton, microtubule organizing center",3
"Cytoplasmic vesicle:Cytoplasm, cytoskeleton:Cell projection, ruffle",3
"Cytoplasmic vesicle:Cytoplasm, cytoskeleton, microtubule organizing center, centrosome:Midbody:Nucleus envelope",3
"Nucleus:Chromosome, centromere:Chromosome, centromere, kinetochore:Nucleus matrix:Nucleus, nucleolus",3
"Nucleus:Chromosome, telomere:Cytoplasm",3
"Cytoplasmic vesicle, secretory vesicle, synaptic vesicle membrane:Synapse, synaptosome:Late endosome membrane:Lysosome membrane",3
"Nucleus:Chromosome, centromere:Chromosome, telomere:Cytoplasm, cytoskeleton, microtubule organizing center, centrosome:Chromosome, centromere, kinetochore",3
"Cytoplasmic vesicle, secretory vesicle, synaptic vesicle membrane:Recycling endosome:Endoplasmic reticulum membrane",3
"Cytoplasmic vesicle, secretory vesicle, synaptic vesicle membrane:Recycling endosome membrane",3
"Cytoplasmic vesicle, secretory vesicle, synaptic vesicle membrane:Presynaptic active zone",3
"Cytoplasmic vesicle, secretory vesicle, synaptic vesicle membrane:Postsynapse:Presynapse",3
"Nucleus:Chromosome, centromere:Cytoplasm, cytoskeleton, spindle",3
"Cytoplasmic vesicle, secretory vesicle, synaptic vesicle membrane:Membrane:Cytoplasm, cytosol:Cell membrane",3
"Cytoplasmic vesicle, secretory vesicle, synaptic vesicle membrane:Melanosome",3
"Cytoplasmic vesicle, secretory vesicle, synaptic vesicle membrane:Cytoplasmic vesicle, secretory vesicle, chromaffin granule membrane:Cytoplasm",3
"Cytoplasmic vesicle, secretory vesicle, synaptic vesicle membrane:Cytoplasmic vesicle, secretory vesicle, acrosome",3
"Cytoplasmic vesicle, secretory vesicle, synaptic vesicle membrane:Cytoplasmic vesicle, secretory vesicle membrane:Cell projection, axon:Cell projection, dendrite",3
"Cytoplasmic vesicle, secretory vesicle, synaptic vesicle membrane:Cytoplasm, cytoskeleton",3
"Cytoplasmic vesicle, secretory vesicle, synaptic vesicle membrane:Cell projection, dendritic spine:Postsynaptic cell membrane:Membrane",3
Golgi apparatus membrane:Mitochondrion membrane,3
Acidocalcisome membrane,3
Zymogen granule membrane:Zymogen granule lumen,3
Basolateral cell membrane:Basal cell membrane:Apical cell membrane,3
"Cytoplasm, cytoskeleton:Cytoplasm, cytoskeleton, microtubule organizing center",3
"Cell membrane:Cell membrane, sarcolemma:Perikaryon:Postsynaptic density membrane:Cell projection, dendrite:Cell membrane, sarcolemma, T-tubule",3
"Cytoplasm, cytoskeleton:Cytoplasm, cytoskeleton, cilium basal body:Cytoplasm, cytoskeleton, cilium axoneme:Cell projection, cilium, flagellum",3
"Cell membrane:Cytoplasm, cytoskeleton:Apical cell membrane:Cell projection, microvillus membrane:Cell projection, microvillus",3
"Cell membrane:Cell membrane:Cell junction, hemidesmosome",3
"Cell junction:Cytoplasm:Nucleus:Cytoplasm, myofibril, sarcomere, Z line",3
Cell projection:Cytoplasm,3
"Cell projection:Cell junction, tight junction:Cell junction, adherens junction:Cell projection, phagocytic cup:Nucleus:Cytoplasm, cytosol",3
"Cell projection, stereocilium:Cell projection, microvillus:Nucleus, nucleoplasm:Cytoplasm",3
"Cell membrane:Cytoplasm, cytoskeleton, cilium basal body",3
"Cell membrane:Membrane:Perikaryon:Cytoplasm, perinuclear region:Endoplasmic reticulum",3
"Cytoplasm, cytoskeleton, microtubule organizing center, centrosome:Cell projection, cilium:Cytoplasm, cytoskeleton, microtubule organizing center, centrosome, centriole:Cytoplasm, cytoskeleton, spindle pole:Cell projection, cilium, flagellum",3
"Cell projection, stereocilium:Cell projection, kinocilium:Cytoplasm, cytoskeleton",3
Cell membrane:Membrane:Secreted:Secreted:Secreted,3
"Cell membrane:Cytoplasm, cytoskeleton, cilium axoneme:Cytoplasm, cytoskeleton, cilium basal body",3
"Cell membrane:Cell membrane, sarcolemma:Cell projection, dendrite",3
Basolateral cell membrane:Apical cell membrane:Zymogen granule membrane,3
"Cytoplasm, cytoskeleton, microtubule organizing center, centrosome:Chromosome, centromere, kinetochore:Cytoplasm, cytoskeleton, spindle pole",3
Cell surface:Cell membrane:Endosome,3
Cell surface:Lysosome membrane:Cytoplasmic vesicle membrane:Early endosome membrane,3
"Cell membrane:Membrane, clathrin-coated pit:Golgi apparatus:Cytoplasmic vesicle, clathrin-coated vesicle:Nucleus",3
"Cell membrane:Membrane, clathrin-coated pit:Golgi apparatus:Early endosome:Late endosome:Lysosome",3
"Cell membrane:Membrane, clathrin-coated pit:Presynapse",3
"Cytoplasm, cytoskeleton:Cytoplasm, cytoskeleton, microtubule organizing center, centrosome:Cytoplasm, cytoskeleton, spindle pole:Nucleus",3
Cell membrane:Cell junction:Synapse,3
"Cell membrane:Cytoplasm, cytoskeleton:Cytoplasm:Cell projection, dendrite",3
"Cell membrane:Cytoplasm, cytoskeleton:Cytoplasm, perinuclear region:Nucleus:Cell projection, cilium:Cytoplasm:Mitochondrion",3
"Cell membrane:Cytoplasm, cytoskeleton:Cleavage furrow:Cytoplasm, cell cortex:Midbody:Cell projection, lamellipodium:Cell projection, dendrite:Nucleus:Cytoplasm",3
"Cytoplasm, cytoskeleton:Cytoplasm, cytoskeleton, microtubule organizing center, centrosome:Cytoplasm, cell cortex",3
"Cell membrane:Cell membrane, sarcolemma:Cell junction:Cell surface:Cell junction, desmosome:Cell junction, adherens junction",3
"Cytoplasm, cytoskeleton, microtubule organizing center, centrosome, centriole:Nucleus, nucleolus:Cleavage furrow:Cytoplasm, cytoskeleton, microtubule organizing center, centrosome",3
"Cytoplasm, cytoskeleton, microtubule organizing center, centrosome:Cell membrane",3
"Cell membrane:Cell membrane, sarcolemma:Cell membrane, sarcolemma, T-tubule",3
"Cell surface:Cytoplasm:Cytoplasm, cytoskeleton, spindle",3
"Cell membrane:Cytoplasm, cell cortex:Cytoplasmic vesicle membrane:Lipid droplet",3
"Cell projection, stereocilium:Apical cell membrane:Basal cell membrane",3
"Cell membrane:Cytoplasm:Cell projection:Cell projection, growth cone:Cell junction, tight junction:Cell junction, adherens junction",3
"Cell projection, stereocilium membrane",3
"Cell membrane:Nucleus inner membrane:Cell projection, dendrite:Cell projection, axon:Presynaptic cell membrane:Perikaryon:Postsynaptic density membrane:Early endosome membrane",3
Cell membrane:Cell surface:Secreted,3
Bud neck:Bud tip,3
"Cytoplasm, cytoskeleton:Cell projection:Synapse, synaptosome:Nucleus",3
Cell membrane:Nucleus outer membrane,3
"Cell projection, rhabdomere membrane",3
"Cell membrane:Nucleus:Cytoplasm, cytosol:Cytoplasmic vesicle",3
"Cytoplasm, cytoskeleton, microtubule organizing center, centrosome:Cytoplasm, cytoskeleton, microtubule organizing center, centrosome, centriole:Cytoplasm, cytoskeleton, microtubule organizing center, centrosome, centriolar satellite",3
"Cytoplasm, cytoskeleton:Cell projection, ruffle:Cell projection:Cell projection, lamellipodium:Cytoplasm, cytosol",3
"Cytoplasm, cytoskeleton:Cell projection, ruffle:Cell junction",3
"Cell membrane:Cell membrane:Cell projection, ruffle membrane:Cytoplasm, cytosol:Cytoplasm, cytoskeleton:Mitochondrion inner membrane:Mitochondrion intermembrane space",3
"Cell membrane:Nucleus:Cytoplasm:Cytoplasm, perinuclear region:Golgi apparatus:Membrane",3
"Cytoplasm, cytoskeleton:Cell projection, ruffle membrane:Cell projection, phagocytic cup",3
"Cytoplasm, cytoskeleton, microtubule organizing center, centrosome:Cytoplasm, cytoskeleton, microtubule organizing center, centrosome, centriole:Cytoplasm, cytoskeleton, spindle",3
Cell membrane:Nucleus:Cytoplasm:Golgi apparatus,3
Cell membrane:Nucleus envelope,3
"Cytoplasm, cytoskeleton, microtubule organizing center, centrosome:Cytoplasm, cytoskeleton, flagellum axoneme",3
Cell membrane:Microsome,3
"Cell membrane:Mitochondrion:Mitochondrion inner membrane:Mitochondrion intermembrane space:Membrane raft:Cytoplasm, cytoskeleton",3
"Cytoplasm, cytoskeleton:Cytoplasm, cell cortex:Cytoplasmic vesicle, secretory vesicle, Cortical granule",3
"Cytoplasm, cytoskeleton:Cytoplasm, cell cortex:Cytoplasmic vesicle, phagosome membrane",3
"Cytoplasm, cytoskeleton, microtubule organizing center, centrosome:Chromosome, centromere, kinetochore:Nucleus:Cytoplasm, cytoskeleton, spindle pole",3
Cell membrane:Mitochondrion inner membrane,3
Cell membrane:Mitochondrion inner membrane:Apical cell membrane:Basolateral cell membrane:Smooth endoplasmic reticulum membrane,3
"Cell membrane:Cleavage furrow:Midbody, Midbody ring:Mitochondrion",3
"Cell membrane:Mitochondrion inner membrane:Nucleus:Cytoplasm, cytoskeleton:Cytoplasm, perinuclear region:Cell junction, focal adhesion",3
"Cytoplasm, cytoskeleton, microtubule organizing center, centrosome:Chromosome:Cytoplasm, cytoskeleton:Nucleus:Mitochondrion",3
Cell membrane:Mitochondrion membrane,3
"Basolateral cell membrane:Cytoplasmic vesicle, secretory vesicle, synaptic vesicle membrane:Lysosome membrane",3
"Cytoplasm, cytoskeleton, microtubule organizing center, centrosome:Cytoplasm, cytoskeleton, cilium axoneme:Cytoplasm, cytoskeleton, cilium basal body",3
"Cell membrane:Mitochondrion outer membrane:Endoplasmic reticulum membrane:Golgi apparatus membrane:Endosome membrane:Lysosome membrane:Late endosome membrane:Early endosome membrane:Secreted, extracellular exosome:Mitochondrion:Endosome, multivesicular body membrane:Melanosome membrane",3
Basolateral cell membrane:Golgi apparatus lumen:Endosome membrane:Cytoplasmic granule:Apical cell membrane,3
"Cytoplasm, cytoskeleton, microtubule organizing center, centrosome:Cytoplasm, cytoskeleton, cilium basal body:Membrane",3
"Cytoplasm, cytoskeleton:Cytolytic granule membrane:Lysosome membrane",3
"Cell membrane:Membrane, clathrin-coated pit:Cytoplasmic vesicle, clathrin-coated vesicle:Endosome:Melanosome",3
"Cell membrane:Cytoplasm, cytosol:Cell junction, tight junction:Cell junction, adherens junction",3
"Cytoplasm, cytoskeleton:Cytoplasm, cytoskeleton, microtubule organizing center, centrosome:Cytoplasm, cytoskeleton, spindle:Nucleus membrane",3
Cell membrane:Lateral cell membrane:Cytoplasm,3
"Cytoplasm, cytoskeleton, microtubule organizing center, centrosome, centriole:Cytoplasm",3
"Chromosome, telomere:Nucleus, nucleolus",3
Apical cell membrane:Membrane:Cell membrane,3
"Cytoplasm, cytoskeleton, microtubule organizing center, centrosome, centriole:Cytoplasm, cytoskeleton, cilium basal body",3
"Cell membrane:Cell junction, septate junction",3
"Cell membrane:Lysosome membrane:Late endosome membrane:Endosome, multivesicular body:Melanosome:Secreted, extracellular exosome:Cell surface",3
Apical cell membrane:Recycling endosome membrane:Endosome:Cell membrane,3
"Cell membrane:Cell junction, tight junction:Cytoplasm:Cell projection, cilium membrane:Nucleus",3
Cell membrane:Melanosome membrane:Early endosome membrane,3
Cell membrane:Melanosome:Cytoplasm,3
"Chromosome, centromere:Chromosome, centromere, kinetochore:Chromosome",3
"Cell membrane:Melanosome:Cytoplasm:Cell projection, lamellipodium:Cell projection, dendrite:Synapse:Nucleus",3
"Cell membrane:Cytoplasm, perinuclear region:Cell membrane, sarcolemma, T-tubule:Cell junction",3
"Cytoplasm, cytoskeleton:Cytoplasm, cytosol:Cell membrane:Cytoplasmic vesicle membrane",3
"Cytoplasm, cytoskeleton, microtubule organizing center, centrosome, centriole:Cytoplasm, cytoskeleton, cilium basal body:Cytoplasm, cytoskeleton, spindle pole",3
"Cytoplasm, cytoskeleton, microtubule organizing center, centrosome, centriole:Cell projection, dendrite",3
"Chromosome, telomere:Nucleus:Cytoplasm, cytoskeleton, microtubule organizing center, centrosome",3
"Cytoplasm, cytoskeleton:Cytoplasm, cytoskeleton, microtubule organizing center, centrosome:Cytoplasm, cytoskeleton, stress fiber:Cytoplasm, cell cortex:Cytoplasm, myofibril, sarcomere",3
"Apical cell membrane:Melanosome:Cytoplasm:Cytoplasmic vesicle, secretory vesicle, synaptic vesicle membrane:Cytoplasmic vesicle, clathrin-coated vesicle membrane",3
Cell membrane:Golgi apparatus:Endoplasmic reticulum:Endosome:Melanosome,3
"Chromosome:Nucleus, nucleolus",3
Chromosome:Nucleus matrix,3
"Cell membrane:Cytoplasm:Cell projection, axon:Cell projection, dendrite",3
"Cytoplasm, cytoskeleton, microtubule organizing center, centrosome, centriolar satellite:Cell projection, cilium",3
"Cell membrane:Cytoplasm:Cell projection, axon",3
Apical cell membrane:Lateral cell membrane:Basal cell membrane,3
Cell membrane:Golgi apparatus:Nucleus:Nucleus membrane,3
"Cell membrane:Cytoplasm, perinuclear region:Nucleus",3
"Cell membrane, sarcolemma:Cytoplasmic vesicle membrane",3
"Cell membrane:Late endosome membrane:Early endosome membrane:Lysosome membrane:Cytoplasm, perinuclear region",3
Apical cell membrane:Lipid droplet:Endoplasmic reticulum membrane,3
"Cytoplasm, cytoskeleton:Cytoplasm, myofibril, sarcomere, Z line:Cell membrane:Cell junction:Cell projection, ruffle",3
"Cytoplasm, cytoskeleton, microtubule organizing center, centrosome, centriole:Cell projection, cilium, flagellum",3
Apical cell membrane:Melanosome membrane:Lysosome membrane:Cytoplasmic vesicle membrane,3
"Cell membrane:Cytoplasm, perinuclear region",3
"Chromosome, centromere, kinetochore:Nucleus, nuclear pore complex:Lysosome membrane",3
"Chromosome, centromere, kinetochore:Cytoplasm, cytoskeleton:Nucleus",3
"Cytoplasm, cytoskeleton:Cytoplasm, cytoskeleton, stress fiber:Cytoplasm, cell cortex:Cell junction:Nucleus",3
Cell membrane:Membrane raft:Perikaryon:Cell projection,3
"Cytoplasm, cytoskeleton:Cytoplasm, cytoskeleton, spindle pole:Cytoplasm, cytoskeleton, microtubule organizing center, centrosome:Midbody",3
Cell membrane:Membrane raft:Postsynaptic cell membrane,3
"Cytoplasm, cytoskeleton, microtubule organizing center, centrosome, centriole:Cytoplasm, cytoskeleton, spindle:Cytoplasm, cytoskeleton:Cytoplasm, cytoskeleton, cilium basal body:Cytoplasm, cytoskeleton, cilium axoneme:Cell projection, axon:Cell projection, cilium:Cytoplasm, cytoskeleton, microtubule organizing center, centrosome",3
Basolateral cell membrane:Apical cell membrane:Basal cell membrane,3
Cell membrane:Membrane raft:Synapse,3
"Basolateral cell membrane:Apical cell membrane:Cell junction, adherens junction",3
"Cell membrane:Cytoplasm, cytosol:Cytoplasmic vesicle",3
"Cytoplasm, cytoskeleton, microtubule organizing center, centrosome, centriole:Cytoplasm, cytoskeleton, spindle:Nucleus",3
"Cell membrane:Cytoplasm, cytosol:Cytoplasm, cytoskeleton, spindle pole:Nucleus:Mitochondrion",3
"Cell projection, cilium, flagellum:Lipid droplet",3
"Cell membrane:Membrane, caveola:Cytoplasm, cytosol:Lipid droplet",3
"Cell membrane:Membrane, caveola:Cytoplasm, perinuclear region",3
"Cell membrane:Membrane, caveola:Early endosome membrane:Recycling endosome membrane:Lysosome membrane",3
"Cell membrane:Membrane, caveola:Endosome membrane:Cytoplasm, cytosol",3
"Cell membrane, sarcolemma:Apical cell membrane:Membrane, caveola:Cell membrane, sarcolemma, T-tubule",3
"Cell membrane, sarcolemma:Cell membrane:Cytoplasm, cytoskeleton:Membrane:Nucleus, nucleoplasm:Postsynaptic cell membrane:Secreted, extracellular space:Synaptic cell membrane",3
"Cell membrane:Membrane raft:Membrane, caveola:Golgi apparatus membrane:Mitochondrion:Secreted, extracellular exosome:Secreted",3
Cell membrane:Membrane raft:Cell membrane:Nucleus,3
"Cell membrane:Cell junction, tight junction:Recycling endosome:Cell projection:Cytoplasm, cytoskeleton:Cytoplasm, cytosol",3
"Cell membrane:Cytoplasm, myofibril, sarcomere, Z line",3
"Apicolateral cell membrane:Cell junction, septate junction",3
"Cell membrane:Cell junction:Cell junction, adherens junction:Cell projection, lamellipodium:Cytoplasm:Postsynapse:Presynapse",3
"Cell membrane:Cell junction:Cell junction, desmosome:Cell junction, tight junction:Secreted",3
"Cytoplasm, cytoskeleton:Cytoplasm, cytoskeleton, stress fiber:Cell projection, lamellipodium",3
"Cytoplasm, cytoskeleton, microtubule organizing center, centrosome, centriole:Cytoplasm, cytoskeleton, microtubule organizing center, centrosome:Cytoplasm, cytoskeleton, spindle:Cytoplasm, cytoskeleton",3
Autolysosome membrane:Endosome membrane:Late endosome membrane:Lysosome membrane,3
"Cell membrane:Membrane raft:Cell projection, dendrite:Cell projection, axon:Perikaryon",3
"Cell membrane:Cell junction:Cell junction, tight junction",3
"Cell membrane:Membrane raft:Cytoplasmic vesicle, secretory vesicle, acrosome:Secreted:Cytoplasmic vesicle",3
Cell membrane:Cell junction:Early endosome:Late endosome:Lysosome,3
"Chromosome, centromere, kinetochore:Cytoplasm, cytoskeleton, microtubule organizing center, centrosome:Cytoplasm, cytoskeleton, spindle pole",3
Cell membrane:Membrane raft:Membrane,3
"Cytoplasm, cytoskeleton, microtubule organizing center, centrosome:Cytoplasm, cytoskeleton, microtubule organizing center, centrosome, centriole:Cytoplasm, cytoskeleton, spindle pole:Midbody",3
"Cell membrane:Nucleus:Lysosome:Cytoplasm:Photoreceptor inner segment:Cell projection, cilium, photoreceptor outer segment",3
Cell membrane:Nucleus:Mitochondrion,3
"Cell membrane:Cell projection, axon:Cell projection, growth cone:Cell projection, dendritic spine:Cell projection, filopodium:Cell projection, neuron projection",3
"Cell membrane:Synapse:Synapse, synaptosome:Cytoplasm, cytosol:Cell projection, filopodium:Cell projection, dendrite:Cell projection, dendritic spine",3
"Cytoplasm, cytoskeleton, stress fiber:Cytoplasm, myofibril, sarcomere, Z line",3
"Cell projection, dendrite:Cell projection, axon:Perikaryon",3
Cell membrane:Synaptic cell membrane:Endoplasmic reticulum membrane:Golgi apparatus membrane:Cell surface:Secreted,3
"Cell membrane:Cell projection, filopodium membrane:Cell projection, axon:Cell projection, dendrite:Cell projection, dendritic spine:Basolateral cell membrane:Apicolateral cell membrane",3
Cell membrane:Synaptic cell membrane:Secreted,3
"Cell membrane:Cell projection, dendritic spine",3
"Cytoplasm, cytoskeleton, spindle:Nucleus:Cytoplasm, cytoskeleton, microtubule organizing center, centrosome:Cytoplasm:Membrane, caveola:Cell junction, focal adhesion",3
"Cell junction, adherens junction:Nucleus",3
"Cell junction, adherens junction:Nucleus:Cytoplasm",3
"Cytoplasm, cytoskeleton, spindle:Midbody",3
"Cell projection, cilium:Cytoplasm:Cytoplasm, cytoskeleton, flagellum axoneme",3
"Cell membrane:Cell projection, dendrite:Presynaptic cell membrane:Postsynaptic cell membrane",3
"Cell junction, adherens junction:Nucleus:Cytoplasm, cytoskeleton, microtubule organizing center, centrosome, centriolar satellite:Cytoplasm, cytoskeleton, cilium basal body",3
"Cell projection, axon",3
"Cell membrane:Synapse:Cell projection, dendrite",3
"Cell junction, adherens junction:Cytoplasm, cytoskeleton:Cell membrane, sarcolemma",3
"Cell membrane:Cell projection, lamellipodium membrane:Membrane raft:Apical cell membrane",3
"Cytoplasm, cytoskeleton, microtubule organizing center, centrosome:Cytoplasm:Nucleus, nucleolus",3
"Cytoplasm, cytoskeleton:Cell junction, adherens junction:Cytoplasm, myofibril, sarcomere, Z line",3
"Cell membrane:Secreted:Cytoplasm, cytosol",3
Cell membrane:Secreted:Membrane raft,3
"Cell junction, adherens junction:Cell membrane:Cytoplasm, cytoskeleton:Cell junction, focal adhesion:Nucleus:Nucleus matrix",3
"Cell membrane:Cell projection, lamellipodium membrane:Cell junction, focal adhesion:Postsynaptic cell membrane:Synapse",3
Cell membrane:Secreted:Membrane raft:Golgi apparatus,3
"Cytoplasm, cytoskeleton:Cell junction, adherens junction:Cell membrane:Cell junction",3
"Cell junction, adherens junction:Cell membrane:Endosome:Golgi apparatus, trans-Golgi network:Cytoplasm:Cell junction, desmosome",3
Cell membrane:Secreted:Secreted:Secreted,3
"Cell membrane:Synapse, synaptosome",3
"Cytoplasm, cytoskeleton:Cell junction, adherens junction:Cell junction, focal adhesion:Cell projection",3
"Cell projection, dendrite:Membrane",3
"Cell membrane:Cell projection, axon:Cell projection, dendrite:Synapse:Presynaptic cell membrane:Postsynaptic cell membrane",3
"Cell membrane:Synapse:Cell projection, axon",3
"Cell junction, adherens junction:Cytoplasm, cytoskeleton:Apical cell membrane",3
"Cell membrane:Cell projection, axon:Endoplasmic reticulum-Golgi intermediate compartment membrane",3
"Cell junction, focal adhesion:Nucleus matrix:Cytoplasm, cytoskeleton",3
"Cytoplasm, cytoskeleton, spindle:Cytoplasm, cytoskeleton, spindle pole:Cytoplasm, cytoskeleton, microtubule organizing center, centrosome:Cell projection, cilium, flagellum",3
"Cell projection, cilium:Cytoplasm, cytoskeleton, microtubule organizing center, centrosome, centriole:Cytoplasm, cytoskeleton, microtubule organizing center, centrosome:Cytoplasm, cytoskeleton, spindle pole",3
"Cell membrane:Cell projection, cilium membrane:Cytoplasm:Nucleus",3
"Cell junction, focal adhesion:Cell junction, adherens junction:Cell membrane:Endoplasmic reticulum membrane:Nucleus:Melanosome:Cytoplasm, cytosol:Cytoplasm, cytoskeleton:Secreted, extracellular exosome:Membrane raft",3
"Cell projection, cilium, photoreceptor outer segment:Cytoplasm, cytoskeleton, cilium axoneme",3
"Cell projection, cilium, flagellum membrane:Endoplasmic reticulum membrane",3
"Cell projection, cilium, photoreceptor outer segment",3
"Cell projection, cilium, flagellum:Cytoplasm, cytoskeleton, cilium axoneme",3
"Cell junction, focal adhesion:Cytoplasm, cytoskeleton",3
"Cell projection, cilium, flagellum:Cytoplasm, cytoskeleton, cilium axoneme:Cytoplasm, cytoskeleton, flagellum axoneme",3
"Cell junction, focal adhesion:Cell projection, ruffle:Cytoplasm, cell cortex:Cell projection, lamellipodium",3
"Cell projection, cilium, flagellum:Cytoplasm, cytoskeleton:Cytoplasm, cytoskeleton, microtubule organizing center, centrosome",3
"Cell membrane:Cell projection, axon:Secreted:Secreted, extracellular space, extracellular matrix",3
"Cell membrane:Cell projection, axon:Secreted",3
"Cell membrane:Cell projection, axon:Presynaptic cell membrane",3
"Cell junction, focal adhesion:Cell membrane:Cytoplasm, cytoskeleton:Cytoplasm, myofibril, sarcomere, Z line",3
"Cell projection, cilium, flagellum:Cytoplasmic vesicle, secretory vesicle, acrosome:Cytoplasm",3
"Cell membrane:Cell projection, axon:Perikaryon:Cytoplasmic vesicle, secretory vesicle, synaptic vesicle membrane:Synapse, synaptosome:Postsynaptic density:Cell projection, neuron projection:Cell projection, growth cone",3
"Cell projection, cilium, photoreceptor outer segment:Membrane",3
"Cell projection, cilium membrane:Cytoplasm:Cytoplasm, cytoskeleton, cilium basal body:Cytoplasm, cytoskeleton, microtubule organizing center, centrosome, centriolar satellite",3
"Cell projection, axon:Cell projection, dendritic spine:Synapse",3
"Cell projection, axon:Cell projection, dendrite:Presynapse:Mitochondrion:Cell projection, growth cone:Cytoplasm",3
"Cytoplasm, cytoskeleton, microtubule organizing center, centrosome:Nucleus, Cajal body:Cytoplasm:Endosome",3
"Cell junction, focal adhesion:Cytoplasmic vesicle:Endosome",3
"Cell membrane:Cell projection, dendrite:Cytoplasm",3
"Cytoplasm, cytoskeleton, spindle pole:Nucleus:Cytoplasm",3
"Cell projection, cilium:Cytoplasm, cytoskeleton, cilium basal body:Cell projection, dendrite:Perikaryon",3
"Cell junction, focal adhesion:Cytoplasm:Cell projection, axon",3
"Cell projection, cilium membrane:Cytoplasm, cytoskeleton, cilium axoneme:Cytoplasm, cytoskeleton, cilium basal body",3
"Cytoplasm, cytoskeleton, microtubule organizing center, centrosome:Nucleus:Cytoplasm:Cleavage furrow",3
"Cell projection, cilium:Cytoplasm, cytoskeleton, cilium axoneme:Cell projection, kinocilium:Cytoplasm, cytoskeleton",3
"Cytoplasm, cytoskeleton, microtubule organizing center, centrosome:Nucleus:Cytoplasm:Cytoplasm, cytoskeleton, spindle:Cytoplasm, cytoskeleton, cilium axoneme:Cytoplasm, cytoskeleton, flagellum axoneme",3
"Cell projection, cilium:Cell projection, cilium, flagellum:Dynein axonemal particle:Cytoplasm",3
"Cell junction, focal adhesion:Cytoplasm, cytosol",3
"Cell membrane:Cell projection, cilium:Cell projection, stereocilium",3
"Cell membrane:Cell projection, lamellipodium membrane:Cell projection, filopodium membrane",3
"Cell membrane:Secreted, extracellular space, apoplast:Endoplasmic reticulum:Golgi apparatus",3
"Cell projection, microvillus membrane:Apical cell membrane",3
Cell inner membrane:Cell outer membrane,3
"Cell projection, invadopodium membrane:Cell membrane",3
"Cell membrane:Photoreceptor inner segment:Cell projection, cilium, photoreceptor outer segment:Cytoplasm, perinuclear region",3
"Cytoplasm, cytoskeleton, microtubule organizing center, centrosome:Cytoplasm, cytoskeleton, spindle:Chromosome, centromere, kinetochore",3
"Cell projection, growth cone:Cytoplasmic vesicle:Cytoplasm, cytoskeleton",3
Cell membrane:Postsynaptic cell membrane:Basolateral cell membrane:Endoplasmic reticulum membrane,3
"Cell membrane:Postsynaptic cell membrane:Cell projection, dendrite",3
"Cell membrane:Postsynaptic cell membrane:Cell projection, dendrite:Postsynaptic cell membrane",3
"Cytoplasm, cytoskeleton:Cell projection, cilium, flagellum",3
"Cell membrane:Postsynaptic cell membrane:Late endosome:Lysosome:Cytoplasm, cytoskeleton",3
"Cell projection, growth cone:Cytoplasm, perinuclear region",3
"Cytoplasm, cytoskeleton:Cell projection, axon:Perikaryon",3
"Cell membrane:Postsynaptic cell membrane:Postsynaptic density membrane:Cytoplasm, perinuclear region:Synapse:Cell projection, dendrite:Nucleus",3
Cell membrane:Postsynaptic cell membrane:Presynaptic cell membrane:Nucleus,3
"Cell projection, filopodium:Cell projection, podosome",3
"Cell membrane:Cell projection, phagocytic cup:Cell junction, focal adhesion:Cell projection, dendritic spine:Postsynaptic density:Secreted:Secreted",3
"Cell membrane:Cell projection, ruffle membrane:Cytoplasm:Mitochondrion:Mitochondrion inner membrane:Mitochondrion intermembrane space",3
"Cell membrane:Cell membrane:Nucleus:Cytoplasm:Cytoplasm, perinuclear region",3
"Cell projection, dendrite:Postsynaptic cell membrane",3
"Cytoplasm, cytoskeleton, microtubule organizing center, centrosome:Cytoplasm, cytoskeleton, spindle pole:Cytoplasm, cytoskeleton, microtubule organizing center, centrosome, centriole:Cell projection, neuron projection:Cell projection, cilium:Cytoplasm, cytoskeleton, cilium basal body:Basolateral cell membrane",3
Cell membrane:Perikaryon,3
"Cytoplasm, cytoskeleton, microtubule organizing center, centrosome:Cytoplasm, cytoskeleton, microtubule organizing center, spindle pole body:Cytoplasm:Nucleus:Membrane",3
"Cytoplasm, cytoskeleton:Cell projection, lamellipodium:Cell projection, ruffle:Cell projection, dendrite:Cell projection:Cell membrane:Cell projection, podosome:Cell junction:Cell junction, focal adhesion:Membrane, clathrin-coated pit:Cell projection, dendritic spine:Cytoplasm, cell cortex:Endoplasmic reticulum",3
Cell membrane:Cell projection:Early endosome membrane,3
"Cell membrane:Perikaryon:Cell projection, growth cone:Cell projection, dendritic spine",3
Cell membrane:Cell membrane:Membrane raft:Secreted,3
"Cytoplasm, cytoskeleton:Cell projection, growth cone:Cell projection, lamellipodium:Cell projection, filopodium",3
"Cell projection, lamellipodium:Cytoplasm, cytoskeleton, stress fiber",3
"Cytoplasm, cytoskeleton, microtubule organizing center, centrosome:Cytoplasm, cytoskeleton, microtubule organizing center:Cytoplasm, perinuclear region",3
"Cytoplasm, cytoskeleton:Cell projection, filopodium",3
"Cell membrane:Cell projection, stereocilium membrane:Cell junction, adherens junction:Nucleus:Cytoplasmic vesicle, secretory vesicle, acrosome",3
"Cytoplasm, cytoskeleton:Cell projection, dendrite:Cell projection, growth cone:Cell projection, axon:Cytoplasmic vesicle",3
"Cell projection, lamellipodium:Cell projection, ruffle",3
"Cytoplasm, cytoskeleton:Cell projection, cilium:Cell projection, dendritic spine",3
Cell membrane:Peroxisome membrane:Secreted,3
"Cell membrane:Cell projection, neuron projection:Nucleus:Cytoplasm, perinuclear region:Perikaryon",3
"Cell membrane:Postsynaptic density:Perikaryon:Cell projection, dendrite",3
"Cell membrane:Postsynaptic density:Synapse:Cytoplasm:Cell projection, axon:Cell projection, dendritic spine:Cell projection, dendrite:Presynapse",3
"Cell membrane:Postsynaptic density:Synapse:Membrane:Cell projection, axon:Perikaryon",3
"Cell membrane:Presynaptic cell membrane:Synapse:Cell projection, axon:Cytoplasmic vesicle, secretory vesicle, synaptic vesicle membrane:Postsynaptic density membrane:Cell projection, dendritic spine",3
"Cell junction, adherens junction:Cell junction, tight junction:Cell membrane",3
"Cell junction, tight junction:Cell membrane:Basolateral cell membrane",3
"Cell membrane:Cell projection, lamellipodium:Cell projection, ruffle membrane:Cytoplasm:Membrane:Nucleus",3
Cell membrane:Recycling endosome membrane:Apical cell membrane,3
Cell membrane:Cell membrane:Virion,3
"Cell membrane:Recycling endosome membrane:Cell projection, dendritic spine membrane:Synaptic cell membrane:Cell junction, focal adhesion",3
"Cell membrane:Cell projection, axon:Cell junction",3
"Cell projection, dendritic spine:Cell projection, axon:Synapse",3
Cell membrane:Sarcoplasmic reticulum membrane:Endoplasmic reticulum membrane:Nucleus,3
"Cell projection, dendritic spine:Cell membrane:Synapse:Postsynaptic cell membrane:Cytoplasmic vesicle membrane",3
"Cytoplasm, cytoskeleton:Cell junction, focal adhesion:Cytoplasm, myofibril, sarcomere, Z line:Cell projection, ruffle:Cell projection, podosome:Cell projection, lamellipodium:Cell projection, axon:Cell projection, growth cone",3
"Cytoplasm, cytoskeleton:Cell junction, focal adhesion:Cytoplasm, cell cortex",3
"Cell projection, dendritic spine membrane:Cytoplasm:Endoplasmic reticulum membrane:Perikaryon:Nucleus",3
"Cell projection, dendrite:Synapse:Cell membrane:Endoplasmic reticulum membrane",3
"Cytoplasm, cytoskeleton:Cell junction, tight junction:Perikaryon:Cell projection, dendritic spine:Postsynaptic density:Synapse:Cytoplasm, cytosol",3
"Cell projection, dendritic spine:Recycling endosome:Presynapse:Cell projection, dendrite",3
"Cell membrane:Presynaptic cell membrane:Perikaryon:Cell projection, axon:Cell projection, dendrite:Cell projection, dendritic spine membrane:Cytoplasm, cell cortex:Cytoplasm, cytoskeleton",3
"Cell membrane:Cell projection, microvillus:Secreted",3
Cell membrane:Postsynaptic density:Synaptic cleft:Synaptic cell membrane,3
"Cytoplasm, cytoskeleton:Cell membrane:Cytoplasm, myofibril, sarcomere, I band:Cytoplasm, myofibril, sarcomere, Z line:Cell junction",3
"Cell membrane:Cell projection, neuron projection:Cell projection, stereocilium",3
"Cell membrane:Cell projection, neuron projection:Cell projection, axon",3
"Cytoplasm, cytoskeleton:Cell membrane:Cytoplasm, cytoskeleton, stress fiber:Cytoplasm, cytoskeleton, cilium basal body",3
"Cytoplasm, cytoskeleton:Cell membrane:Cytoplasm",3
"Cytoplasm, cytoskeleton:Cell membrane:Cell projection, phagocytic cup",3
"Cytoplasm, cytoskeleton, microtubule organizing center, centrosome:Cytoplasm, perinuclear region:Endoplasmic reticulum",3
Cell membrane:Presynapse,3
Cell membrane:Presynaptic cell membrane,3
"Cytoplasm, cytoskeleton:Cell membrane:Cell junction:Nucleus:Cytoplasm, cytoskeleton, microtubule organizing center, centrosome:Cytoplasm, P-body",3
"Cell junction, adherens junction:Cell junction, desmosome:Cytoplasm, cytoskeleton:Cell membrane:Cytoplasm:Cell junction:Nucleus",3
"Cytoplasm, cytoskeleton:Cell membrane:Cell junction",3
"Cell membrane:Presynaptic cell membrane:Cytoplasmic vesicle, secretory vesicle, synaptic vesicle membrane:Lysosome membrane:Cytoplasmic vesicle, phagosome membrane:Peroxisome membrane:Cytoplasmic vesicle, secretory vesicle membrane",3
"Cell membrane:Cytoplasm:Cell projection, dendrite",3
"Cell membrane, sarcolemma, T-tubule",3
"Cell membrane:Endoplasmic reticulum membrane:Postsynaptic cell membrane:Postsynaptic density membrane:Cell projection, dendrite:Cell projection, dendritic spine:Early endosome membrane:Recycling endosome membrane:Presynapse:Synapse",3
"Cytoplasm, cytosol:Cell junction, adherens junction:Membrane",3
"Cytoplasm, cell cortex:Cell projection, dendritic spine",3
"Cell membrane:Cytoplasm:Perikaryon:Cell projection, dendrite:Membrane raft",3
Cell membrane:Endoplasmic reticulum membrane:Recycling endosome membrane,3
"Cytoplasm, cytoskeleton, cilium axoneme:Cytoplasm:Cytoplasm, cytoskeleton",3
"Cytoplasm, cytoskeleton:Postsynaptic density:Synapse, synaptosome",3
Cell membrane:Endoplasmic reticulum membrane:Lysosome membrane:Endoplasmic reticulum membrane,3
Cell membrane:Cytoplasm:Secreted:Cell membrane:Secreted,3
"Cytoplasm, cytoskeleton:Secreted",3
"Cytoplasm, cytoskeleton, cilium axoneme:Cytoplasm, cytoskeleton, flagellum axoneme:Cytoplasmic vesicle, secretory vesicle, acrosome outer membrane",3
"Cell membrane:Endoplasmic reticulum membrane:Golgi apparatus, cis-Golgi network membrane:Endoplasmic reticulum-Golgi intermediate compartment membrane",3
"Cytoplasm, cytoskeleton:Synapse:Cell junction, focal adhesion",3
"Cell membrane:Basolateral cell membrane:Cell membrane, sarcolemma:Cell projection, axon:Melanosome",3
Cell membrane:Endoplasmic reticulum membrane:Golgi apparatus membrane:Secreted,3
"Cell membrane:Endoplasmic reticulum membrane:Golgi apparatus membrane:Late endosome:Cytoplasmic vesicle, phagosome membrane:Cytoplasmic vesicle, phagosome:Cytoplasmic vesicle membrane:Melanosome",3
"Cell membrane:Basolateral cell membrane:Synapse:Presynaptic cell membrane:Cytoplasmic vesicle, secretory vesicle, synaptic vesicle membrane",3
"Apical cell membrane:Cell membrane:Cell membrane, sarcolemma",3
Apical cell membrane:Cell membrane:Cell junction:Lysosome membrane:Melanosome:Basolateral cell membrane,3
"Cytoplasm, cytosol:Cell membrane:Cell membrane, sarcolemma:Cell membrane",3
"Apical cell membrane:Cell junction, tight junction:Cytoplasm, cytoskeleton",3
"Cell membrane:Endoplasmic reticulum membrane:Golgi apparatus membrane:Cell projection, dendrite",3
"Cytoplasm, cytoskeleton, cilium axoneme:Cytoplasm, cytoskeleton, flagellum axoneme:Cytoplasm, cytoskeleton, microtubule organizing center",3
"Cell membrane:Cytoplasmic granule:Secreted:Cytoplasm, cytosol:Lysosome:Nucleus",3
"Cytoplasm, cytosol:Cell membrane:Cytoplasm, cytoskeleton:Cell projection, axon:Cell projection, dendrite:Secreted",3
"Cell membrane:Basolateral cell membrane:Cell junction, tight junction",3
"Cell membrane:Apical cell membrane:Cell membrane, sarcolemma",3
Cell membrane:Cytoplasmic vesicle lumen:Lysosome lumen:Secreted:Nucleus,3
"Cell membrane:Apical cell membrane:Cell projection, lamellipodium membrane:Cell surface",3
Cell membrane:Cytoplasmic vesicle membrane:Early endosome:Membrane raft:Endoplasmic reticulum:Basolateral cell membrane:Apical cell membrane,3
"Cell membrane:Cytoplasm:Nucleus:Nucleus speckle:Cell projection, ruffle:Cell projection, lamellipodium",3
"Cytoplasm, cytoskeleton:Nucleus:Cytoplasm, cytoskeleton, spindle:Midbody",3
"Cytoplasm, cytoskeleton:Nucleus:Cytoplasm, cytoskeleton, spindle",3
Cell membrane:Endoplasmic reticulum membrane:Vesicle:Golgi apparatus membrane:Lysosome,3
"Cell membrane:Endosome, multivesicular body membrane",3
"Cell membrane:Endosome membrane:Recycling endosome membrane:Cleavage furrow:Cytoplasmic vesicle, phagosome:Cytoplasmic vesicle membrane:Golgi apparatus:Golgi apparatus, trans-Golgi network",3
"Cytoplasm, cytoskeleton:Golgi apparatus:Cell projection, axon:Cell projection, dendrite:Cytoplasmic vesicle, secretory vesicle membrane",3
"Cell membrane:Cytoplasm:Golgi apparatus membrane:Golgi apparatus, cis-Golgi network membrane:Membrane",3
"Cell membrane:Basolateral cell membrane:Endosome membrane:Cell membrane, sarcolemma:Cell projection",3
"Cytoplasm, P-body:Cytoplasm:Cytoplasm, Stress granule:Nucleus:Nucleus speckle:Nucleus, nuclear body",3
"Cell membrane:Cytoplasm:Golgi apparatus:Cytoplasmic vesicle, secretory vesicle, synaptic vesicle",3
"Cell membrane:Endosome membrane:Early endosome membrane:Cell projection, axon:Cell projection, dendrite:Cytoplasm, perinuclear region:Postsynaptic density",3
"Cytoplasm, cytoskeleton, cilium basal body:Cytoplasm, cytoskeleton, microtubule organizing center, centrosome, centriolar satellite",3
Cell membrane:Apical cell membrane:Basolateral cell membrane:Early endosome membrane:Late endosome membrane:Lysosome membrane,3
"Cell membrane:Endosome membrane:Cytoplasmic vesicle, autophagosome membrane",3
Cell membrane:Cytoplasm:Melanosome,3
"Cytoplasm, cytoskeleton, cilium basal body:Cytoplasm, cytoskeleton, cilium axoneme:Nucleus",3
"Apical cell membrane:Cell projection, cilium:Cytoplasmic granule:Cytoplasm:Cytoplasmic vesicle, secretory vesicle, acrosome:Cell projection, cilium, flagellum",3
"Apical cell membrane:Cell projection, cilium:Cell junction, adherens junction",3
"Cytoplasm, P-body:Cytoplasmic granule",3
Apical cell membrane:Cell membrane:Recycling endosome membrane:Early endosome membrane,3
Cell membrane:Apical cell membrane:Basolateral cell membrane:Mitochondrion membrane:Endomembrane system:Nucleus membrane:Nucleus outer membrane,3
Apical cell membrane:Cell membrane:Lysosome membrane,3
"Cytoplasm, cytoskeleton, cilium basal body:Cytoplasm, cytoskeleton, cilium axoneme",3
"Cell membrane:Basolateral cell membrane:Endoplasmic reticulum membrane:Endoplasmic reticulum-Golgi intermediate compartment membrane:Golgi apparatus membrane:Golgi apparatus, trans-Golgi network membrane:Membrane raft",3
Cell membrane:Basolateral cell membrane:Cytoplasmic vesicle membrane:Cytoplasm:Endoplasmic reticulum membrane:Golgi apparatus membrane:Nucleus membrane,3
"Cell membrane:Cytoplasm:Nucleus:Cell projection, growth cone:Nucleus speckle",3
"Cell membrane:Cytoplasm:Nucleus:Cytoplasm, perinuclear region",3
"Cytoplasm, cytoskeleton, cilium basal body:Cell junction, tight junction:Cytoplasm, cytoskeleton, microtubule organizing center, centrosome, centriole:Cytoplasmic vesicle, autophagosome:Golgi apparatus:Nucleus:Cytoplasm:Cytoplasm, cytoskeleton, spindle",3
"Cytoplasm, Stress granule:Cytoplasm, cytosol:Mitochondrion",3
"Cytoplasm, cytoskeleton:Nucleus:Chromosome, centromere:Chromosome, centromere, kinetochore",3
Cell membrane:Cytoplasmic vesicle membrane:Endosome membrane,3
"Cytoplasm, cytosol:Cell membrane:Endomembrane system",3
"Cytoplasm, cytosol:Cell membrane:Endosome membrane:Recycling endosome membrane:Cell projection, filopodium membrane:Cell projection, ruffle:Cleavage furrow:Midbody, Midbody ring:Early endosome membrane:Golgi apparatus, trans-Golgi network membrane",3
Cell membrane:Early endosome membrane:Recycling endosome membrane:Apical cell membrane:Late endosome membrane:Basolateral cell membrane,3
"Cell membrane:Apical cell membrane:Cell projection, stereocilium:Endoplasmic reticulum:Golgi apparatus",3
"Cytoplasm, cytosol:Cytoplasm, cytoskeleton, microtubule organizing center, centrosome:Cytoplasm, cytoskeleton, spindle:Nucleus:Lysosome",3
Cell membrane:Apical cell membrane:Cell surface,3
"Cytoplasm, cytosol:Cytoplasm, cytoskeleton, microtubule organizing center, centrosome:Nucleus:Cell membrane",3
"Cell membrane:Early endosome membrane:Postsynaptic density membrane:Synapse:Cell projection, dendrite:Cell projection, dendritic spine",3
"Cell membrane:Early endosome membrane:Melanosome:Cytoplasmic vesicle:Cell projection, ruffle:Membrane:Cytoplasm, cytosol:Cytoplasmic vesicle, phagosome membrane:Endosome membrane",3
Cell membrane:Early endosome membrane:Late endosome membrane:Recycling endosome membrane,3
"Cytoplasm, cytosol:Cytoplasm, cytoskeleton, spindle:Cytoplasm, cytoskeleton, spindle pole:Cleavage furrow",3
"Apical cell membrane:Basolateral cell membrane:Cell projection, microvillus membrane:Cell projection, cilium membrane",3
"Cytoplasm, cell cortex:Nucleus:Mitochondrion:Cytoplasm, cytoskeleton, microtubule organizing center, centrosome:Chromosome",3
"Cell membrane:Apical cell membrane:Synapse, synaptosome:Early endosome membrane:Late endosome membrane:Recycling endosome membrane",3
"Cell membrane:Early endosome membrane:Cell projection, dendrite",3
Cell membrane:Cytoplasmic vesicle:Nucleus,3
Cell membrane:Cytoplasmic vesicle:Lysosome lumen,3
"Cytoplasm, cytosol:Cytoplasm, cytoskeleton:Cell projection, ruffle membrane:Cell projection, lamellipodium membrane:Cell membrane",3
"Cytoplasm, cytosol:Cytoplasm, cytoskeleton:Membrane",3
"Cytoplasm, cytosol:Cytoplasm, cytoskeleton:Membrane:Cell projection, filopodium:Cell projection, lamellipodium:Basal cell membrane:Nucleus:Nucleus speckle:Cytoplasm, cytoskeleton, spindle pole",3
"Apical cell membrane:Basolateral cell membrane:Cell membrane:Cytoplasmic vesicle membrane:Golgi apparatus, trans-Golgi network membrane",3
"Cytoplasm, cytosol:Cytoplasm, cytoskeleton:Nucleus",3
Cell membrane:Apical cell membrane:Lysosome membrane,3
Cell membrane:Apical cell membrane:Mitochondrion membrane,3
"Cytoplasm, cell cortex:Cytoplasm, perinuclear region:Cytoplasm, cytoskeleton",3
Cell membrane:Apical cell membrane:Membrane raft,3
"Cell membrane:Apical cell membrane:Membrane raft:Membrane, caveola",3
"Cell membrane:Apical cell membrane:Membrane raft:Cytoplasm:Cytoplasmic vesicle, clathrin-coated vesicle",3
"Cytoplasm, cytosol:Cytoplasm, perinuclear region:Endosome membrane:Golgi apparatus, trans-Golgi network",3
"Cell membrane:Cytoplasmic vesicle, secretory vesicle, synaptic vesicle membrane",3
"Cytoplasm, cytosol:Cytoplasm, cytoskeleton, microtubule organizing center, centrosome:Cytoplasm, cytoskeleton, spindle pole:Cytoplasm, cytoskeleton, microtubule organizing center, centrosome, centriole:Mitochondrion intermembrane space",3
"Cytoplasm, cytoskeleton, cilium axoneme:Cell projection, cilium:Cytoplasm, cytoskeleton, flagellum axoneme:Cell projection, cilium, flagellum",3
"Cytoplasm, cytosol:Cell membrane:Golgi apparatus membrane:Cell projection, lamellipodium",3
"Cytoplasm, cytosol:Cytoplasm, cytoskeleton, microtubule organizing center, centrosome, centriole:Cytoplasm, cell cortex",3
"Cytoplasm, cytosol:Cell membrane:Golgi apparatus membrane:Endoplasmic reticulum membrane",3
"Cytoplasm, cytosol:Cell membrane:Lipid droplet",3
Cell membrane:Basolateral cell membrane:Apical cell membrane,3
Cell membrane:Basal cell membrane:Cytoplasm:Lysosome,3
"Cell membrane:Endoplasmic reticulum membrane:Cell projection, axon",3
"Cytoplasm, cytosol:Cell membrane:Recycling endosome membrane",3
"Cell membrane:Endomembrane system:Nucleus:Nucleus speckle:Cytoplasm, cytosol",3
"Cytoplasm, cytosol:Cell membrane:Secreted",3
"Cytoplasm, cytosol:Cell membrane:Synapse, synaptosome:Cell projection, ruffle membrane",3
"Cytoplasm, cytosol:Cell projection, axon",3
Cell membrane:Cytoplasmic vesicle membrane:Golgi apparatus,3
"Cell membrane:Endomembrane system:Golgi apparatus, trans-Golgi network membrane",3
"Cytoplasm, cytoskeleton, cilium axoneme:Cytoplasm, cytoskeleton, flagellum axoneme:Cell projection, kinocilium",3
"Cell membrane:Endomembrane system:Endosome membrane:Synapse:Cell junction, focal adhesion:Cell projection, neuron projection",3
"Cytoplasm, cytosol:Cell projection, ruffle membrane:Nucleus",3
Apical cell membrane:Basolateral cell membrane:Melanosome,3
"Cytoplasm, cytosol:Chromosome",3
Cell membrane:Early endosome:Recycling endosome,3
"Cytoplasm, cytoskeleton, cilium axoneme:Cytoplasm, cytoskeleton, cilium basal body:Cytoplasm, cytoskeleton:Cell projection, cilium, photoreceptor outer segment",3
"Cytoplasm, cytosol:Cytoplasm, P-body:Cytoplasm, Stress granule:Nucleus",3
Cell membrane:Early endosome:Golgi apparatus,3
"Cell membrane:Early endosome:Endoplasmic reticulum:Cytoplasm:Cytoplasm, cytoskeleton, spindle:Nucleus",3
Cell membrane:Early endosome:Cytoplasm,3
"Cytoplasm, cytosol:Cytoplasm, cell cortex:Cytoplasm, myofibril, sarcomere, Z line",3
"Cytoplasm, cytosol:Cytoplasm, cytoskeleton, cilium axoneme",3
"Cytoplasm, cytosol:Cytoplasm, cytoskeleton, microtubule organizing center, centrosome, centriolar satellite",3
"Cell membrane:Early endosome:Cell projection, ruffle",3
Cell membrane:Cytoplasm:Early endosome:Recycling endosome,3
"Cell junction, focal adhesion:Cell membrane:Cytoplasm, perinuclear region:Cytoplasm, cell cortex:Cytoplasm, cytoskeleton:Cytoplasm, cytoskeleton, microtubule organizing center, centrosome:Nucleus:Cytoplasm, cytoskeleton, cilium basal body:Cytoplasm",3
Cell membrane:Endosome:Membrane raft,3
"Cell membrane:Golgi apparatus, trans-Golgi network:Endosome:Endosome, multivesicular body",3
Cell membrane:Golgi apparatus membrane:Early endosome membrane,3
"Cell membrane:Cell junction, adherens junction",3
"Cytoplasm, cytoskeleton, cilium basal body:Cytoplasm:Nucleus:Cytoplasm, cytoskeleton, cilium axoneme:Cytoplasmic vesicle:Golgi apparatus, trans-Golgi network",3
"Cell membrane:Cytoplasm:Cytoplasm, cytoskeleton:Cell junction, adherens junction:Cell projection, axon:Nucleus",3
Cell membrane:Golgi apparatus membrane:Endosome membrane,3
Cytolytic granule:Secreted:Cell membrane:Endosome lumen,3
Cell membrane:Endosome:Endoplasmic reticulum,3
"Apical cell membrane:Cytoplasmic vesicle, secretory vesicle, synaptic vesicle membrane:Cytoplasmic vesicle, clathrin-coated vesicle membrane",3
"Cell membrane:Cell junction, adherens junction:Cell junction, focal adhesion:Cytoplasm, cytoskeleton:Cell membrane, sarcolemma:Cell projection, podosome",3
Contractile vacuole,3
"Cytoplasm, cytoskeleton, cilium basal body:Cytoplasm:Nucleus:Cell membrane",3
"Cell membrane:Endosome:Secreted, extracellular space",3
"Cytoplasm, cytoskeleton, cilium basal body:Cytoplasm, cytoskeleton:Cytoplasm, cytoskeleton, flagellum axoneme",3
"Cytoplasm, cytoskeleton:Endoplasmic reticulum membrane:Membrane",3
Cell membrane:Extracellular vesicle membrane:Mitochondrion membrane:Mitochondrion intermembrane space,3
"Apical cell membrane:Cell projection:Cell projection, microvillus membrane:Cell projection, ruffle membrane:Cytoplasm, cell cortex:Cytoplasm, cytoskeleton:Cell projection, microvillus",3
Cell membrane:Golgi apparatus membrane:Lysosome membrane:Endosome membrane:Membrane,3
"Cytoplasm, Cytoplasmic ribonucleoprotein granule:Cytoplasm, Stress granule:Cytoplasm:Cell projection, dendrite:Cell projection, dendritic spine:Cell projection, axon:Nucleus envelope:Postsynapse",3
"Cytoplasm, cytoskeleton:Cytoplasm:Synapse:Cell projection, dendritic spine:Cytoplasm",3
"Cell membrane:Endosome:Membrane, caveola:Melanosome:Membrane raft",3
"Cell membrane:Golgi apparatus membrane:Cytoplasmic vesicle, clathrin-coated vesicle:Cell projection, axon:Cell projection, dendrite:Cell junction, adherens junction:Cytoplasm",3
"Cell membrane:Golgi apparatus, cis-Golgi network membrane:Cytoplasm",3
"Cytoplasm, cytoskeleton, flagellum axoneme:Cell projection, cilium",3
"Cell membrane:Golgi apparatus membrane:Membrane, caveola:Membrane",3
"Cell membrane:Golgi apparatus, trans-Golgi network membrane:Secreted, extracellular space, extracellular matrix",3
"Chromosome:Nucleus:Nucleus, nucleolus:Cytoplasm, cytosol:Chromosome:Cytoplasm",3
"Cell membrane:Cell junction, gap junction:Endoplasmic reticulum",3
Cell membrane:Apical cell membrane:Basolateral cell membrane,3
Apical cell membrane:Early endosome membrane:Cell membrane:Recycling endosome membrane:Endoplasmic reticulum membrane:Nucleus,3
"Cell membrane:Cell junction, adherens junction:Cytoplasm",3
"Cell membrane:Cytoplasm:Cytoplasm, cytosol:Cytoplasm, perinuclear region:Peroxisome membrane:Mitochondrion membrane:Nucleus envelope:Lysosome membrane:Endoplasmic reticulum membrane",3
"Cell projection, dendrite:Postsynaptic density:Cytoplasm, cytoskeleton:Membrane",2
"Nucleus:Cytoplasm, cytosol:Cytoplasm, cytoskeleton, microtubule organizing center, centrosome",2
Endoplasmic reticulum membrane:Cell membrane:Endosome membrane,2
"Cell membrane:Cell projection, axon:Cell projection, dendrite:Secreted",2
"Endoplasmic reticulum membrane:Cell projection, axon:Cell projection, dendrite",2
"Cell membrane:Cell projection, axon:Cell projection, dendrite:Postsynaptic density membrane:Early endosome:Cell junction, adherens junction",2
"Endoplasmic reticulum membrane:Cytoplasm, cytosol:Cell membrane:Cell projection, filopodium tip:Nucleus membrane",2
"Nucleus:Nucleus, PML body:Chromosome",2
"Nucleus:Cytoplasm, cytosol:Cytoplasm, perinuclear region:Cytoplasm, cytoskeleton, microtubule organizing center, centrosome",2
"Cell projection, dendrite:Perikaryon:Endoplasmic reticulum membrane",2
Cytoplasm:Nucleus:Secreted:Lysosome,2
Cell membrane:Basal cell membrane:Apical cell membrane,2
"Endoplasmic reticulum membrane:Cell membrane:Secreted:Secreted, extracellular exosome",2
"Cytoplasmic vesicle, secretory vesicle, acrosome membrane:Cytoplasmic vesicle, secretory vesicle, acrosome lumen",2
Cytoplasm:Nucleus:Presynapse:Postsynapse,2
Endoplasmic reticulum membrane:Cytoplasm:Cell membrane:Endosome membrane,2
"Cytoplasmic vesicle, autophagosome:Endosome:Lysosome",2
"Nucleus:Nucleus, PML body:Nucleus, nucleoplasm",2
Endoplasmic reticulum membrane:Cytoplasm:Vesicle:Cell membrane:Endosome membrane:Golgi apparatus membrane,2
"Nucleus:Nucleus, PML body:Nucleus, nucleolus:Cytoplasm",2
Cytoplasmic vesicle membrane:Membrane:Preautophagosomal structure membrane,2
"Cell projection, dendrite:Perikaryon",2
"Nucleus:Cytoplasm:Secreted, extracellular exosome",2
"Nucleus:Cytoplasm:Secreted, extracellular space",2
"Chromosome, centromere:Chromosome, centromere, kinetochore:Cytoplasm, cytoskeleton, spindle pole",2
Cytoplasm:Nucleus:Preautophagosomal structure,2
"Endoplasmic reticulum membrane:Cytoplasm, perinuclear region:Endoplasmic reticulum-Golgi intermediate compartment membrane:Golgi apparatus membrane:Cytoplasmic vesicle, autophagosome membrane:Mitochondrion outer membrane:Cell membrane",2
"Chromosome, centromere:Cytoplasm, cytosol:Nucleus",2
"Nucleus:Cytoplasm, cytosol:Chromosome:Nucleus matrix",2
"Chromosome, centromere:Cytoplasm, cytoskeleton, spindle pole:Nucleus",2
Nucleus:Cytoplasm:Nucleus speckle:Mitochondrion,2
"Nucleus:Nucleus, PML body:Cytoplasm:Membrane:Cell membrane:Cytoplasm, cytoskeleton, microtubule organizing center, centrosome:Cytoplasm, cytoskeleton, spindle:Cytoplasm, cytoskeleton, spindle pole:Cell projection, dendrite:Cell projection, dendritic spine:Postsynaptic density",2
"Nucleus:Cytoplasm:Nucleus, PML body:Early endosome:Mitochondrion",2
"Chromosome, centromere, kinetochore:Nucleus:Cytoplasm, cytoskeleton, spindle",2
Cytoplasmic vesicle membrane:Melanosome,2
Nucleus:Cytoplasm:Microsome,2
Endoplasmic reticulum lumen:Cytoplasm:Lipid droplet,2
"Endoplasmic reticulum lumen:Cytoplasm, cytosol:Secreted, extracellular space, extracellular matrix:Cell surface:Sarcoplasmic reticulum lumen:Cytoplasmic vesicle, secretory vesicle, Cortical granule:Cytolytic granule",2
"Endoplasmic reticulum lumen:Cytoplasm, cytosol:Lipid droplet:Microsome",2
"Cytoplasm:Perikaryon:Cell projection, axon:Cell projection, dendrite:Cell projection, growth cone",2
"Cell membrane:Basolateral cell membrane:Apical cell membrane:Synapse:Cell projection, dendrite:Cell projection, axon:Presynaptic cell membrane:Postsynaptic density:Membrane raft:Membrane, coated pit:Cytoplasmic vesicle, clathrin-coated vesicle membrane:Membrane, caveola",2
"Cell projection, filopodium:Cell membrane:Cytoplasm",2
"Cytoplasm:Perikaryon:Cell projection, dendrite:Cell projection, axon:Cell projection, growth cone",2
"Nucleus:Cytoplasm, perinuclear region:Cytoplasm:Cytoplasm, cytoskeleton:Cytoplasmic vesicle membrane:Cell membrane:Basolateral cell membrane:Endoplasmic reticulum membrane:Early endosome:Recycling endosome:Golgi apparatus, trans-Golgi network:Golgi apparatus membrane:Cell projection, dendrite:Cell projection, dendritic spine membrane:Cell projection, axon:Postsynaptic density:Mitochondrion membrane",2
Cytoplasmic vesicle membrane:Golgi apparatus membrane:Cytoplasm,2
"Cytoplasm, cell cortex:Cytoplasm, cytoskeleton, spindle",2
"Endoplasmic reticulum membrane:Cell membrane:Cytoplasm, cytoskeleton:Cytoplasm, perinuclear region",2
"Nucleus:Nucleus speckle:Chromosome:Nucleus, PML body:Chromosome, telomere",2
Endoplasmic reticulum lumen:Cell membrane:Microsome membrane,2
Cytoplasm:Perikaryon:Cell projection:Cytoplasmic vesicle,2
"Nucleus:Cytoplasm, perinuclear region:Endomembrane system",2
Nucleus:Cytoplasm:Cell junction,2
"Endomembrane system:Synapse, synaptosome:Cell projection, lamellipodium:Cell membrane:Membrane, clathrin-coated pit:Recycling endosome:Endosome:Cytoplasmic vesicle:Cytoplasm:Nucleus envelope",2
"Cytoplasmic vesicle membrane:Golgi apparatus membrane:Cell membrane:Cytoplasm, cytosol:Secreted",2
Endomembrane system:Recycling endosome:Golgi apparatus,2
Nucleus:Cytoplasm:Cell junction:Cell membrane,2
Cornified envelope,2
"Cell membrane:Cell membrane:Synapse, synaptosome",2
"Nucleus:Cytoplasm:Mitochondrion:Cell projection, dendrite",2
"Cell membrane:Cell junction, tight junction:Membrane raft:Cell surface",2
"Endoplasmic reticulum membrane:Cell membrane:Cell junction, focal adhesion:Nucleus",2
"Endoplasmic reticulum membrane:Cell junction, tight junction:Nucleus",2
"Cytoplasmic vesicle, clathrin-coated vesicle membrane:Presynaptic cell membrane",2
Cytoplasmic vesicle membrane:Late endosome membrane,2
"Cytoplasmic vesicle, clathrin-coated vesicle:Golgi apparatus, trans-Golgi network membrane:Endosome membrane",2
"Cytoplasmic vesicle, autophagosome:Cytoplasm:Recycling endosome",2
"Nucleus:Cytoplasm, cytosol:Secreted:Endoplasmic reticulum:Golgi apparatus",2
"Nucleus:Nucleus speckle:Nucleus, nucleoplasm",2
Endoplasmic reticulum lumen:Nucleus membrane,2
"Nucleus:Nucleus speckle:Nucleus, nucleolus",2
"Nucleus:Nucleus speckle:Nucleus, PML body:Cytoplasm, cytoskeleton",2
"Cytoplasm:Nucleus:Synapse:Cell projection, dendrite:Postsynaptic density",2
Cytoplasm:Nucleus:Vacuole membrane,2
"Cell membrane:Cell junction, tight junction:Membrane",2
"Cytoplasmic vesicle, esterosome membrane",2
"Cytoplasm:Perikaryon:Cell projection, axon",2
Endoplasmic reticulum lumen:Microsome membrane,2
Cytoplasmic vesicle membrane:Golgi apparatus membrane:Mitochondrion membrane:Preautophagosomal structure membrane,2
"Nucleus:Cytoplasm, perinuclear region:Cell junction",2
Chromosome:Secreted,2
"Nucleus:Cytoplasm, cytoskeleton:Chromosome, centromere, kinetochore",2
"Nucleus:Cytoplasm:Rough endoplasmic reticulum membrane:Cytoplasmic granule:Cytoplasm, P-body",2
"Cell membrane:Cell projection, axon:Cell projection, growth cone:Synapse:Presynaptic cell membrane:Synapse, synaptosome",2
"Endoplasmic reticulum membrane:Golgi apparatus, cis-Golgi network membrane:Endoplasmic reticulum-Golgi intermediate compartment membrane:Cytoplasmic vesicle, COPI-coated vesicle membrane:Cytoplasmic vesicle, COPII-coated vesicle membrane",2
"Cell projection, cilium, photoreceptor outer segment:Membrane:Photoreceptor inner segment",2
"Endoplasmic reticulum membrane:Golgi apparatus, cis-Golgi network membrane:Cytoplasmic vesicle, COPII-coated vesicle",2
"Cell projection, cilium, photoreceptor outer segment:Photoreceptor inner segment:Endosome:Nucleus:Cytoplasm:Cytoplasm, perinuclear region",2
"Endoplasmic reticulum membrane:Golgi apparatus, Golgi stack membrane:Lysosome membrane",2
"Nucleus:Nucleus, nucleolus:Chromosome, centromere",2
"Cell projection, cilium, photoreceptor outer segment:Secreted, extracellular space, extracellular matrix, interphotoreceptor matrix:Photoreceptor inner segment",2
"Cell projection, cilium:Cell projection, cilium, flagellum",2
"Cell projection, cilium:Cell projection, cilium, flagellum:Cytoplasm, cytoskeleton, microtubule organizing center, centrosome",2
Endoplasmic reticulum membrane:Golgi apparatus membrane:Vacuole membrane,2
"Nucleus:Cytoplasm, cytoskeleton, microtubule organizing center, centrosome:Cytoplasm, cytoskeleton, spindle:Midbody:Cell projection, cilium, photoreceptor outer segment:Photoreceptor inner segment",2
Chromosome:Nucleus:Cytoplasm:Cell membrane,2
"Cell membrane:Cell projection, axon:Perikaryon:Cell projection, dendrite:Endosome",2
"Chromosome:Cytoplasm, perinuclear region:Peroxisome membrane",2
"Nucleus:Cytoplasm, cytoskeleton, microtubule organizing center, centrosome:Mitochondrion",2
"Cell membrane:Cell projection, axon:Perikaryon",2
Nucleus:Cytoplasm:Nucleus:Cytoplasm:Nucleus,2
Cell membrane:Apical cell membrane:Secreted:Secreted,2
"Chromosome:Nucleus:Nucleus lamina:Nucleus, nucleoplasm",2
Nucleus:Cytoplasm:Periplasm,2
"Cytoplasm:Nucleus:Nucleus, nucleoplasm",2
"Cell projection, cilium, photoreceptor outer segment:Membrane:Endoplasmic reticulum:Golgi apparatus",2
"Endoplasmic reticulum membrane:Golgi apparatus, cis-Golgi network membrane:Endosome, multivesicular body:Melanosome:Extracellular vesicle:Secreted",2
"Nucleus:Nucleus, nucleolus:Chromosome, centromere, kinetochore",2
"Nucleus:Cytoplasm, cytoskeleton, microtubule organizing center, centrosome:Cytoplasm, cytoskeleton, spindle",2
"Chromosome:Nucleus:Chromosome, telomere",2
"Cytoplasm:Nucleus:Nucleus, PML body:Endoplasmic reticulum:Mitochondrion matrix:Cytoplasm, cytoskeleton, microtubule organizing center, centrosome",2
"Cytoplasm:Nucleus:Nucleus, PML body:Mitochondrion",2
Endoplasmic reticulum membrane:Golgi apparatus:Membrane,2
"Nucleus:Cytoplasm, cytoskeleton, microtubule organizing center, centrosome:Cytoplasm, cytoskeleton, microtubule organizing center, centrosome, centriole:Midbody:Cytoplasm, cytoskeleton, flagellum basal body:Cytoplasm, cytoskeleton, flagellum axoneme:Cell projection, axon",2
"Cytoplasmic vesicle, COPI-coated vesicle membrane:Membrane",2
"Nucleus:Nucleus, nucleolus:Cytoplasm, cytoskeleton, spindle pole:Midbody:Cytoplasm, cytoskeleton, microtubule organizing center, centrosome",2
"Cytoplasmic vesicle, COPII-coated vesicle membrane:Endoplasmic reticulum membrane:Cytoplasm, cytosol:Membrane",2
"Nucleus:Nucleus, nucleolus:Cytoplasm, cytoskeleton",2
Endoplasmic reticulum membrane:Golgi apparatus:Cell membrane:Nucleus,2
"Cell membrane:Apical cell membrane:Postsynaptic density:Cell projection, dendrite:Cell junction, tight junction:Synapse:Synapse, synaptosome",2
Chromosome:Nucleus:Cytoplasm,2
"Cytoplasmic vesicle, COPI-coated vesicle membrane:Golgi apparatus",2
Nucleus:Cytoplasm:Perikaryon,2
Chromosome:Cytoplasm:Nucleus,2
"Cytoplasmic vesicle, COPII-coated vesicle membrane:Endoplasmic reticulum membrane:Nucleus, nuclear pore complex",2
"Endoplasmic reticulum membrane:Golgi apparatus, trans-Golgi network membrane:Nucleus:Early endosome:Cytoplasmic vesicle, phagosome",2
"Cytoplasm:Nucleus:Nucleus, nucleolus:Endoplasmic reticulum",2
"Cytoplasm:Nucleus:Nucleus, nucleolus:Golgi apparatus:Cytoplasm, cytoskeleton, microtubule organizing center, centrosome",2
"Cytoplasm:Nucleus:Nucleus, nucleolus:Midbody",2
"Cell projection, cilium:Cytoplasm, cytoskeleton, cilium basal body:Cell projection, cilium, photoreceptor outer segment:Cell projection, cilium, flagellum",2
"Nucleus:Cytoplasm, cytoskeleton, microtubule organizing center, spindle pole body:Chromosome",2
"Cytoplasm, cell cortex:Cytoplasm, cytoskeleton:Perikaryon:Cell projection, growth cone:Cell projection, podosome",2
"Nucleus:Cytoplasm, cytoskeleton, spindle:Midbody, Midbody ring",2
"Cell projection, cilium:Cytoplasmic vesicle:Cell projection, cilium, flagellum:Cytoplasmic vesicle, secretory vesicle, acrosome",2
"Chromosome:Cell projection, pseudopodium:Cytoplasm",2
"Nucleus:Cytoplasm, cytoskeleton, spindle:Cytoplasm",2
Cytoplasm:Nucleus:Postsynaptic cell membrane,2
"Cell membrane:Cell projection, axon:Cytoplasmic vesicle:Cell projection, podosome",2
"Nucleus:Cytoplasm, cytoskeleton, spindle:Cytoplasm:Chromosome",2
"Cell projection, cilium:Nucleus:Cell projection, stereocilium",2
"Cytoplasmic vesicle, autophagosome:Autolysosome:Nucleus:Chromosome",2
"Cytoplasmic vesicle, autophagosome:Cytoplasm, cytosol:Mitochondrion",2
"Nucleus:Cytoplasm, cytoskeleton, stress fiber:Cell junction, focal adhesion:Cell projection, ruffle membrane:Synapse",2
"Cell projection, cilium:Cytoplasm:Cell projection, cilium, flagellum",2
"Nucleus:Cytoplasm, cytoskeleton:Cell projection, growth cone",2
"Nucleus:Cytoplasm, cytoskeleton:Chromosome",2
Cytoplasmic vesicle membrane:Presynapse,2
"Cytoplasmic vesicle membrane:Perikaryon:Golgi apparatus, trans-Golgi network membrane:Recycling endosome membrane:Lysosome membrane:Cytoplasmic vesicle, phagosome:Cell projection, axon:Cell projection, dendrite:Postsynaptic density:Recycling endosome membrane:Cytoplasmic vesicle, clathrin-coated vesicle membrane:Perikaryon",2
"Nucleus:Cytoplasm:Cell membrane:Cell junction, tight junction",2
"Nucleus:Cytoplasm, cytoskeleton:Cytoplasm, cell cortex:Cell projection, bleb",2
"Nucleus:Cytoplasm:Recycling endosome:Cytoplasm, cytoskeleton",2
"Endoplasmic reticulum membrane:Cytoplasmic vesicle, autophagosome:Cytoplasm, cytosol:Nucleus:Chromosome",2
"Nucleus:Cytoplasm:Nucleus, nucleoplasm:Cytoplasm, perinuclear region:Cytoplasm, cytoskeleton, spindle pole:Cytoplasm, cytoskeleton, microtubule organizing center, centrosome:Chromosome, centromere, kinetochore",2
"Cytoplasm:Nucleus:Plastid, chloroplast outer membrane",2
"Cell membrane:Cell junction, gap junction:Endoplasmic reticulum membrane",2
"Cell projection, cilium:Cytoplasm, cytoskeleton, cilium basal body:Cytoplasm, cytoskeleton, microtubule organizing center, centrosome, centriole:Cytoplasm, cytosol:Nucleus",2
"Cell projection, cilium:Cytoplasm, cytoskeleton, flagellum axoneme",2
Nucleus:Cytoplasm:Nucleus:Cytoplasm,2
"Nucleus:Nucleus, nucleolus:Cell membrane:Cell projection, microvillus membrane",2
"Endoplasmic reticulum membrane:Golgi apparatus membrane:Cytoplasmic vesicle, COPII-coated vesicle",2
Endoplasmic reticulum membrane:Golgi apparatus membrane:Cytoplasmic vesicle membrane:Microsome membrane,2
Endoplasmic reticulum membrane:Golgi apparatus membrane:Cytoplasm:Preautophagosomal structure membrane,2
"Endoplasmic reticulum membrane:Golgi apparatus membrane:Cytoplasm, perinuclear region:Cytoplasm, cytosol:Microsome membrane",2
"Cytoplasmic vesicle, autophagosome membrane:Lysosome membrane:Golgi apparatus membrane",2
"Cell projection, cilium:Cytoplasm, cytoskeleton, cilium basal body:Nucleus:Cytoplasm",2
"Cytoplasmic vesicle, autophagosome membrane:Vacuole membrane",2
"Nucleus:Nucleus, nuclear body:Cytoplasm, cytoskeleton:Cell membrane",2
Endoplasmic reticulum membrane:Endoplasmic reticulum-Golgi intermediate compartment:Lysosome membrane,2
"Nucleus:Cytoplasm, cytoskeleton, spindle pole:Cytoplasm, cytoskeleton, microtubule organizing center, centrosome:Cytoplasm, cytoskeleton, microtubule organizing center, centrosome, centriole",2
Cytoplasm:Nucleus:Nucleus:Nucleus,2
"Cytoplasm:Nucleus:Perikaryon:Cell projection, dendrite",2
"Nucleus:Nucleus, nuclear body:Cytoplasm",2
"Cell projection, cilium:Cytoplasm, cytoskeleton:Cytoplasm, cytoskeleton, cilium axoneme",2
Endoplasmic reticulum membrane:Endosome membrane:Early endosome,2
"Cytoplasm, cell cortex:Cytoplasm, cytoskeleton:Membrane",2
"Endoplasmic reticulum membrane:Endoplasmic reticulum:Golgi apparatus, cis-Golgi network membrane:Lysosome membrane",2
Cell membrane:Archaeal flagellum,2
"Nucleus:Cytoplasm:Membrane:Cell membrane:Cell projection, lamellipodium:Cell projection, ruffle membrane",2
Nucleus:Dynein axonemal particle,2
"Cell membrane:Basolateral cell membrane:Cell junction, tight junction:Cell junction, adherens junction",2
"Nucleus:Cytoplasm:Cytoplasm, cytoskeleton:Cytoplasm, myofibril, sarcomere, Z line:Cytoplasm, myofibril, sarcomere",2
"Cytoplasmic vesicle, secretory vesicle, synaptic vesicle:Membrane",2
"Nucleus:Mitochondrion:Mitochondrion matrix, mitochondrion nucleoid:Mitochondrion matrix",2
"Cytoplasm:Synapse, synaptosome:Mitochondrion outer membrane:Mitochondrion",2
"Cytoplasmic vesicle, secretory vesicle, synaptic vesicle membrane:Synapse, synaptosome:Lysosome",2
"Nucleus:Cytoplasm:Dynein axonemal particle:Cell projection, neuron projection",2
Nucleus:Mitochondrion:Mitochondrion intermembrane space,2
Cytoplasm:Synapse:Cell membrane,2
"Nucleus:Cytoplasm:Cytoplasmic vesicle:Endosome:Cytoplasm, cytoskeleton, cilium basal body",2
"Cytoplasmic vesicle, secretory vesicle membrane:Zymogen granule membrane:Endosome membrane:Lysosome membrane:Mitochondrion inner membrane:Cell membrane",2
"Nucleus:Cytoplasm:Cytoplasm, cytoskeleton:Preautophagosomal structure",2
"Cytoplasm:Synapse:Cytoplasm, P-body:Cytoplasmic granule:Membrane:Postsynaptic density",2
"Nucleus:Cytoplasm:Cytoplasm, cytosol:Cytoplasm, Stress granule:Nucleus speckle:Chromosome, telomere:Mitochondrion:Perikaryon:Cell projection, dendrite:Cell projection, axon",2
"Nucleus:Mitochondrion:Cytoplasm, cytosol",2
"Cytoplasmic vesicle, secretory vesicle, Cortical granule:Mitochondrion:Nucleus, nucleolus:Cytoplasm:Golgi apparatus",2
Cytoplasm:Synapse:Postsynaptic density,2
Cell surface:Secreted,2
Nucleus:Endosome,2
"Cytoplasm:Synapse:Presynapse:Postsynapse:Postsynaptic density:Cell junction, focal adhesion:Cell projection, lamellipodium:Cytoplasm, cytoskeleton, microtubule organizing center, centrosome:Cytoplasm, cytoskeleton, spindle pole",2
"Cell projection, stereocilium:Cell projection, microvillus:Cell projection, kinocilium",2
"Cytoplasmic vesicle membrane:Cytoplasm, cytoskeleton:Cell projection, dendrite",2
"Cytoplasmic vesicle membrane:Cytoplasm, cell cortex:Cell membrane:Cell projection, ruffle",2
Cytoplasm:Synapse,2
Cell membrane:Cell junction:Membrane,2
"Cytoplasmic vesicle, secretory vesicle membrane:Endoplasmic reticulum membrane:Membrane",2
"Nucleus:Nucleus envelope:Cytoplasm, cytoskeleton",2
"Cytoplasmic vesicle:Perikaryon:Cell projection, dendrite:Cytoplasm:Endomembrane system:Postsynaptic cell membrane:Postsynaptic density:Endoplasmic reticulum membrane",2
Cytoplasm:Sarcoplasmic reticulum membrane,2
"Nucleus:Cytoplasm:Cytoplasm, cytoskeleton, microtubule organizing center, spindle pole body",2
"Cytoplasmic vesicle membrane:Cytoplasmic vesicle, phagosome membrane",2
"Cytoplasm, cell cortex:Cell membrane",2
Cell membrane:Cell membrane:Cell membrane:Cell membrane:Secreted,2
"Cell projection, ruffle:Cytoplasm:Nucleus:Cytoplasm, cytoskeleton, microtubule organizing center, centrosome",2
Cytoplasmic vesicle:Cytoplasm:Nucleus,2
"Cytoplasm, Stress granule:Nucleus",2
"Cell projection, ruffle:Cytoplasmic vesicle",2
Cell membrane:Basolateral cell membrane:Cytoplasmic vesicle membrane,2
"Nucleus:Cytoplasm:Cytoplasm, cytoskeleton, spindle:Cytoplasmic vesicle, secretory vesicle, acrosome:Cleavage furrow:Midbody, Midbody ring:Cell membrane",2
"Cytoplasmic vesicle, secretory vesicle membrane:Golgi apparatus, trans-Golgi network membrane:Late endosome membrane:Lysosome membrane:Endoplasmic reticulum membrane:Cytoplasmic vesicle, phagosome membrane",2
"Cytoplasm, Stress granule:Cytoplasm, cytosol",2
"Nucleus:Nucleus envelope:Cytoplasm, cytosol:Cytoplasm",2
"Nucleus:Cytoplasm:Cytoplasm, cytoskeleton, spindle:Midbody",2
"Nucleus:Cytoplasm:Cytoplasm, cytoskeleton:Cell membrane:Cell projection, lamellipodium:Cell projection, ruffle",2
"Cytoplasm, Stress granule:Cytoplasm, P-body",2
"Cytoplasmic vesicle, secretory vesicle:Cytoplasmic vesicle, secretory vesicle, neuronal dense core vesicle:Secreted:Secreted:Cytoplasmic vesicle, secretory vesicle",2
"Cytoplasmic vesicle, secretory vesicle:Cytoplasm, cytosol:Membrane:Membrane, caveola:Lysosome:Cell projection, podosome membrane:Cytoplasm, cytosol:Cell membrane:Membrane, caveola:Cell junction, focal adhesion:Cytoplasm, cytoskeleton:Golgi apparatus:Cytoplasmic vesicle:Lysosome:Nucleus",2
"Cytoplasmic vesicle, secretory vesicle:Bud:Bud neck",2
"Cytoplasm, P-body:Cytoplasm:Nucleus:Cytoplasm, Cytoplasmic ribonucleoprotein granule",2
"Cytoplasmic vesicle, secretory vesicle, synaptic vesicle membrane:Membrane:Synapse, synaptosome:Cell membrane",2
"Cytoplasmic vesicle, secretory vesicle, synaptic vesicle membrane:Membrane:Synapse, synaptosome",2
"Cytoplasmic vesicle membrane:Cell membrane:Cytoplasmic vesicle, clathrin-coated vesicle:Golgi apparatus, trans-Golgi network:Cell projection, ruffle:Cytoplasm",2
Cell membrane:Bud neck,2
Cell membrane:Bud membrane,2
"Cytoplasm, P-body:Cytoplasm, Stress granule:Endoplasmic reticulum:Nucleus, nucleolus:Rough endoplasmic reticulum",2
"Cytoplasmic vesicle, secretory vesicle, chromaffin granule lumen:Secreted",2
"Cell membrane:Basolateral cell membrane:Perikaryon:Cell projection, dendrite:Cell projection, dendritic spine",2
"Cytoplasmic vesicle, secretory vesicle, acrosome:Nucleus",2
"Cytoplasmic vesicle, secretory vesicle, acrosome:Cytoplasmic vesicle, secretory vesicle, acrosome outer membrane",2
Cytoplasmic granule:Membrane,2
"Cytoplasmic vesicle, secretory vesicle, acrosome:Cytoplasmic vesicle, secretory vesicle, acrosome membrane:Secreted",2
"Cytoplasmic vesicle, secretory vesicle, acrosome:Cytoplasm, cytoskeleton:Cytoplasm, cytoskeleton, cilium basal body",2
"Cytoplasmic vesicle, secretory vesicle, acrosome:Cytoplasm, cytoskeleton",2
Cytoplasmic granule:Nucleus,2
"Nucleus:Membrane:Cell membrane:Cytoplasm:Secreted, extracellular space, extracellular matrix",2
"Nucleus:Cytoplasm:Cytoplasmic vesicle, autophagosome",2
"Cytoplasm, Cytoplasmic ribonucleoprotein granule:Cytoplasm:Postsynapse",2
"Cytoplasmic vesicle, secretory vesicle, acrosome membrane:Cytoplasmic vesicle, secretory vesicle, acrosome inner membrane:Cytoplasmic vesicle, secretory vesicle, acrosome outer membrane",2
"Cytoplasmic vesicle, secretory vesicle, acrosome:Cell membrane:Membrane raft:Secreted",2
"Cytoplasm, P-body:Cytoplasm, Stress granule",2
Nucleus:Lysosome,2
"Nucleus:Golgi apparatus:Cell projection, cilium, flagellum:Cytoplasm:Cytoplasm, cytoskeleton, spindle:Cytoplasm:Cytoplasm, cytoskeleton, microtubule organizing center, centrosome:Cytoplasm, cytoskeleton, spindle pole",2
"Cytoplasmic vesicle, secretory vesicle, acrosome membrane:Secreted",2
"Cytoplasmic vesicle, secretory vesicle, chromaffin granule membrane",2
Cell membrane:Basolateral cell membrane:Endosome membrane:Lysosome membrane:Endoplasmic reticulum membrane,2
Cytoplasmic granule:Cell membrane,2
"Cell membrane:Basolateral cell membrane:Endoplasmic reticulum membrane:Postsynaptic density:Synapse:Cell membrane, sarcolemma:Cell junction:Cytoplasm:Apical cell membrane",2
Cell projection:Nucleus,2
"Cytoplasmic vesicle membrane:Cell membrane:Cytoplasm, cytosol",2
Nucleus:Mitochondrion outer membrane,2
"Cytoplasm, P-body:Cytoplasm:Nucleus:Cytoplasm",2
"Cell membrane:Cell membrane, sarcolemma:Postsynaptic cell membrane",2
"Cytoplasm, P-body:Cytoplasm:Nucleus",2
"Cell surface:Cell junction, focal adhesion:Cytoplasm, cytoskeleton",2
"Cytoplasmic vesicle, secretory vesicle, synaptic vesicle membrane:Early endosome membrane:Endoplasmic reticulum membrane",2
Cytoplasm:Vacuole:Membrane,2
"Nucleus:Cytoplasm:Cytoplasm, perinuclear region:Mitochondrion matrix:Chromosome:Cytoplasm, cytoskeleton, microtubule organizing center, centrosome",2
"Cytoplasmic granule membrane:Golgi apparatus membrane:Golgi apparatus, trans-Golgi network membrane:Cell membrane",2
Cell surface:Nucleus:Cytoplasm,2
"Cell surface:Cell projection, kinocilium:Cell projection, stereocilium",2
"Cytoplasmic vesicle, secretory vesicle, synaptic vesicle membrane:Cell membrane:Cell projection, growth cone",2
"Cytoplasm, P-body:Cytoplasm, cytoskeleton, spindle:Cytoplasm, Stress granule",2
"Cytoplasmic vesicle, secretory vesicle, synaptic vesicle",2
"Cytoplasmic vesicle, secretory vesicle, acrosome lumen",2
"Cell surface:Cytoplasm:Secreted, capsule:Secreted, cell wall",2
"Cytoplasmic vesicle, secretory vesicle, chromaffin granule membrane:Membrane",2
"Cytoplasmic vesicle, secretory vesicle, chromaffin granule membrane:Cytoplasmic vesicle, secretory vesicle membrane:Lysosome membrane",2
"Cell projection, ruffle membrane:Cytoplasm, perinuclear region:Golgi apparatus:Endoplasmic reticulum:Cell membrane, sarcolemma",2
Dynein axonemal particle:Nucleus,2
Cytoplasm:Periplasm,2
"Cell projection, lamellipodium membrane:Cytoplasm, cytoskeleton",2
"Nucleus:Nucleus membrane:Cytoplasm, cytoskeleton, microtubule organizing center, centrosome:Chromosome",2
"Cell projection, lamellipodium:Cell junction, focal adhesion",2
"Endomembrane system:Cell junction:Cell junction, tight junction",2
Cell membrane:Cell membrane:Nucleus:Cell projection,2
Nucleus:Cytoplasm:Golgi apparatus:Cell membrane,2
"Cytoplasm:Postsynaptic density:Cell projection, axon:Cell projection, dendrite",2
"Nucleus:Cytoplasm:Cell projection, axon:Nucleus, PML body",2
"Cell projection, lamellipodium:Cell projection, ruffle membrane",2
"Nucleus:Nucleus matrix:Nucleus speckle:Nucleus, PML body:Cytoplasm",2
Early endosome:Recycling endosome:Membrane,2
Cell membrane:Cell junction:Cytoplasmic vesicle membrane,2
"Cytoplasmic vesicle, secretory vesicle lumen:Cytoplasmic vesicle, secretory vesicle, chromaffin granule lumen:Secreted:Cytoplasmic vesicle, secretory vesicle membrane:Cytoplasmic vesicle, secretory vesicle, chromaffin granule membrane",2
Early endosome:Recycling endosome:Cytoplasm:Nucleus,2
"Cell membrane:Cell junction:Cytoplasmic vesicle, secretory vesicle",2
"Cytoplasm, cell cortex:Cell tip",2
"Cytoplasm:Postsynaptic density:Cell projection, dendritic spine",2
"Cytoplasmic vesicle membrane:Cytoplasmic vesicle, secretory vesicle, synaptic vesicle membrane",2
Nucleus:Nucleus matrix:Nucleus speckle:Chromosome,2
Early endosome:Late endosome:Midbody,2
Early endosome:Late endosome:Cytoplasm,2
"Early endosome:Golgi apparatus, trans-Golgi network:Golgi apparatus, trans-Golgi network membrane:Cytoplasmic vesicle, phagosome:Cytoplasmic vesicle, phagosome membrane",2
Nucleus:Cytoplasm:Lysosome membrane,2
"Endomembrane system:Cytoplasm, cytoskeleton:Cytoplasm, perinuclear region",2
"Cell projection, ruffle membrane:Cytoplasm, cytoskeleton:Cell surface:Cell junction, focal adhesion",2
"Cytoplasmic vesicle, phagosome:Endoplasmic reticulum membrane:Lysosome:Membrane",2
"Nucleus:Cytoplasm:Cell membrane:Cell junction:Cell junction, focal adhesion",2
Endomembrane system:Mitochondrion membrane,2
Nucleus:Cytoplasm:Membrane raft,2
"Cytoplasmic vesicle, secretory vesicle, acrosome membrane:Endoplasmic reticulum membrane",2
"Cell membrane:Cell junction:Cell junction, focal adhesion:Cytoplasm, cytoskeleton:Secreted",2
"Cell projection, growth cone:Cytoplasmic vesicle membrane:Endoplasmic reticulum lumen:Membrane",2
Cytoplasm:Peroxisome matrix,2
Endomembrane system:Endosome membrane:Recycling endosome membrane:Cell membrane:Cytoplasmic vesicle membrane,2
Endomembrane system:Endosome membrane:Late endosome membrane:Membrane,2
"Cytoplasm, cell cortex:Cleavage furrow",2
Endomembrane system:Endoplasmic reticulum-Golgi intermediate compartment membrane:Cytoplasm:Nucleus,2
Endomembrane system:Endoplasmic reticulum membrane:Endoplasmic reticulum,2
Cytoplasm:Peroxisome:Cytoplasmic granule,2
"Nucleus:Nucleus membrane:Nucleus, nuclear pore complex",2
Cytoplasm:Peroxisome:Mitochondrion,2
"Endomembrane system:Cytoplasmic vesicle, clathrin-coated vesicle membrane",2
"Endomembrane system:Cytoplasmic vesicle, autophagosome membrane:Cytoplasmic vesicle, autophagosome:Cytoplasm, cytoskeleton",2
Cytoplasm:Peroxisome:Secreted,2
Cell membrane:Bud neck:Bud tip,2
"Endomembrane system:Cytoplasm, perinuclear region:Cell projection, growth cone",2
"Cytoplasm, Cytoplasmic ribonucleoprotein granule:Cytoplasm, cytosol:Cell projection, dendrite:Cell projection, lamellipodium",2
Cell membrane:Cell membrane:Golgi apparatus:Golgi apparatus membrane,2
"Cytoplasm, cell cortex:Cell projection, ruffle membrane:Cell projection, growth cone:Cell projection, stereocilium:Synapse, synaptosome",2
"Nucleus:Cytoplasm:Cell projection, dendritic spine",2
Cytoplasm:Preautophagosomal structure membrane:Endosome membrane:Lysosome membrane,2
"Nucleus:Cytoplasm:Chromosome:Endoplasmic reticulum:Cytoplasm, perinuclear region:Cytoplasmic vesicle, autophagosome",2
Cell membrane:Basolateral cell membrane:Cytoplasm,2
"Nucleus:Cytoplasm:Endoplasmic reticulum:Cytoplasmic vesicle, autophagosome:Cell membrane",2
Cytoplasm:Recycling endosome membrane,2
"Cytoplasm:Recycling endosome membrane:Early endosome membrane:Golgi apparatus membrane:Cytoplasmic vesicle, secretory vesicle membrane:Mitochondrion membrane",2
"Cell membrane:Cell membrane:Cell projection, invadopodium membrane:Cell projection, filopodium membrane",2
"Cell projection, neuron projection:Cell projection, growth cone",2
Cytoplasm:Rough endoplasmic reticulum,2
"Cytoplasmic vesicle membrane:Cytoplasmic vesicle, phagosome membrane:Membrane",2
"Cell projection, neuron projection:Cytoplasm, perinuclear region:Membrane:Nucleus:Perikaryon",2
"Early endosome membrane:Golgi apparatus, trans-Golgi network membrane",2
"Nucleus:Cytoplasm:Endoplasmic reticulum:Cell membrane:Membrane, clathrin-coated pit:Secreted",2
"Cell projection, podosome",2
Cell membrane:Cell membrane:Cell membrane:Secreted,2
"Nucleus:Cytoplasm:Cytoplasm, Stress granule:Mitochondrion",2
"Cell projection, pseudopodium:Cytoplasm, cell cortex",2
Early endosome membrane:Cytoplasmic vesicle membrane,2
"Cell projection, pseudopodium:Cytoplasm, cell cortex:Cytoplasm, cytoskeleton",2
"Early endosome membrane:Cell projection, lamellipodium",2
"Cytoplasm, cell cortex:Cell membrane:Recycling endosome",2
"Nucleus:Cytoplasm:Cytoplasm, cytoskeleton, flagellum axoneme",2
Cell membrane:Cell membrane:Cytoplasm,2
Early endosome membrane:Late endosome membrane:Recycling endosome membrane,2
Nucleus:Cytoplasm:Endosome membrane:Cytoplasmic vesicle:Early endosome:Recycling endosome,2
Cytoplasm:Presynapse,2
"Cell membrane:Cell membrane:Endoplasmic reticulum membrane:Cell projection, axon:Cell projection, dendrite:Postsynaptic density membrane:Cell membrane, sarcolemma",2
"Nucleus:Cytoplasm:Cell projection, ruffle",2
Early endosome:Cytoplasm:Nucleus,2
Nucleus:Cytoplasm:Cell tip,2
Nucleus:Endoplasmic reticulum:Secreted,2
"Cell membrane:Cell membrane:Cytoplasmic vesicle, phagosome:Cell projection, ruffle:Cell projection, filopodium",2
"Cell membrane:Basolateral cell membrane:Cell projection, dendritic spine membrane:Cell projection, axon",2
Cell membrane:Cell membrane:Cytoplasm:Secreted,2
"Nucleus:Nucleus matrix:Chromosome:Chromosome, centromere:Cytoplasm, cytoskeleton, spindle pole:Cytoplasm, cytosol:Nucleus",2
"Early endosome membrane:Recycling endosome membrane:Late endosome:Cytoplasmic vesicle, autophagosome:Cytoplasm, cytoskeleton, microtubule organizing center, centrosome, centriole",2
"Nucleus:Cytoplasm:Endosome:Cell membrane, sarcolemma, T-tubule",2
"Cytoplasm:Presynapse:Cytoplasm, cytoskeleton:Cell projection, dendritic spine:Cell projection, dendrite:Cell projection, axon:Lysosome:Endoplasmic reticulum:Mitochondrion:Nucleus:Cytoplasmic vesicle, autophagosome:Early endosome:Cell projection, growth cone:Cytoplasm:Cell projection, growth cone:Cell projection, neuron projection:Cytoplasmic vesicle, secretory vesicle, synaptic vesicle:Presynapse",2
"Early endosome membrane:Recycling endosome membrane:Late endosome membrane:Golgi apparatus, trans-Golgi network membrane:Cell membrane",2
"Early endosome membrane:Recycling endosome membrane:Late endosome membrane:Cytoplasmic vesicle, phagosome membrane",2
"Cytoplasmic vesicle, COPII-coated vesicle membrane:Endoplasmic reticulum",2
Early endosome membrane:Recycling endosome membrane:Cell membrane,2
"Cell projection, microvillus membrane:Membrane",2
"Early endosome membrane:Nucleus:Cytoplasm:Endosome:Cell projection, ruffle:Cytoplasmic vesicle, phagosome",2
Early endosome membrane:Membrane,2
Early endosome membrane:Late endosome membrane:Recycling endosome membrane:Cell membrane,2
"Chromosome:Nucleus, nucleoplasm",2
"Nucleus, nucleoplasm:Nucleus, nucleolus:Nucleus:Nucleus speckle",2
"Cell projection, cilium, flagellum:Cytoplasmic vesicle, secretory vesicle, acrosome:Cytoplasm, cytoskeleton, cilium axoneme:Cytoplasm:Nucleus:Cytoplasm, cytoskeleton, microtubule organizing center",2
Mitochondrion:Nucleus:Chromosome,2
Mitochondrion:Mitochondrion outer membrane:Mitochondrion inner membrane,2
"Cell membrane:Cytoplasm:Cytoplasm, perinuclear region",2
Cell membrane:Golgi apparatus membrane:Lysosome membrane:Mitochondrion outer membrane,2
"Membrane, caveola:Cytoplasm, cytoskeleton:Golgi apparatus:Cell membrane",2
Cell membrane:Golgi apparatus membrane:Recycling endosome membrane:Early endosome membrane,2
"Melanosome:Cytoplasmic vesicle, clathrin-coated vesicle membrane",2
"Melanosome:Cytoplasm, myofibril",2
"Cell membrane:Golgi apparatus, trans-Golgi network membrane:Cytoplasmic vesicle, secretory vesicle",2
Melanosome membrane:Lysosome membrane:Apical cell membrane,2
Melanosome membrane:Lysosome membrane,2
Melanosome,2
Lytic vacuole,2
"Cell membrane:Cytoplasm:Cytoplasm, cytoskeleton:Cell membrane:Cell projection, lamellipodium:Cell projection, filopodium:Secreted",2
Lysosome:Secreted:Membrane,2
"Cell membrane:Golgi apparatus, trans-Golgi network:Cytoplasmic vesicle membrane",2
"Nucleus envelope:Nucleus membrane:Nucleus, nuclear pore complex",2
Mitochondrion:Nucleus:Cytoplasm,2
"Cell membrane:Golgi apparatus, trans-Golgi network:Endoplasmic reticulum:Endosome:Cell surface:Cytoplasmic vesicle membrane:Membrane raft:Lysosome:Late endosome:Early endosome:Recycling endosome:Cell projection, axon:Cell projection, dendrite",2
"Cell membrane:Cytoplasm:Cytoplasm, cytoskeleton",2
Mitochondrion:Peroxisome matrix,2
"Lysosome:Lipid droplet:Secreted:Secreted, extracellular space",2
Cell membrane:Golgi apparatus:Cell surface,2
Cell membrane:Golgi apparatus:Cytoplasmic vesicle,2
Lysosome:Cytoplasmic granule,2
"Lysosome:Cytoplasm, cytosol",2
"Cell membrane:Golgi apparatus:Endosome membrane:Recycling endosome membrane:Cell projection, cilium:Cytoplasmic vesicle, phagosome membrane:Cytoplasm, cytoskeleton, microtubule organizing center, centrosome, centriole:Cytoplasm, cytoskeleton, cilium basal body:Midbody:Cytoplasm:Lysosome",2
Nucleus envelope:Cytoplasm,2
Lysosome membrane:Lysosome lumen:Cell membrane:Cytoplasmic vesicle,2
Nucleus envelope:Endoplasmic reticulum:Mitochondrion outer membrane:Membrane,2
"Lysosome membrane:Late endosome membrane:Endosome, multivesicular body membrane:Cytoplasmic vesicle, autophagosome membrane",2
Cell membrane:Golgi apparatus membrane:Late endosome membrane:Lysosome membrane:Membrane,2
Mitochondrion:Mitochondrion outer membrane:Endoplasmic reticulum membrane,2
"Mitochondrion:Mitochondrion outer membrane:Cytoplasmic vesicle, phagosome:Cytoplasmic vesicle, phagosome membrane:Melanosome:Melanosome membrane",2
"Cell membrane:Cytoplasm:Cytoplasm, perinuclear region:Golgi apparatus:Golgi apparatus, trans-Golgi network:Cytoplasm, cytoskeleton",2
Cell membrane:Cytoplasm:Endoplasmic reticulum membrane:Secreted,2
"Membrane:Cytoplasm, cell cortex:Cell projection, axon",2
Cell membrane:Endosome:Cytoplasm,2
Mitochondrion:Membrane:Cytoplasm,2
Cell membrane:Cytoplasm:Early endosome:Endosome:Lysosome:Membrane,2
Mitochondrion:Mitochondrion inner membrane:Cell membrane,2
"Membrane:Cell projection, rhabdomere membrane",2
"Membrane:Cell projection, neuron projection",2
"Membrane:Cell projection, microvillus",2
Cell membrane:Cytoplasm:Cytoplasmic vesicle membrane:Presynapse,2
"Membrane:Cell projection, lamellipodium membrane:Cell projection, filopodium membrane:Cell projection, microvillus membrane:Cell projection, ruffle membrane:Membrane raft:Apical cell membrane:Basolateral cell membrane:Cell projection, invadopodium",2
Cell membrane:Cytoplasm:Cytoplasmic vesicle,2
Mitochondrion:Mitochondrion inner membrane:Mitochondrion:Mitochondrion inner membrane,2
"Membrane:Cell projection, axon:Cell projection, dendrite:Golgi apparatus membrane",2
"Membrane:Cell projection, axon:Cell junction, paranodal septate junction",2
"Cell membrane:Golgi apparatus membrane:Cell junction, focal adhesion:Cell projection, podosome",2
"Membrane:Cell membrane:Golgi apparatus:Cytoplasmic vesicle, secretory vesicle membrane:Apical cell membrane",2
"Cell membrane:Golgi apparatus membrane:Cell membrane:Cell projection, ruffle",2
Membrane:Cell membrane:Cytoplasmic vesicle,2
Membrane:Cell membrane:Cytoplasm:Membrane raft,2
"Membrane:Cell membrane:Cytoplasm, perinuclear region:Endoplasmic reticulum",2
"Cell membrane:Cytoplasm:Cytoplasm, perinuclear region:Nucleus:Perikaryon:Cell projection, dendrite",2
Membrane:Cell membrane:Cell surface:Apical cell membrane:Cytoplasmic vesicle membrane:Endoplasmic reticulum membrane,2
Membrane:Cell membrane:Cell surface:Apical cell membrane,2
"Membrane:Cell membrane:Cell projection, dendrite",2
"Membrane:Cell membrane, sarcolemma:Cell membrane:Apical cell membrane:Cell projection, ruffle membrane:Cell projection, filopodium tip:Cell projection, growth cone:Cell projection, lamellipodium:Cytoplasm:Cytoplasm, cytoskeleton:Cytoplasm, cytoskeleton, microtubule organizing center, centrosome:Cytoplasm, perinuclear region:Nucleus:Cell projection, neuron projection:Perikaryon",2
"Mitochondrion:Mitochondrion matrix, mitochondrion nucleoid:Mitochondrion inner membrane:Cytoplasm:Nucleus",2
Mitochondrion:Mitochondrion matrix:Cytoplasm,2
"Membrane:Cell junction, tight junction",2
"Lysosome membrane:Late endosome membrane:Endosome, multivesicular body membrane",2
Cell membrane:Golgi apparatus:Secreted,2
"Cell projection, cilium, flagellum:Cytoplasm:Membrane",2
"Late endosome membrane:Lysosome membrane:Cytoplasmic vesicle, phagosome membrane",2
"Nucleus lamina:Nucleus envelope:Nucleus, nucleoplasm:Nucleus matrix",2
"Late endosome:Lysosome:Golgi apparatus:Golgi apparatus, trans-Golgi network:Cytoplasmic vesicle, phagosome:Cytoplasmic vesicle, phagosome membrane",2
Late endosome:Lysosome:Early endosome,2
"Late endosome:Lysosome:Cytoplasmic vesicle, autophagosome:Early endosome:Endoplasmic reticulum:Midbody:Chromosome, centromere",2
"Late endosome:Lysosome:Cell membrane:Endoplasmic reticulum membrane:Golgi apparatus, trans-Golgi network:Endosome:Lysosome:Secreted",2
Late endosome:Lysosome,2
Nucleus matrix:Chromosome,2
Late endosome membrane:Nucleus,2
"Cell membrane:Membrane raft:Cell projection, dendrite:Perikaryon:Cell projection, axon",2
Late endosome membrane:Lysosome membrane:Melanosome membrane,2
Late endosome membrane:Lysosome membrane:Endoplasmic reticulum membrane,2
"Nucleus matrix:Cytoplasm:Cytoplasm, cytoskeleton",2
"Late endosome membrane:Lysosome membrane:Early endosome:Cytoplasmic vesicle, autophagosome:Cytoplasmic vesicle, clathrin-coated vesicle",2
"Late endosome membrane:Lysosome membrane:Cytoplasmic vesicle:Early endosome:Cytoplasmic vesicle, autophagosome:Cytoplasmic vesicle, clathrin-coated vesicle",2
Nucleus matrix:Mitochondrion,2
"Lysosome membrane:Endosome, multivesicular body membrane:Endosome membrane",2
"Late endosome membrane:Lysosome membrane:Cytoplasmic vesicle membrane:Cell projection, phagocytic cup:Cytoplasmic vesicle, phagosome membrane:Cell membrane",2
Nucleus matrix:Nucleus lamina,2
Cell membrane:Membrane raft:Golgi apparatus:Apical cell membrane,2
"Late endosome membrane:Lysosome membrane:Cytoplasm, cytoskeleton, spindle:Cell projection, axon:Synapse",2
Late endosome membrane:Lysosome membrane:Cell membrane:Golgi apparatus membrane,2
"Late endosome membrane:Lysosome membrane:Cell membrane:Cytoplasmic vesicle, phagosome membrane",2
"Late endosome membrane:Early endosome membrane:Recycling endosome membrane:Cell membrane:Cytoplasmic vesicle, phagosome membrane",2
"Nucleus matrix:Nucleus, nucleolus:Cytoplasm",2
"Nucleus matrix:Nucleus, nucleoplasm:Cytoplasm:Membrane:Cytoplasm, cytoskeleton, microtubule organizing center, centrosome:Dynein axonemal particle",2
"Nucleus matrix:Nucleus, nucleoplasm:Cytoplasm:Membrane:Dynein axonemal particle",2
"Cell membrane:Cytoplasm, cytosol:Cytoplasmic vesicle:Nucleus",2
Nucleus membrane:Cell membrane,2
"Cell membrane:Cytoplasm, cytosol:Cytoplasmic vesicle:Cell projection, lamellipodium:Cytoplasm, cytoskeleton, cilium basal body:Cytoplasm, cytoskeleton, microtubule organizing center, centrosome, centriole",2
Inflammasome:Cytoplasm,2
"Lateral cell membrane:Apical cell membrane:Cytoplasm, cytoskeleton, spindle pole:Midbody:Cytoplasm, cytoskeleton",2
Cell membrane:Membrane raft:Cell junction,2
Nucleus inner membrane:Nucleus:Cytoplasm:Endoplasmic reticulum membrane,2
Lipid droplet:Cell membrane:Cytoplasm:Mitochondrion membrane:Nucleus,2
Lysosome membrane:Endosome membrane:Nucleus:Cytoplasm,2
Lysosome membrane:Endosome membrane:Endomembrane system:Cell membrane,2
"Cell membrane:Late endosome membrane:Golgi apparatus, trans-Golgi network membrane:Lysosome membrane:Endoplasmic reticulum membrane",2
"Lysosome membrane:Endosome membrane:Cell membrane:Cytoplasmic vesicle, autophagosome membrane",2
Cell membrane:Late endosome:Early endosome,2
"Cell membrane:Lateral cell membrane:Apical cell membrane:Basal cell membrane:Cell junction:Cell junction, adherens junction:Cell membrane:Lateral cell membrane:Apical cell membrane:Basal cell membrane:Cell junction:Cell junction, adherens junction:Cytoplasmic vesicle, secretory vesicle:Cell projection, microvillus membrane:Apical cell membrane",2
Lysosome membrane:Early endosome membrane:Cell membrane,2
Lysosome membrane:Early endosome membrane,2
Nucleus inner membrane:Cell membrane,2
"Cell membrane:Cytoplasm, perinuclear region:Golgi apparatus, trans-Golgi network membrane",2
"Lysosome membrane:Cytoplasm, perinuclear region",2
"Lysosome membrane:Cytoplasm, cytosol:Cytoplasm, perinuclear region",2
Cell membrane:Lipid droplet:Mitochondrion membrane,2
"Lysosome membrane:Cell projection, lamellipodium:Cell projection, stereocilium",2
"Nucleus inner membrane:Cytoplasm, cytoskeleton, phragmoplast:Endoplasmic reticulum membrane:Nucleus envelope",2
Cell membrane:Lysosome membrane:Late endosome membrane,2
Lipid droplet:Secreted:Membrane,2
Lipid droplet:Secreted,2
Lipid droplet:Preautophagosomal structure membrane,2
Lipid droplet:Nucleus,2
Nucleus inner membrane:Endoplasmic reticulum membrane,2
Nucleus inner membrane:Golgi apparatus,2
Lipid droplet:Endosome membrane:Cytoplasm,2
"Nucleus inner membrane:Nucleus envelope:Cytoplasm, cytoskeleton, spindle",2
Nucleus inner membrane:Nucleus envelope:Endosome membrane,2
"Lipid droplet:Endoplasmic reticulum membrane:Golgi apparatus:Cytoplasmic vesicle, COPI-coated vesicle",2
"Cell membrane:Cytoplasm, perinuclear region:Cytoplasmic vesicle membrane:Early endosome membrane:Endosome:Cytoplasmic vesicle, secretory vesicle membrane",2
Lipid droplet:Cytoplasm:Endoplasmic reticulum:Mitochondrion outer membrane,2
"Lipid droplet:Cytoplasm, cytosol:Endoplasmic reticulum:Microsome",2
Mitochondrion:Golgi apparatus:Cytoplasm,2
"Membrane:Cytoplasm, cytoskeleton, microtubule organizing center, centrosome",2
"Membrane:Cytoplasm, cytoskeleton, microtubule organizing center:Endoplasmic reticulum:Golgi apparatus:Cytoplasm",2
Membrane:Photoreceptor outer segment membrane,2
"Mitochondrion matrix, mitochondrion nucleoid:Mitochondrion inner membrane",2
Membrane:Secreted:Synapse,2
"Mitochondrion matrix:Cytoplasm, cytosol",2
"Mitochondrion matrix:Cytoplasm, cytosol:Postsynaptic cell membrane",2
Cell membrane:Early endosome:Recycling endosome:Endoplasmic reticulum membrane,2
Cell membrane:Endomembrane system:Cytoplasm,2
"Cell membrane:Endomembrane system:Cytoplasm, cytosol:Cell membrane",2
"Cell membrane:Endomembrane system:Cytoplasm:Cell junction, focal adhesion:Cell junction, adherens junction:Cell projection, ruffle membrane:Cell projection, phagocytic cup:Cell projection, uropodium",2
"Membrane:Postsynaptic density:Endosome membrane:Cell projection, axon:Cell projection, dendrite:Early endosome",2
Cell membrane:Cytoplasmic vesicle membrane:Golgi apparatus membrane:Membrane,2
Mitochondrion matrix:Mitochondrion:Cytoplasm,2
Cell membrane:Endoplasmic reticulum membrane:Basolateral cell membrane,2
"Mitochondrion matrix:Nucleus:Cell membrane:Secreted:Cytoplasm:Nucleus, nucleolus",2
"Cell membrane:Endoplasmic reticulum membrane:Cell junction, focal adhesion:Secreted:Cell projection, axon:Cell projection, growth cone membrane",2
"Cell membrane:Endoplasmic reticulum membrane:Cell projection, cilium membrane:Cell projection, dendrite:Cell projection, dendritic spine",2
"Membrane:Cytoplasm, cytoskeleton:Cytoplasm, cytoskeleton, flagellum axoneme:Nucleus envelope:Nucleus inner membrane",2
"Membrane:Perikaryon:Cytoplasm, cell cortex:Early endosome:Late endosome:Cytoplasmic vesicle, clathrin-coated vesicle:Cytoplasmic vesicle",2
Membrane:Nucleus:Vacuole membrane,2
"Cell membrane:Endoplasmic reticulum membrane:Cytoplasm, cytoskeleton, cilium basal body",2
"Cell membrane:Endoplasmic reticulum membrane:Cytoplasmic vesicle membrane:Cytoplasm, perinuclear region:Cell junction, focal adhesion:Secreted:Cell projection, neuron projection:Cell junction",2
Mitochondrion membrane:Cell membrane:Cytoplasm,2
Cell membrane:Endoplasmic reticulum membrane:Early endosome membrane:Recycling endosome membrane,2
Membrane:Nucleus envelope:Nucleus inner membrane,2
Mitochondrion membrane:Cytoplasm,2
Cell membrane:Cytoplasmic granule,2
Cell membrane:Endoplasmic reticulum membrane:Endoplasmic reticulum-Golgi intermediate compartment membrane:Endosome,2
"Mitochondrion membrane:Endoplasmic reticulum membrane:Mitochondrion inner membrane:Cytoplasm:Nucleus:Mitochondrion:Endoplasmic reticulum:Mitochondrion outer membrane:Early endosome membrane:Recycling endosome membrane:Nucleus outer membrane:Golgi apparatus, cis-Golgi network membrane:Golgi apparatus, trans-Golgi network membrane:Membrane",2
Membrane:Mitochondrion:Mitochondrion inner membrane,2
"Cell membrane:Endoplasmic reticulum membrane:Golgi apparatus membrane:Cytoplasmic vesicle, secretory vesicle, acrosome:Cytoplasmic vesicle, autophagosome membrane",2
Cell membrane:Endoplasmic reticulum membrane:Golgi apparatus membrane:Early endosome membrane:Late endosome membrane,2
"Membrane:Synapse, synaptosome:Nucleus:Cytoplasm",2
"Cell membrane:Cytoplasmic vesicle, clathrin-coated vesicle",2
"Cell membrane:Cytoplasmic vesicle, clathrin-coated vesicle:Nucleus:Cytoplasm:Golgi apparatus, trans-Golgi network",2
Mitochondrion intermembrane space:Peroxisome matrix,2
"Cell membrane:Cytoplasmic vesicle, secretory vesicle, chromaffin granule membrane:Melanosome:Membrane",2
Mitochondrion inner membrane:Mitochondrion inner membrane:Cytoplasm:Mitochondrion inner membrane:Lipid droplet,2
"Mitochondrion inner membrane:Mitochondrion outer membrane:Mitochondrion matrix:Cytoplasmic vesicle, secretory vesicle, synaptic vesicle membrane:Cytoplasm, cytosol:Cytoplasm, cytoskeleton, microtubule organizing center, centrosome:Nucleus membrane",2
"Mitochondrion inner membrane:Membrane:Cell projection, cilium, flagellum membrane",2
"Cell membrane:Cytoplasmic vesicle, secretory vesicle:Lysosome:Postsynapse:Presynapse:Synapse",2
Mitochondrion inner membrane:Endoplasmic reticulum membrane,2
Mitochondrion inner membrane:Cytoplasmic vesicle,2
Mitochondrion inner membrane:Cytoplasm:Nucleus:Mitochondrion,2
"Cell membrane:Cytoplasmic vesicle:Cytoplasm, cytoskeleton:Cytoplasm:Nucleus",2
Mitochondrion inner membrane:Cytoplasm:Nucleus,2
"Mitochondrion inner membrane:Cell projection, cilium, flagellum membrane",2
Mitochondrion inner membrane:Cell membrane,2
Mitochondrion inner membrane:Nucleus:Cytoplasm:Cell membrane,2
"Midbody:Cytoplasm, cytoskeleton, spindle",2
"Midbody:Cytoplasm, cytoskeleton, microtubule organizing center, centrosome:Cytoplasm, cytoskeleton, cilium basal body",2
"Cell membrane:Cytoplasmic vesicle, phagosome:Cytoplasmic vesicle, phagosome membrane:Lysosome",2
"Midbody, Midbody ring:Cytoplasm:Cytoplasm, perinuclear region:Cell membrane",2
Mitochondrion intermembrane space:Cytoplasm,2
Mitochondrion intermembrane space:Mitochondrion,2
Microsome membrane:Smooth endoplasmic reticulum membrane:Mitochondrion outer membrane:Secreted,2
Mitochondrion intermembrane space:Mitochondrion inner membrane:Mitochondrion intermembrane space:Mitochondrion inner membrane,2
Microsome membrane:Lipid droplet,2
"Cell membrane:Cytoplasmic vesicle, phagosome membrane:Endosome membrane",2
"Cell membrane:Early endosome membrane:Golgi apparatus, trans-Golgi network membrane:Lysosome membrane",2
"Cell membrane:Cytoplasmic vesicle, phagosome membrane",2
Microsome membrane:Endoplasmic reticulum membrane:Mitochondrion outer membrane,2
Mitochondrion intermembrane space:Mitochondrion matrix:Mitochondrion:Cytoplasm:Nucleus,2
Microsome membrane:Early endosome membrane,2
"Cell membrane:Cytoplasmic vesicle, phagosome",2
Membrane:Mitochondrion outer membrane:Nucleus,2
Membrane:Mitochondrion membrane:Endoplasmic reticulum,2
Membrane:Mitochondrion matrix,2
Membrane:Endoplasmic reticulum:Endoplasmic reticulum-Golgi intermediate compartment,2
Membrane:Endoplasmic reticulum membrane:Golgi apparatus membrane,2
Mitochondrion outer membrane:Mitochondrion matrix:Nucleus:Chromosome,2
Mitochondrion outer membrane:Mitochondrion outer membrane,2
Cell membrane:Endoplasmic reticulum:Membrane raft,2
Membrane:Early endosome:Recycling endosome:Cell membrane,2
"Membrane:Cytoplasmic vesicle, secretory vesicle, synaptic vesicle:Golgi apparatus, trans-Golgi network:Early endosome:Recycling endosome:Late endosome:Cytoplasmic vesicle, autophagosome",2
"Membrane:Cytoplasmic vesicle, secretory vesicle, acrosome",2
Cell membrane:Endoplasmic reticulum:Secreted,2
Cell membrane:Cytoplasm:Membrane raft:Nucleus:Mitochondrion:Endoplasmic reticulum,2
"Membrane:Cytoplasmic vesicle, secretory vesicle membrane:Cell junction:Cytoplasm, cytoskeleton",2
"Membrane:Cytoplasmic vesicle, secretory vesicle membrane",2
Mitochondrion outer membrane:Nucleus:Mitochondrion inner membrane,2
Cell membrane:Cytoplasm:Membrane raft:Endosome:Early endosome,2
"Cell membrane:Endosome membrane:Cell projection, dendritic spine:Postsynaptic density membrane",2
"Membrane:Cytoplasmic vesicle, clathrin-coated vesicle membrane:Cytoplasm, cytoskeleton, microtubule organizing center, centrosome:Cell projection, cilium",2
Cell membrane:Cytoplasm:Lysosome,2
Cell membrane:Cytoplasm:Lipid droplet,2
"Membrane:Cytoplasm:Secreted, extracellular space, extracellular matrix",2
Membrane:Cytoplasm:Nucleus:Mitochondrion,2
Membrane:Cytoplasm:Nucleus:Cytoplasm,2
Membrane:Cytoplasm:Nucleus speckle:Cytoplasmic granule,2
"Cell membrane:Cytoplasm:Golgi apparatus, cis-Golgi network membrane:Membrane",2
Cell membrane:Endosome membrane:Golgi apparatus membrane:Membrane,2
Membrane:Cytoplasm:Golgi apparatus membrane,2
"Mitochondrion:Cytoplasm, cytosol:Mitochondrion:Mitochondrion matrix:Mitochondrion matrix",2
"Cell membrane:Cytoplasm:Golgi apparatus, Golgi stack",2
"Cell membrane:Endosome membrane:Lysosome membrane:Cell projection, cilium membrane",2
Mitochondrion:Cytoplasm:Cytoplasm,2
"Mitochondrion:Cytoplasm:Nucleus:Cytoplasm, cytoskeleton, microtubule organizing center, centrosome",2
Cell membrane:Endoplasmic reticulum:Golgi apparatus:Cell membrane:Endoplasmic reticulum:Golgi apparatus,2
Cell membrane:Cytoplasm:Nucleus:Cytoplasmic vesicle:Early endosome:Cell junction:Endoplasmic reticulum,2
Mitochondrion membrane:Lipid droplet,2
Cell membrane:Cytoplasm:Nucleus:Early endosome membrane:Endosome membrane,2
Mitochondrion membrane:Membrane,2
Mitochondrion membrane:Mitochondrion,2
Cell membrane:Endoplasmic reticulum membrane:Golgi apparatus membrane:Secreted:Cell membrane,2
"Cell membrane:Endoplasmic reticulum membrane:Golgi apparatus, trans-Golgi network membrane:Endosome membrane:Lysosome membrane:Late endosome membrane",2
Mitochondrion membrane:Mitochondrion inner membrane:Nucleus,2
Membrane:Membrane:Secreted,2
Cell membrane:Endoplasmic reticulum membrane:Late endosome membrane:Golgi apparatus membrane,2
"Membrane:Membrane, clathrin-coated pit",2
Cell membrane:Endoplasmic reticulum membrane:Lysosome membrane:Late endosome membrane:Autolysosome membrane,2
Cell membrane:Endoplasmic reticulum membrane:Microsome membrane:Golgi apparatus membrane,2
Membrane:Melanosome:Cytoplasm:Nucleus,2
Membrane:Lysosome membrane:Endosome membrane,2
"Membrane:Lysosome membrane:Cytoplasmic vesicle, clathrin-coated vesicle membrane",2
Cell membrane:Endoplasmic reticulum membrane:Nucleus,2
Cell membrane:Endoplasmic reticulum membrane:Nucleus envelope,2
"Mitochondrion outer membrane:Cytoplasm, Stress granule",2
"Mitochondrion outer membrane:Cytoplasm, cytoskeleton",2
Cell membrane:Endoplasmic reticulum membrane:Sarcoplasmic reticulum membrane,2
"Membrane:Golgi apparatus, trans-Golgi network:Cytoplasm:Golgi apparatus",2
"Cell membrane:Endoplasmic reticulum membrane:Sarcoplasmic reticulum:Cytoplasm, cytoskeleton",2
"Mitochondrion outer membrane:Cytoplasm:Cytoplasm, cytoskeleton, cilium basal body",2
"Membrane:Golgi apparatus, trans-Golgi network membrane",2
Membrane:Golgi apparatus membrane:Endosome membrane:Cell membrane:Photoreceptor outer segment membrane:Photoreceptor inner segment membrane,2
Cell membrane:Cytoplasm:Nucleus:Mitochondrion:Endoplasmic reticulum,2
Mitochondrion outer membrane:Cytoplasm:Nucleus:Cytoplasm:Cytoplasm,2
Cell membrane:Cytoplasm:Nucleus:Membrane raft:Mitochondrion:Endoplasmic reticulum,2
"Membrane:Endosome membrane:Lysosome membrane:Cytoplasm, cytosol",2
Membrane:Endosome membrane,2
Cell membrane:Endoplasmic reticulum:Endoplasmic reticulum,2
"Nucleus membrane:Cell projection, axon:Rough endoplasmic reticulum membrane",2
"Nucleus membrane:Cytoplasm, cytoskeleton, microtubule organizing center, spindle pole body",2
"Nucleus membrane:Cytoplasm, perinuclear region:Cytoplasm",2
"Cell membrane:Secreted, extracellular space:Secreted, extracellular space:Secreted, extracellular space",2
"Endosome membrane:Late endosome membrane:Early endosome membrane:Lysosome membrane:Golgi apparatus, trans-Golgi network:Cytoplasmic vesicle, clathrin-coated vesicle",2
"Cell membrane:Recycling endosome:Apical cell membrane:Cytoplasmic vesicle:Perikaryon:Cell projection, dendrite:Cell projection:Synaptic cell membrane",2
"Cell membrane:Cell projection, lamellipodium:Cell projection, ruffle membrane:Cytoplasm, cytoskeleton:Cytoplasm, cell cortex:Endosome membrane",2
"Cell membrane:Secreted, cell wall:Cell surface",2
"Endosome membrane:Golgi apparatus membrane:Endosome, multivesicular body membrane",2
"Endosome membrane:Cytoplasmic vesicle, autophagosome",2
"Nucleus:Cell membrane:Cell projection, cilium:Cytoplasm:Secreted",2
Endosome membrane:Cytoplasm,2
"Endosome membrane:Cell membrane:Early endosome:Late endosome:Cell projection, ruffle:Cytoplasmic vesicle:Cytoplasmic vesicle, phagosome:Cytoplasmic vesicle, phagosome membrane",2
"Cell membrane:Cell projection, lamellipodium:Cell junction, focal adhesion:Cytoplasm, cytoskeleton",2
Endoplasmic reticulum:Vacuole:Membrane,2
"Nucleus:Cell projection, axon",2
"Nucleus:Cell projection, axon:Cytoplasm",2
"Endoplasmic reticulum:Secreted, extracellular space",2
"Nucleus:Cell projection, filopodium:Cytoplasm, cytosol",2
"Cell membrane:Photoreceptor inner segment:Cell projection, cilium, photoreceptor outer segment:Cell membrane:Endoplasmic reticulum membrane:Basolateral cell membrane",2
"Nucleus:Cell projection, pseudopodium",2
Endoplasmic reticulum:Peroxisome:Mitochondrion inner membrane,2
Endoplasmic reticulum:Nucleus:Cytoplasm:Endoplasmic reticulum membrane:Endoplasmic reticulum membrane:Membrane:Nucleus:Cytoplasm:Cytoplasm:Nucleus,2
"Cell membrane:Cell projection, lamellipodium",2
Endoplasmic reticulum:Lysosome,2
"Endoplasmic reticulum:Golgi apparatus:Secreted, cell wall",2
Endoplasmic reticulum:Golgi apparatus:Melanosome,2
"Nucleus:Chromosome, centromere, kinetochore:Cytoplasm, cytoskeleton, spindle",2
"Nucleus:Chromosome, centromere, kinetochore:Cytoplasm:Cytoplasm, cytoskeleton, spindle pole",2
Endoplasmic reticulum:Golgi apparatus:Early endosome,2
"Endoplasmic reticulum:Golgi apparatus:Cytoplasmic vesicle, COPI-coated vesicle membrane:Cytoplasmic vesicle, COPII-coated vesicle membrane",2
"Endoplasmic reticulum:Golgi apparatus, cis-Golgi network:Secreted:Synapse",2
"Endoplasmic reticulum:Golgi apparatus, Golgi stack:Cell surface",2
Endoplasmic reticulum:Endoplasmic reticulum-Golgi intermediate compartment:Nucleus:Cytoplasm:Cell membrane,2
"Nucleus:Nucleus, nucleolus:Cytoplasm:Nucleus, Cajal body:Cytoplasm, P-body",2
Endosome membrane:Late endosome membrane:Lysosome membrane:Membrane,2
Endosome membrane:Late endosome membrane:Lysosome membrane:Membrane:Membrane,2
Cell membrane:Prospore membrane,2
"Golgi apparatus membrane:Cytoplasm, cytoskeleton, spindle:Cytoplasm, cytoskeleton, microtubule organizing center, centrosome:Midbody",2
"Cell membrane:Cell projection, ruffle membrane:Cell projection, lamellipodium membrane:Cell junction, focal adhesion",2
"Golgi apparatus membrane:Cell membrane:Membrane, caveola:Membrane raft:Golgi apparatus, trans-Golgi network",2
"Nucleus, nucleolus:Nucleus:Nucleus, nucleoplasm:Chromosome",2
"Golgi apparatus membrane:Cell junction:Cytoplasmic vesicle membrane:Cytoplasm, cytoskeleton",2
"Cell membrane:Postsynaptic cell membrane:Cytoplasm, cytoskeleton",2
Glyoxysome:Peroxisome,2
Cell membrane:Postsynaptic cell membrane:Cytoplasmic vesicle membrane,2
Fimbrium:Membrane,2
"Nucleus, nucleoplasm:Cytoplasm, perinuclear region",2
Extracellular vesicle membrane:Cytoplasm:Nucleus,2
"Cell membrane:Cell projection, pseudopodium membrane:Cytoplasmic vesicle",2
"Endosome:Lysosome:Membrane:Cytoplasmic vesicle, secretory vesicle, synaptic vesicle membrane",2
Endosome:Lysosome:Membrane,2
"Endosome:Lysosome:Cytoplasm, perinuclear region:Golgi apparatus:Nucleus:Secreted, extracellular space",2
"Nucleus, nucleoplasm:Nucleus matrix:Nucleus, PML body:Chromosome",2
Endosome:Early endosome:Cytoplasm,2
"Nucleus, nucleoplasm:Nucleus speckle:Nucleus envelope",2
"Nucleus, nucleoplasm:Nucleus speckle:Nucleus matrix",2
"Endosome, multivesicular body membrane",2
"Nucleus, nucleoplasm:Nucleus, PML body:Cell junction, tight junction",2
"Nucleus, nucleoplasm:Nucleus, nuclear pore complex",2
"Cell membrane:Presynaptic cell membrane:Cell projection, axon",2
Endosome membrane:Preautophagosomal structure membrane,2
"Cell membrane:Cell projection, microvillus:Membrane:Secreted",2
Endosome membrane:Membrane:Vacuole membrane,2
"Nucleus, nucleoplasm:Nucleus, nucleolus:Chromosome",2
"Nucleus, nucleoplasm:Nucleus, nucleolus:Chromosome:Cytoplasm:Cytoplasm, perinuclear region",2
Endosome membrane:Lysosome membrane:Presynaptic cell membrane:Cytoplasm,2
"Nucleus:Chromosome, centromere:Chromosome, centromere, kinetochore:Cytoplasm, cytoskeleton, spindle pole:Cytoplasm, cytoskeleton, microtubule organizing center, centrosome",2
"Endoplasmic reticulum:Endoplasmic reticulum-Golgi intermediate compartment:Endosome:Cytoplasm, cytoskeleton, microtubule organizing center, centrosome:Nucleus:Endosome, multivesicular body:Cytoplasmic vesicle",2
"Cell membrane:Cell projection, growth cone membrane:Synapse:Cell projection, filopodium membrane:Perikaryon:Cell projection, dendrite:Cell projection, axon:Cytoplasm",2
Endoplasmic reticulum membrane:Nucleus inner membrane:Early endosome membrane:Late endosome membrane,2
"Cell membrane:Cell projection, dendrite:Cell projection, axon:Cytoplasmic vesicle:Membrane, caveola:Presynapse",2
Nucleus:Chromosome:Nucleus envelope,2
Endoplasmic reticulum membrane:Mitochondrion outer membrane:Cytoplasm,2
"Cell projection, axon:Presynapse:Cytoplasmic vesicle, clathrin-coated vesicle:Nucleus",2
Endoplasmic reticulum membrane:Mitochondrion membrane:Secreted,2
Endoplasmic reticulum membrane:Mitochondrion membrane:Peroxisome membrane,2
Nucleus:Chromosome:Nucleus:Chromosome:Nucleus:Chromosome,2
Endoplasmic reticulum membrane:Mitochondrion inner membrane:Microsome membrane:Cytoplasm,2
"Cell projection, cilium membrane:Cell membrane:Cytoplasmic vesicle",2
"Cell projection, cilium membrane:Cell projection, cilium",2
"Endoplasmic reticulum membrane:Microsome membrane:Postsynapse:Presynapse:Cell projection, dendrite",2
"Cell projection, cilium membrane:Cleavage furrow:Cytoplasm, cytoskeleton, spindle:Membrane:Midbody",2
"Cell projection, cilium membrane:Cytoplasm, cytoskeleton, cilium axoneme",2
"Cell membrane:Cell projection, cilium, photoreceptor outer segment",2
Endoplasmic reticulum membrane:Microsome,2
"Cell membrane:Cell projection, cilium membrane:Membrane",2
"Nucleus:Cytoplasm, P-body:Cytoplasm, Cytoplasmic ribonucleoprotein granule",2
"Nucleus:Cytoplasm, cell cortex",2
"Cell projection, cilium membrane:Cytoplasm:Cytoplasm, cytoskeleton, microtubule organizing center, centrosome, centriolar satellite:Cytoplasm, cytoskeleton, cilium basal body",2
"Nucleus:Cytoplasm, cell cortex:Cytoplasm",2
"Nucleus:Cytoplasm, cytoskeleton, cilium basal body:Cytoplasm, cytoskeleton, microtubule organizing center, centrosome",2
"Cell projection, cilium, flagellum membrane:Cytoplasmic vesicle, secretory vesicle, acrosome membrane:Cytoplasm",2
Endoplasmic reticulum membrane:Membrane:Cell membrane,2
"Nucleus:Cytoplasm, cytoskeleton, microtubule organizing center, centrosome, centriole:Cytoplasm, cytoskeleton, cilium basal body:Cytoplasm, cytoskeleton, cilium axoneme",2
"Cell projection, cilium, flagellum:Cytoplasm, cytoskeleton, flagellum axoneme:Cytoplasm, cytoskeleton, cilium axoneme",2
"Cell projection, cilium, flagellum:Cytoplasm, cytoskeleton, flagellum basal body:Cell projection, cilium:Cytoplasm, cytoskeleton, cilium axoneme",2
"Nucleus:Cytoplasm, cytoskeleton, microtubule organizing center, centrosome, centriole:Cytoplasm, cytoskeleton, spindle pole",2
"Cell projection, cilium, flagellum:Cytoplasm:Golgi apparatus",2
"Nucleus:Cytoplasm, cytoskeleton, microtubule organizing center, centrosome:Cytoplasm",2
Endoplasmic reticulum membrane:Nucleus envelope:Mitochondrion,2
"Nucleus:Chromosome:Cytoplasm:Cytoplasmic vesicle, secretory vesicle:Secreted",2
"Cell membrane:Cell projection, dendritic spine membrane:Postsynaptic density membrane:Early endosome membrane",2
Endoplasmic reticulum membrane:Nucleus membrane:Cytoplasmic vesicle membrane,2
"Nucleus:Chromosome:Cell membrane:Cytoplasm, cytosol",2
Endoplasmic reticulum-Golgi intermediate compartment:Nucleus,2
Endoplasmic reticulum-Golgi intermediate compartment:Membrane,2
Cell membrane:Vesicle,2
Cell outer membrane:Cell outer membrane,2
Cell outer membrane:Cell surface,2
"Endoplasmic reticulum-Golgi intermediate compartment membrane:Golgi apparatus, cis-Golgi network membrane:Endoplasmic reticulum membrane:Cytoplasm:Nucleus",2
"Endoplasmic reticulum-Golgi intermediate compartment membrane:Golgi apparatus, cis-Golgi network membrane",2
Cell outer membrane:Cell surface:Membrane:Periplasm:Secreted,2
"Nucleus:Chromosome:Chromosome, centromere, kinetochore:Cytoplasm, cytoskeleton, spindle",2
"Nucleus:Chromosome:Chromosome, centromere:Cytoplasm, cytoskeleton, spindle",2
Endoplasmic reticulum-Golgi intermediate compartment membrane:Cell membrane,2
"Nucleus:Chromosome:Chromosome, telomere:Cytoplasm, cytoskeleton, spindle",2
Endoplasmic reticulum membrane:Secreted,2
"Nucleus:Chromosome:Chromosome, telomere:Endoplasmic reticulum",2
"Cell projection, axon:Cell projection, cilium:Cell projection, dendrite:Perikaryon",2
"Nucleus:Chromosome:Cytoplasm, cytoskeleton, microtubule organizing center, centrosome:Cytoplasm, cytoskeleton, microtubule organizing center, centrosome, centriole",2
Endoplasmic reticulum membrane:Protein storage vacuole membrane:Cell membrane,2
"Cell membrane:Cell projection, dendrite:Endoplasmic reticulum",2
"Endoplasmic reticulum membrane:Postsynaptic cell membrane:Cell projection, dendrite:Cell projection, dendritic spine:Postsynaptic density",2
"Cell membrane:Cell projection, dendrite:Cytoplasmic vesicle:Endosome:Membrane:Perikaryon:Recycling endosome:Synaptic cell membrane:Vesicle",2
"Nucleus:Chromosome:Cytoplasm:Chromosome, centromere, kinetochore:Cytoplasm, cytoskeleton, spindle pole:Nucleus, nucleolus:Cytoplasm, perinuclear region",2
"Cell projection, axon:Cell projection, dendrite:Presynapse:Postsynapse:Postsynaptic density:Synaptic cell membrane:Cytoplasmic vesicle, secretory vesicle, synaptic vesicle membrane:Cytoplasm, cytosol:Nucleus",2
"Cell projection, axon:Cell projection, dendrite:Secreted:Synapse",2
"Nucleus:Chromosome:Cytoplasm:Cytoplasm, Stress granule",2
"Endoplasmic reticulum membrane:Nucleus, nuclear pore complex",2
Endoplasmic reticulum membrane:Nucleus membrane:Nucleus inner membrane,2
Endoplasmic reticulum membrane:Nucleus membrane:Microsome membrane,2
"Cell membrane:Cell projection, dendrite:Cell projection, lamellipodium:Cell projection, neuron projection:Cell projection, podosome:Cell projection, ruffle:Cytoplasm, cell cortex:Cytoplasm, cytoskeleton:Cytoplasmic vesicle, clathrin-coated vesicle membrane:Early endosome:Endosome:Golgi apparatus membrane:Perikaryon:Postsynaptic density:Synapse",2
"Cell membrane:Cell projection, ruffle membrane:Cytoplasm, cytoskeleton:Cytoplasm, cytoskeleton, microtubule organizing center, centrosome:Cytoplasm, cytoskeleton, spindle:Cytoplasm:Nucleus",2
"Golgi apparatus membrane:Cytoplasm:Nucleus:Cytoplasm, perinuclear region",2
Host cell membrane,2
"Nucleus, PML body:Cytoplasm:Nucleus:Cytoplasm:Mitochondrion",2
Nucleus speckle:Nucleus matrix:Cytoplasm,2
"Golgi apparatus, trans-Golgi network:Endosome:Cytoplasmic vesicle, clathrin-coated vesicle:Preautophagosomal structure membrane:Cytoplasm, cytoskeleton",2
"Cell membrane:Cytoplasm, cytoskeleton, cilium basal body:Cytoplasm, cytoskeleton, microtubule organizing center, centrosome:Cytoplasm, cytoskeleton, spindle:Cytoplasm, perinuclear region:Membrane",2
"Nucleus speckle:Nucleus, nucleolus:Nucleus, nucleoplasm:Nucleus",2
"Cell membrane:Cytoplasm, cytoskeleton, cilium basal body:Cell projection, cilium:Cell projection, cilium membrane:Nucleus",2
"Cell membrane:Cytoplasm, cytoskeleton, cilium basal body:Cell projection, cilium:Cell projection, cilium membrane",2
"Nucleus speckle:Nucleus, nucleoplasm:Nucleus envelope:Nucleus membrane",2
"Golgi apparatus, trans-Golgi network:Cell membrane:Cell membrane:Late endosome:Membrane raft:Cytoplasm:Apical cell membrane",2
"Golgi apparatus, trans-Golgi network:Cell junction, tight junction:Cell membrane",2
"Golgi apparatus, trans-Golgi network membrane:Recycling endosome membrane:Cell membrane",2
"Nucleus speckle:Nucleus, nucleoplasm:Nucleus:Nucleus, nucleolus:Cytoplasm:Nucleus speckle",2
"Golgi apparatus, trans-Golgi network membrane:Membrane raft:Endosome:Endosome membrane:Cytoplasmic vesicle:Cell projection, dendrite:Presynaptic cell membrane:Synapse, synaptosome:Mitochondrion:Membrane:Cell membrane:Perikaryon:Cell projection, neuron projection",2
Nucleus speckle:Nucleus:Cytoplasm,2
"Golgi apparatus, trans-Golgi network membrane:Late endosome",2
"Nucleus, PML body:Nucleus",2
"Cell membrane:Photoreceptor inner segment:Cell projection, cilium, photoreceptor outer segment",2
"Golgi apparatus, trans-Golgi network membrane:Endosome membrane:Golgi apparatus membrane",2
"Cell membrane:Midbody:Cytoplasm, cytoskeleton, microtubule organizing center, centrosome:Cytoplasm, cytoskeleton, spindle:Cytoplasm:Cell projection, lamellipodium membrane:Cell projection, dendrite",2
Cell membrane:Cytolytic granule membrane,2
"Golgi apparatus, trans-Golgi network membrane:Cytoplasmic vesicle, clathrin-coated vesicle:Early endosome membrane",2
Cell membrane:Cleavage furrow,2
"Golgi apparatus, trans-Golgi network membrane:Cell membrane:Melanosome membrane:Early endosome membrane:Cell projection, axon:Cell projection, dendrite:Postsynaptic density",2
"Cell membrane:Mitochondrion outer membrane:Cell projection, axon:Presynapse",2
"Nucleus, nuclear pore complex:Cytoplasm, cytoskeleton, spindle pole:Nucleus envelope",2
"Golgi apparatus, cis-Golgi network:Endoplasmic reticulum:Cytoplasm",2
"Golgi apparatus, cis-Golgi network:Endoplasmic reticulum-Golgi intermediate compartment:Golgi apparatus, trans-Golgi network:Golgi apparatus:Cytoplasm:Lipid droplet:Membrane",2
"Golgi apparatus, cis-Golgi network:Cytoplasm, cytoskeleton, microtubule organizing center, centrosome, centriole:Cytoplasm, cytoskeleton, cilium basal body:Cell projection, cilium:Cytoplasm, cytoskeleton:Golgi apparatus:Cytoplasmic vesicle, secretory vesicle, acrosome:Cytoplasm",2
"Cell membrane:Cell surface:Synapse, synaptosome:Cell projection, axon:Cell projection, dendrite:Cell projection, growth cone:Cell projection, lamellipodium:Cell projection, filopodium",2
"Cell membrane:Mitochondrion:Cell projection, dendritic spine",2
"Golgi apparatus, cis-Golgi network membrane:Golgi apparatus, trans-Golgi network membrane",2
"Cell membrane:Membrane:Perikaryon:Cell projection, axon:Cell projection, dendrite:Postsynaptic cell membrane:Presynaptic cell membrane:Synapse, synaptosome:Synapse:Apical cell membrane:Basolateral cell membrane",2
Nucleus speckle:Nucleus matrix,2
"Cell membrane:Cytoplasm, cytoskeleton:Cell membrane:Membrane raft:Melanosome:Cytoplasmic vesicle",2
"Cell membrane:Cytoplasm, cytoskeleton:Cell projection, axon:Cell projection, dendrite",2
Golgi apparatus:Vacuole membrane,2
"Golgi apparatus:Secreted:Secreted, extracellular space, extracellular matrix",2
Nucleus membrane:Mitochondrion membrane:Cytoplasm,2
"Cell membrane:Membrane, caveola:Endosome:Membrane",2
Nucleus membrane:Nucleus membrane,2
"Cell membrane:Membrane, caveola:Membrane",2
"Cell membrane:Membrane, caveola:Nucleus",2
"Cell membrane:Cytoplasm, cytoskeleton:Membrane:Nucleus",2
"Cell membrane:Membrane, clathrin-coated pit:Cytoplasmic vesicle:Presynapse:Cytoplasmic vesicle, secretory vesicle, chromaffin granule",2
"Nucleus membrane:Nucleus, nucleoplasm:Cytoplasm:Nucleus lamina",2
"Golgi apparatus:Cytoplasmic vesicle, secretory vesicle, acrosome",2
"Golgi apparatus:Cytoplasmic vesicle, clathrin-coated vesicle membrane:Cytoplasm:Cytoplasm, perinuclear region:Cytoplasmic vesicle, clathrin-coated vesicle:Membrane, clathrin-coated pit",2
"Cell membrane:Cytoplasm, cytoskeleton:Cytoplasmic vesicle membrane:Membrane",2
"Golgi apparatus:Cytoplasmic vesicle, clathrin-coated vesicle",2
"Nucleus membrane:Nucleus:Cytoplasm:Cell projection, cilium, flagellum",2
Golgi apparatus:Cytoplasmic vesicle,2
Nucleus outer membrane:Nucleus envelope:Rough endoplasmic reticulum,2
"Golgi apparatus:Cytoplasm, cytoskeleton, spindle",2
"Golgi apparatus:Cytoplasm, cytoskeleton, microtubule organizing center, centrosome:Nucleus speckle:Endoplasmic reticulum membrane:Cell membrane:Cytoplasm",2
"Golgi apparatus:Cytoplasm, cytoskeleton, microtubule organizing center, centrosome:Cytoplasm, cytoskeleton:Cytoplasm, cell cortex:Membrane:Apical cell membrane:Cytoplasm:Mitochondrion:Cell projection, stereocilium",2
"Nucleus outer membrane:Nucleus:Chromosome, telomere:Nucleus envelope",2
"Golgi apparatus:Cytoplasm, cytoskeleton",2
"Cell membrane:Cytoplasm, cytoskeleton:Cleavage furrow:Cell projection, microvillus:Cell projection, stereocilium",2
"Nucleus speckle:Cell junction, desmosome",2
"Cell membrane:Cytoplasm, cytoskeleton:Cell projection, ruffle:Cytoplasm:Cytoplasm, cytosol",2
Nucleus speckle:Chromosome,2
"Golgi apparatus:Cell membrane:Endomembrane system:Cell junction, tight junction:Cell junction, adherens junction:Cell projection, axon:Perikaryon:Apical cell membrane",2
"Cell membrane:Cytoplasm, cytoskeleton:Cell projection, ruffle:Cytoplasm",2
"Cell membrane:Cytoplasm, cytoskeleton:Cell projection, invadopodium:Cell projection, podosome:Midbody:Cleavage furrow",2
"Golgi apparatus, cis-Golgi network membrane:Golgi apparatus, Golgi stack membrane",2
"Nucleus, nuclear pore complex:Nucleus membrane:Cytoplasm",2
"Nucleus, nuclear pore complex:Nucleus membrane:Cytoplasm, cytoskeleton, microtubule organizing center, spindle pole body",2
Golgi apparatus membrane:Lysosome membrane:Late endosome membrane:Cell membrane,2
"Golgi apparatus membrane:Golgi outpost:Cytoplasm, cytoskeleton, microtubule organizing center",2
"Cell membrane:Nucleus:Membrane, coated pit",2
"Golgi apparatus membrane:Golgi apparatus, trans-Golgi network membrane:Prevacuolar compartment membrane",2
"Nucleus, nucleolus:Cytoplasm:Nucleus, nucleoplasm",2
"Golgi apparatus membrane:Golgi apparatus, trans-Golgi network membrane:Golgi apparatus, cis-Golgi network membrane",2
"Cell membrane:Perikaryon:Cell projection, axon:Cell projection, dendrite",2
"Nucleus, nucleolus:Mitochondrion",2
"Cell membrane:Perikaryon:Cell projection, axon:Cell projection, dendrite:Membrane:Postsynaptic cell membrane:Synapse:Synapse, synaptosome:Lateral cell membrane:Cell membrane, sarcolemma",2
"Golgi apparatus membrane:Golgi apparatus, cis-Golgi network membrane:Endoplasmic reticulum membrane:Secreted",2
"Golgi apparatus membrane:Golgi apparatus, cis-Golgi network membrane:Endoplasmic reticulum membrane",2
"Cell membrane:Perikaryon:Cell projection, dendrite:Cell projection, axon",2
Golgi apparatus membrane:Endosome membrane:Prevacuolar compartment membrane,2
"Nucleus, nucleolus:Nucleus, nucleolus fibrillar center:Nucleus, nucleoplasm",2
Golgi apparatus membrane:Endoplasmic reticulum-Golgi intermediate compartment:Cytoplasmic vesicle,2
Golgi apparatus membrane:Endoplasmic reticulum membrane:Cytoplasmic vesicle membrane:Lysosome membrane:Early endosome membrane,2
"Cell membrane:Perikaryon:Cell projection:Cell projection, axon",2
"Cell membrane:Cell projection:Cytoplasm, cytoskeleton:Nucleus",2
Cell membrane:Perikaryon:Cell projection:Cytoplasmic vesicle:Lysosome,2
"Golgi apparatus membrane:Early endosome membrane:Cytoplasmic vesicle, clathrin-coated vesicle membrane",2
"Nucleus, nucleolus:Nucleus, nucleoplasm:Cytoplasm:Chromosome",2
"Cell membrane:Cell projection, ruffle membrane:Postsynaptic density",2
"Golgi apparatus membrane:Cytoplasmic vesicle, secretory vesicle, acrosome membrane",2
"Cell membrane:Perikaryon:Endosome:Cytoplasmic vesicle, clathrin-coated vesicle",2
"Nucleus, nucleolus:Nucleus, nucleoplasm:Cytoplasm:Nucleus:Inflammasome",2
"Nucleus, nucleolus:Nucleus, nucleoplasm:Golgi apparatus membrane",2
Golgi apparatus membrane:Cytoplasmic vesicle membrane:Endosome membrane,2
"Cell membrane:Cell projection, ruffle membrane:Early endosome:Cytoplasm, perinuclear region:Nucleus",2
"Nucleus, nucleolus:Nucleus, nucleoplasm:Nucleus",2
Cell membrane:Photoreceptor inner segment,2
Golgi apparatus membrane:Lysosome membrane,2
"Cell membrane:Nucleus:Golgi apparatus, trans-Golgi network",2
"Golgi apparatus, cis-Golgi network membrane:Endoplasmic reticulum membrane",2
Golgi apparatus membrane:Membrane:Mitochondrion membrane,2
Cell membrane:Nucleus membrane,2
"Cell membrane:Cell surface:Secreted, cell wall:Secreted",2
Cell membrane:Nucleus membrane:Cytoplasmic vesicle membrane,2
"Nucleus, nucleolus:Cell membrane:Nucleus:Cytoplasm",2
"Nucleus, nucleolus:Cell projection, cilium:Cytoplasm, cytoskeleton, microtubule organizing center, centrosome",2
"Cell membrane:Nucleus, nucleolus",2
"Golgi apparatus, Golgi stack membrane:Golgi apparatus, trans-Golgi network membrane:Secreted",2
"Golgi apparatus, Golgi stack membrane:Golgi apparatus, trans-Golgi network membrane:Mitochondrion intermembrane space:Cell membrane:Endosome",2
"Golgi apparatus, Golgi stack membrane:Golgi apparatus, trans-Golgi network membrane:Membrane",2
"Golgi apparatus, Golgi stack membrane:Golgi apparatus, trans-Golgi network",2
"Golgi apparatus, Golgi stack membrane:Golgi apparatus membrane",2
"Nucleus, nucleolus:Chromosome:Cytoplasm, cytoskeleton, microtubule organizing center, centrosome",2
"Golgi apparatus, Golgi stack membrane:Cytoplasmic vesicle, COPII-coated vesicle membrane:Cytoplasmic vesicle, secretory vesicle membrane:Golgi apparatus, trans-Golgi network membrane",2
"Golgi apparatus, Golgi stack membrane:Cytoplasm, cytosol:Cytoplasm, cytosol:Mitochondrion:Mitochondrion matrix",2
"Golgi apparatus, Golgi stack membrane:Cell membrane:Cell surface:Cell projection, filopodium:Golgi apparatus, Golgi stack membrane:Secreted",2
"Cell membrane:Nucleus:Cytoplasm, cytosol",2
"Nucleus, nucleolus:Cytoplasm, cytoskeleton, spindle",2
"Nucleus, nucleolus:Cytoplasm, cytoskeleton, spindle:Cytoplasm",2
Golgi apparatus membrane:Secreted:Secreted,2
Cell membrane:Nucleus:Cytoplasm:Apical cell membrane:Basolateral cell membrane,2
Golgi apparatus membrane:Secreted:Endoplasmic reticulum,2
"Golgi apparatus membrane:Secreted:Cell membrane, sarcolemma:Rough endoplasmic reticulum:Cytoplasm",2
"Nucleus, nucleolus:Cytoplasm:Cell projection, cilium, photoreceptor outer segment",2
"Nucleus, nucleolus:Cytoplasm:Chromosome, centromere:Cytoplasm, cytoskeleton, spindle",2
"Nucleus, nucleolus:Cytoplasm:Cytoplasm, Cytoplasmic ribonucleoprotein granule:Cytoplasm, Stress granule",2
Golgi apparatus membrane:Nucleus:Cytoplasm,2
"Cell membrane:Nucleus:Endosome:Cell junction, adherens junction:Cytoplasmic vesicle membrane:Cytoplasmic vesicle, clathrin-coated vesicle:Membrane, clathrin-coated pit:Cytoplasm, cytosol",2
Cell membrane:Cell projection:Secreted,2
"Nucleus, nucleolus:Cytoplasm:Mitochondrion:Cytoplasm, cytoskeleton, spindle:Secreted, extracellular exosome",2
"Cytoplasm:Nucleus:Nucleus speckle:Nucleus, nucleoplasm",2
Mitochondrion inner membrane:Mitochondrion intermembrane space:Mitochondrion,2
Cytoplasm:Melanosome:Nucleus:Secreted:Cell membrane:Dynein axonemal particle,2
Cytoplasm:Membrane:Endosome membrane:Early endosome:Late endosome,2
"Cytoplasm:Membrane:Nucleus:Chromosome, telomere",2
"Cytoplasm, perinuclear region:Midbody:Cytoplasm, cytoskeleton, cilium basal body:Cytoplasm, cytoskeleton, microtubule organizing center, centrosome, centriole",2
"Cell junction:Cell junction, adherens junction:Cell projection, cilium:Cytoplasm, cytoskeleton, cilium axoneme:Cell junction, tight junction",2
"Cytoplasm:Cytoplasm, perinuclear region:Membrane:Cytoplasmic vesicle, clathrin-coated vesicle",2
Cytoplasm:Membrane:Mitochondrion:Nucleus,2
Cytoplasm:Membrane:Mitochondrion membrane:Lipid droplet,2
"Cytoplasm:Cytoplasm, perinuclear region:Membrane:Endosome membrane:Cell projection, axon",2
"Cell junction, tight junction:Lateral cell membrane:Cytoplasm:Cell junction, adherens junction:Cytoplasm, cytoskeleton, microtubule organizing center, centrosome",2
"Secreted:Perikaryon:Cell projection, axon",2
"Cytoplasm, cytoskeleton:Cytoplasmic granule:Membrane",2
"Cytoplasm, perinuclear region:Nucleus:Cell projection, ruffle membrane:Cytoplasm, cytosol",2
"Cytoplasm:Cell projection, stereocilium:Cell projection, growth cone:Photoreceptor inner segment:Synapse",2
"Cytoplasm, cytoskeleton:Cytoplasm:Nucleus:Midbody:Cytoplasm, cytoskeleton, spindle",2
"Plastid, chloroplast stroma:Plastid, chloroplast membrane",2
Cytoplasm:Membrane:Golgi apparatus:Mitochondrion intermembrane space,2
"Plastid, chloroplast stroma:Plastid, chloroplast membrane:Plastid, chloroplast membrane",2
"Cytoplasm:Cytoplasm, perinuclear region:Nucleus:Cell membrane:Mitochondrion:Endomembrane system",2
Sarcoplasmic reticulum lumen:Sarcoplasmic reticulum membrane,2
"Cytoplasm, cytoskeleton:Cytoplasm, cytoskeleton, microtubule organizing center, centrosome:Chromosome, centromere, kinetochore:Cytoplasm, cytoskeleton, spindle:Golgi apparatus, trans-Golgi network",2
"Apical cell membrane:Cytoplasm:Synapse:Postsynaptic density:Cell projection, growth cone:Cell projection, dendritic spine",2
"Cytoplasm, cytoskeleton, microtubule organizing center, centrosome:Cytoplasm, cytoskeleton, microtubule organizing center, centrosome, centriole:Cytoplasm, cytoskeleton, cilium basal body:Cytoplasm, cytoskeleton, spindle pole",2
"Cytoplasm, cytoskeleton:Cytoplasmic vesicle membrane:Endoplasmic reticulum membrane:Golgi apparatus membrane",2
"Cytoplasm:Cell surface:Cell projection, dendritic spine",2
"Cytoplasm, cytoskeleton:Early endosome membrane:Cytoplasm:Cytoplasm, cytoskeleton, spindle",2
"Cell junction, adherens junction:Cell membrane:Cell projection, axon:Cytoplasm, cytoskeleton:Membrane:Nucleus",2
"Cytoplasm, perinuclear region:Golgi apparatus, Golgi stack",2
"Cytoplasm, cytoskeleton:Cytoplasmic vesicle, secretory vesicle, synaptic vesicle membrane:Mitochondrion",2
"Cytoplasm:Membrane:Synapse, synaptosome",2
"Secreted:Cell surface:Secreted, extracellular space, extracellular matrix:Endoplasmic reticulum:Sarcoplasmic reticulum",2
"Apical cell membrane:Cytoplasm:Membrane:Cytoplasm, cytoskeleton:Cytoplasm, cytoskeleton, microtubule organizing center, centrosome",2
"Cytoplasm, perinuclear region:Golgi apparatus:Perikaryon:Cell projection, axon:Cell projection, dendrite:Cell projection, growth cone:Presynaptic cell membrane:Postsynaptic cell membrane:Membrane",2
"Cytoplasm, cytoskeleton, microtubule organizing center, centrosome:Cytoplasm, cytoskeleton, microtubule organizing center, centrosome, centriole:Cytoplasm",2
"Cytoplasm, cytoskeleton:Cytoplasmic vesicle, COPII-coated vesicle membrane:Endoplasmic reticulum membrane",2
"Cytoplasm, cytoskeleton:Cytoplasmic vesicle, clathrin-coated vesicle:Cell projection, uropodium:Endosome:Cytoplasm, cytoskeleton, microtubule organizing center, centrosome:Cytoplasm, cytoskeleton, microtubule organizing center, centrosome, centriole:Recycling endosome:Cell projection, phagocytic cup:Cytoplasmic vesicle, phagosome membrane:Cell projection, podosome:Cytoplasm:Cell junction:Postsynaptic density:Synapse, synaptosome:Midbody:Membrane, clathrin-coated pit",2
Cytoplasm:Cell surface,2
"Cytoplasm, cytoskeleton, microtubule organizing center, centrosome:Cytoplasm, cytoskeleton, microtubule organizing center, centrosome, centriole:Cytoplasm, cytoskeleton, cilium basal body:Cell projection, cilium:Cytoplasm, cytoskeleton, spindle:Cytoplasm, cytoskeleton, spindle pole:Cytoplasm, cytoskeleton, cilium axoneme",2
"Cytoplasm:Cytoplasm, perinuclear region:Golgi apparatus:Golgi apparatus, trans-Golgi network:Nucleus:Nucleus, nucleolus:Nucleus matrix:Membrane",2
"Cell junction, adherens junction:Cell membrane:Cytoplasm",2
"Cytoplasm, perinuclear region:Membrane raft",2
Cytoplasm:Membrane:Preautophagosomal structure membrane,2
"Cytoplasm:Cell projection:Cell junction, focal adhesion:Cell membrane:Cytoplasmic granule",2
Cytoplasm:Membrane:Endosome:Early endosome:Late endosome,2
Cytoplasm:Membrane:Endosome membrane,2
Cytoplasm:Microsome membrane,2
"Secreted:Cytoplasm, cytosol",2
Cytoplasm:Membrane:Cytoplasm,2
"Cytoplasm:Cytoplasmic granule:Cell projection, cilium, flagellum",2
Secreted:Melanosome,2
"Cytoplasm, cytoskeleton, microtubule organizing center, centrosome:Cytoplasm, cytoskeleton, spindle pole:Cytoplasm, cytoskeleton, spindle:Chromosome, centromere, kinetochore",2
Cytoplasm:Membrane:Cell membrane:Synapse,2
"Cytoplasm:Membrane:Cell membrane:Cell projection, ruffle membrane:Endoplasmic reticulum membrane",2
"Cytoplasm, cytoskeleton, microtubule organizing center, centrosome:Cytoplasm, cytoskeleton, spindle pole:Nucleus, nucleolus:Cytoplasm, cytoskeleton, microtubule organizing center, centrosome, centriole:Cytoplasm, cell cortex",2
"Secreted:Cytoplasm:Cell membrane:Cytoplasmic vesicle, secretory vesicle, acrosome:Membrane raft",2
"Cytoplasm:Membrane, caveola:Cytoplasm, cytosol",2
"Plastid, chloroplast, plastoglobule:Plastid, chloroplast",2
"Cytoplasm:Cell projection, lamellipodium:Cell projection, ruffle:Nucleus",2
"Plastid, chloroplast, plastoglobule:Plastid, chloroplast stroma",2
Secreted:Lysosome:Cytoplasmic granule,2
"Cytoplasm, cytoskeleton, stress fiber:Membrane",2
Bud neck:Nucleus,2
"Cytoplasm, cytoskeleton, microtubule organizing center, centrosome:Cytoplasm, cytoskeleton, spindle:Midbody",2
"Cytoplasm, cytoskeleton:Cytoplasm:Cell junction, tight junction:Golgi apparatus:Cytoplasm, cytoskeleton, spindle:Cytoplasmic vesicle",2
"Cytoplasm, cytoskeleton, microtubule organizing center, centrosome:Cytoplasm, cytoskeleton, spindle:Midbody:Cytoplasm, cytoskeleton, microtubule organizing center, spindle pole body",2
"Cytoplasm:Melanosome:Nucleus envelope:Nucleus, nucleoplasm:Cytoplasm, cytoskeleton, spindle",2
"Cytoplasm, cytoskeleton:Cytoplasm:Cell projection, filopodium tip:Cell projection, stereocilium",2
"Cytoplasm, cytoskeleton:Cell junction, adherens junction",2
Secreted:Cytoplasm:Cell membrane,2
"Cytoplasm:Apical cell membrane:Cell projection, filopodium:Cell projection, ruffle:Cell projection, microvillus:Endomembrane system",2
"Secreted:Nucleus:Cytoplasm:Mitochondrion membrane:Cytoplasm, cytosol:Microsome:Endoplasmic reticulum:Mitochondrion:Mitochondrion membrane:Cytoplasm, perinuclear region:Cytoplasmic vesicle, secretory vesicle, chromaffin granule",2
"Cytoplasm:Cell projection, ruffle membrane:Cytoplasm, perinuclear region:Endoplasmic reticulum",2
"Cytoplasm:Cell projection, ruffle membrane:Cytoplasm, cytoskeleton:Cell junction, tight junction",2
"Cytoplasm, perinuclear region:Peroxisome",2
"Secreted:Cytoplasm, perinuclear region",2
"Cytoplasm:Cell projection, ruffle",2
Cytoplasm:Membrane:Endoplasmic reticulum membrane,2
"Cytoplasm, cytoskeleton:Cytoplasm:Endoplasmic reticulum",2
"Cytoplasm, cytoskeleton:Cell junction, adherens junction:Cell junction, tight junction",2
"Cell junction, adherens junction:Cytoplasm, cytoskeleton, microtubule organizing center, centrosome",2
"Cytoplasm:Cytoplasm:Cytoplasm, cytoskeleton, microtubule organizing center:Cell membrane:Golgi apparatus membrane:Golgi apparatus, trans-Golgi network membrane:Vesicle",2
"Cytoplasm, cytoskeleton:Cytoplasm, cytoskeleton, microtubule organizing center, centrosome:Chromosome, centromere, kinetochore:Cytoplasm, cytoskeleton, spindle:Golgi apparatus:Golgi apparatus, trans-Golgi network:Cell membrane:Cell projection, ruffle membrane:Cytoplasm, cell cortex",2
Basolateral cell membrane:Apical cell membrane:Lateral cell membrane:Basal cell membrane:Cell membrane,2
"Plastid, chloroplast thylakoid lumen:Mitochondrion intermembrane space",2
Cytoplasm:Membrane:Early endosome:Late endosome,2
Cytoplasm:Membrane:Early endosome,2
Cytoplasm:Cytoplasm:Mitochondrion matrix,2
Cytoplasm:Basolateral cell membrane:Golgi apparatus membrane,2
"Cytoplasm:Cytoplasm, perinuclear region:Golgi apparatus membrane",2
"Cytoplasm:Cytoplasm, perinuclear region:Golgi apparatus",2
"Cytoplasm:Cell projection, lamellipodium:Cell projection, ruffle:Cytoplasm, cytoskeleton",2
"Cytoplasm, cytoskeleton:Cell junction, focal adhesion:Cell projection, ruffle membrane",2
"Plastid, chloroplast membrane:Plastid membrane",2
Cytoplasm:Mitochondrion:Nucleus:Microsome:Endoplasmic reticulum,2
"Cytoplasm, perinuclear region:Cell membrane:Golgi apparatus",2
"Cytoplasm, perinuclear region:Cell membrane:Perikaryon:Cell projection, dendrite:Postsynaptic density",2
"Plastid, chloroplast membrane:Plastid, chloroplast envelope",2
"Cytoplasm, cytoskeleton, microtubule organizing center, centrosome:Cell projection, cilium",2
"Cytoplasm, cytoskeleton:Cell junction, tight junction:Cell junction, adherens junction",2
Cytoplasm:Mitochondrion:Mitochondrion outer membrane,2
"Cytoplasm, cytoskeleton, phragmoplast:Cytoplasm, cytoskeleton, spindle",2
Cytoplasm:Mitochondrion:Mitochondrion,2
"Cytoplasm:Cytoplasm, perinuclear region:Cell projection, neuron projection",2
Cytoplasm:Mitochondrion:Golgi apparatus:Lysosome,2
Cytoplasm:Mitochondrion:Endoplasmic reticulum membrane,2
Secreted:Cell membrane:Lysosome membrane,2
"Cytoplasm, perinuclear region:Cell projection, axon",2
"Basolateral cell membrane:Cell membrane:Cytoplasm, cytosol:Inflammasome:Lateral cell membrane:Membrane",2
Cytoplasm:Cleavage furrow,2
"Cytoplasm, perinuclear region:Cell projection, pseudopodium:Cytoplasm, cytoskeleton:Cytoplasm, myofibril, sarcomere, Z line",2
"Cytoplasm:Mitochondrion:Cytoplasm, cytoskeleton, spindle",2
"Cytoplasm:Cytoplasm, perinuclear region:Cell projection, growth cone:Cell projection, neuron projection:Midbody:Golgi apparatus",2
"Cytoplasm, cytoskeleton:Golgi apparatus:Cytoplasm, cytoskeleton, cilium basal body:Cytoplasm",2
"Apical cell membrane:Cell projection, microvillus membrane:Cell projection, ruffle membrane:Cytoplasm, cell cortex",2
"Cytoplasm:Cytoplasm, P-body:Cytoplasm, perinuclear region",2
"Cytoplasm:Cytoplasm, perinuclear region:Cell membrane:Endosome membrane",2
"Apical cell membrane:Cell projection, microvillus membrane:Cell junction",2
"Cytoplasm:Cytoplasm, perinuclear region:Cell membrane:Late endosome:Cell junction",2
"Secreted:Synapse:Endoplasmic reticulum:Cell projection, axon:Perikaryon",2
"Cytoplasm, cytoskeleton, microtubule organizing center, centrosome, centriole:Cytoplasm, perinuclear region:Cell membrane, sarcolemma:Sarcoplasmic reticulum",2
"Cytoplasm, cytoskeleton, microtubule organizing center, centrosome, centriole:Cytoplasm:Cell projection, neuron projection:Cell projection, growth cone:Endosome",2
Cytoplasm:Nucleus matrix,2
"Plastid, chloroplast inner membrane:Plastid, chloroplast stroma:Plastid, chloroplast thylakoid",2
"Cytoplasm, cytoskeleton:Cell junction, tight junction:Cell membrane:Cell junction:Nucleus, nucleoplasm",2
Cytoplasm:Mitochondrion:Sarcoplasmic reticulum:Membrane,2
"Cell junction:Nucleus:Cytoplasm, cytoskeleton",2
"Cytoplasm, cytoskeleton:Golgi apparatus:Cytoplasm:Cytoplasm, perinuclear region",2
"Cytoplasm, perinuclear region:Apical cell membrane:Cell junction, focal adhesion:Cell projection, lamellipodium",2
"Plastid, chloroplast membrane:Endoplasmic reticulum membrane",2
"Secreted:Cell membrane:Cytoplasm:Cell projection, cilium:Apical cell membrane",2
"Cytoplasm, perinuclear region:Basolateral cell membrane:Cytoplasm, cytoskeleton",2
"Cytoplasm, cytoskeleton, microtubule organizing center, centrosome, centriole:Golgi apparatus membrane:Cytoplasm, cytoskeleton, microtubule organizing center, centrosome",2
"Apical cell membrane:Cell projection, microvillus membrane:Cell projection, cilium, photoreceptor outer segment:Endoplasmic reticulum:Endoplasmic reticulum-Golgi intermediate compartment",2
"Cytoplasm, cytoskeleton:Cell junction, focal adhesion:Nucleus:Cytoplasm",2
"Cytoplasm:Mitochondrion:Cell projection, axon:Secreted:Secreted, extracellular exosome",2
Secreted:Cell surface:Host membrane,2
"Cytoplasm, cytoskeleton, microtubule organizing center, centrosome:Cell projection, cilium membrane:Cytoplasm:Cytoplasm, cytoskeleton, microtubule organizing center, centrosome, centriolar satellite:Cell projection, cilium, flagellum:Cell projection, cilium",2
"Cytoplasm:Cytoplasm, perinuclear region:Cytoplasmic vesicle, secretory vesicle",2
"Secreted:Secreted, extracellular space, extracellular matrix:Secreted",2
"Secreted:Secreted, extracellular space, extracellular matrix:Membrane",2
"Cytoplasm, cytoskeleton, microtubule organizing center, centrosome:Cytoplasm, cytoskeleton, microtubule organizing center, centrosome, centriolar satellite",2
"Cytoplasm:Midbody:Chromosome, centromere, kinetochore",2
"Cytoplasm, cell cortex:Endomembrane system:Cell projection, lamellipodium",2
"Cytoplasm, perinuclear region:Cytoplasmic granule",2
"Secreted:Secreted, extracellular space, extracellular matrix, basement membrane",2
"Cytoplasm, cytoskeleton, microtubule organizing center, centrosome:Cytoplasm, cytoskeleton, microtubule organizing center, centrosome, centriolar satellite:Cell projection, cilium:Cytoplasm, cytoskeleton, cilium basal body:Photoreceptor inner segment:Cell projection, cilium, photoreceptor outer segment",2
"Cytoplasm:Cytoplasm, perinuclear region:Cytoplasmic vesicle, secretory vesicle:Melanosome",2
"Cytoplasm, perinuclear region:Cytoplasmic vesicle, clathrin-coated vesicle",2
"Cytoplasm, cytoskeleton, microtubule organizing center, centrosome:Cytoplasm, cytoskeleton, microtubule organizing center, centrosome, centriolar satellite:Cytoplasm, cytoskeleton, microtubule organizing center, centrosome, centriole:Cytoplasm, cytoskeleton, cilium basal body:Cytoplasmic vesicle, secretory vesicle, acrosome",2
"Secreted:Cell surface:Cell projection, cilium, flagellum",2
"Cytoplasm, cytoskeleton:Cell junction, adherens junction:Cytoplasm:Cytoplasm, cytoskeleton, cilium axoneme:Cytoplasm, cytoskeleton, cilium basal body",2
"Secreted:Cell surface:Cell projection, stereocilium",2
"Cytoplasm, perinuclear region:Endomembrane system:Cytoplasmic vesicle, clathrin-coated vesicle membrane",2
"Cytoplasm, cytoskeleton:Endomembrane system:Membrane",2
"Plastid, chloroplast stroma, chloroplast nucleoid:Plastid, chloroplast stroma:Plastid stroma",2
"Cytoplasm, cytoskeleton, microtubule organizing center, centrosome:Cytoplasm, cytoskeleton, microtubule organizing center, centrosome, centriolar satellite:Cytoplasm, cytoskeleton, microtubule organizing center, centrosome, centriole:Cytoplasm, cytoskeleton, spindle",2
"Cytoplasm, perinuclear region:Cytoplasm, cytoskeleton:Cytoplasmic vesicle, autophagosome membrane",2
"Cytoplasm, perinuclear region:Cytoplasm, cytoskeleton:Cell projection, cilium, flagellum:Cytoplasm, cytoskeleton, microtubule organizing center, centrosome",2
"Cytoplasm:Midbody:Cytoplasm, cytoskeleton, microtubule organizing center, centrosome:Cytoplasm, cytoskeleton, spindle:Nucleus",2
"Cytoplasm, cytoskeleton:Endosome",2
"Cytoplasm, cytoskeleton:Cell junction, desmosome",2
"Cytoplasm, cytoskeleton:Golgi apparatus",2
"Cytoplasm, perinuclear region:Cytoplasm, P-body",2
Cytoplasm:Mitochondrion membrane:Photoreceptor inner segment,2
Cytoplasm:Mitochondrion membrane:Mitochondrion outer membrane:Mitochondrion membrane:Mitochondrion membrane,2
"Secreted:Cell projection, lamellipodium",2
"Cytoplasm:Chromosome:Cytoplasm, cytoskeleton, cilium axoneme:Cytoplasm, cytoskeleton, flagellum axoneme",2
Cytoplasm:Mitochondrion matrix:Mitochondrion intermembrane space,2
"Plastid, chloroplast outer membrane:Nucleus",2
Cytoplasm:Midbody:Lipid droplet,2
"Cytoplasm:Mitochondrion matrix, mitochondrion nucleoid:Nucleus",2
"Secreted:Cell projection, neuron projection",2
"Plastid, chloroplast outer membrane:Plastid outer membrane",2
"Cytoplasm, cytoskeleton, microtubule organizing center, centrosome:Cleavage furrow:Midbody, Midbody ring",2
"Cell junction:Cell membrane:Postsynaptic density:Cytoplasm, cytoskeleton, cilium basal body",2
"Cytoplasm:Cytoplasm, perinuclear region:Cytoplasmic vesicle, clathrin-coated vesicle",2
"Apical cell membrane:Cell projection, microvillus:Membrane raft:Cell projection, lamellipodium:Cell projection, filopodium:Cell projection, ruffle:Membrane",2
Sarcoplasmic reticulum:Nucleus membrane,2
"Recycling endosome membrane:Melanosome:Cell projection, dendrite",2
"Cell junction, tight junction:Cell membrane:Cell junction, tight junction:Cell junction, tight junction:Lateral cell membrane",2
"Cytoplasm, cytoskeleton:Golgi apparatus:Cytoplasm:Nucleus:Cytoplasmic vesicle, secretory vesicle, acrosome",2
"Cell junction, focal adhesion:Cell membrane:Endoplasmic reticulum membrane:Membrane",2
"Cytoplasm, cytoskeleton:Cytoplasm, cytosol",2
"Postsynaptic cell membrane:Perikaryon:Cell projection, dendrite:Synapse:Cell membrane",2
Prevacuolar compartment membrane:Protein storage vacuole membrane:Golgi apparatus membrane,2
"Cytoplasm, cytoskeleton, microtubule organizing center, spindle pole body:Cytoplasm",2
Postsynaptic cell membrane:Postsynaptic density,2
"Cell junction, desmosome:Cornified envelope:Cytoplasm, cytoskeleton",2
Cytoplasm:Endosome membrane:Nucleus matrix,2
"Secreted:Cytoplasmic vesicle, secretory vesicle:Golgi apparatus",2
Cytoplasm:Endosome membrane:Nucleus,2
"Postsynaptic cell membrane:Synapse:Cell projection, dendrite:Cell membrane:Cytoplasm",2
"Cell junction, focal adhesion:Cytoplasm, cytoskeleton, stress fiber:Cytoplasm",2
Cytoplasm:Endosome membrane:Early endosome membrane,2
"Cell junction, focal adhesion:Cytoplasm, cytoskeleton, stress fiber",2
"Postsynaptic density membrane:Cytoplasmic vesicle, secretory vesicle, synaptic vesicle membrane",2
"Cytoplasm:Cell membrane:Membrane, clathrin-coated pit:Early endosome membrane",2
"Cytoplasm:Cell membrane:Membrane:Cell projection, dendrite",2
"Postsynaptic density:Cell projection, dendritic spine:Cytoplasm, cell cortex:Endosome membrane:Golgi apparatus membrane:Endoplasmic reticulum membrane:Membrane",2
"Cell junction, focal adhesion:Cell projection, podosome",2
"Postsynaptic density:Presynapse:Postsynapse:Cytoplasm, cytosol",2
"Cell junction, focal adhesion:Cytoplasm, cytoskeleton:Cytoplasm, cell cortex",2
"Cytoplasm, cytoskeleton, spindle pole:Cytoplasm, cytoskeleton, phragmoplast",2
"Postsynaptic cell membrane:Endoplasmic reticulum membrane:Golgi apparatus membrane:Cell projection, neuron projection:Nucleus",2
"Cytoplasm:Golgi apparatus membrane:Cytoplasm, cytoskeleton, microtubule organizing center, centrosome:Nucleus, nuclear pore complex:Chromosome, telomere:Cytoplasm, cytoskeleton, spindle pole",2
Secreted:Endoplasmic reticulum-Golgi intermediate compartment:Endoplasmic reticulum:Golgi apparatus,2
"Cytoplasm:Cell membrane:Cytoplasmic vesicle, secretory vesicle, Cortical granule",2
"Cytoplasm, cytoskeleton, spindle:Cytoplasm, cytoskeleton, microtubule organizing center, centrosome:Cytoplasm:Nucleus:Cytoplasm:Cytoplasm, perinuclear region:Nucleus",2
"Cytoplasm:Golgi apparatus membrane:Cytoplasmic vesicle, COPI-coated vesicle membrane:Cell membrane:Endoplasmic reticulum-Golgi intermediate compartment",2
"Cytoplasm:Cell projection, cilium, flagellum:Cytoplasm, cytoskeleton, cilium axoneme:Apical cell membrane:Basolateral cell membrane:Cytoplasm, cytoskeleton, stress fiber:Cell projection, microvillus:Cell projection, lamellipodium:Cell projection, filopodium",2
"Cell junction, desmosome:Cell membrane:Membrane",2
"Cytoplasm, cytoskeleton, microtubule organizing center, centrosome:Nucleus:Chromosome",2
"Cytoplasm, cytoskeleton:Cytoplasm, cytoskeleton, microtubule organizing center, centrosome:Golgi apparatus:Cytoplasm, cytoskeleton, spindle:Cytoplasm, cytoskeleton, spindle pole",2
Cytoplasm:Cell membrane:Endoplasmic reticulum,2
"Cytoplasm:Cell membrane:Endosome:Cytoplasmic vesicle, clathrin-coated vesicle:Perikaryon:Cell projection, dendrite",2
"Cytoplasm, cytoskeleton, microtubule organizing center, centrosome:Nucleus:Cleavage furrow",2
"Cytoplasm, cytoskeleton:Cytoplasm, cytoskeleton, microtubule organizing center, centrosome:Sarcoplasmic reticulum membrane:Synapse",2
Cytoplasm:Endosome:Mitochondrion,2
"Cytoplasm, cytoskeleton:Cytoplasm, cytosol:Cleavage furrow:Cytoplasm, perinuclear region:Cell membrane:Cytoplasmic vesicle membrane",2
Cytoplasm:Cell membrane:Endoplasmic reticulum:Nucleus,2
"Cytoplasm, cytoskeleton, microtubule organizing center, centrosome:Photoreceptor inner segment:Cytoplasm, cytoskeleton, microtubule organizing center, centrosome, centriole:Cytoplasm, cytoskeleton, cilium basal body",2
Cytoplasm:Endosome:Golgi apparatus:Nucleus,2
"Cytoplasm:Early endosome membrane:Cytoplasm, perinuclear region:Cell projection, axon:Endosome membrane",2
Prevacuolar compartment membrane:Golgi apparatus membrane,2
"Cytoplasm:Cell membrane:Membrane:Nucleus:Mitochondrion:Cell projection, cilium, flagellum:Cytoplasmic vesicle, secretory vesicle, acrosome",2
"Cytoplasm:Golgi apparatus membrane:Cytoplasmic vesicle, COPI-coated vesicle membrane:Secreted",2
"Secreted:Cytoplasmic vesicle, secretory vesicle, synaptic vesicle:Synapse, synaptosome:Cell projection, axon",2
Cytoplasm:Endomembrane system,2
"Cell junction, desmosome:Nucleus speckle",2
"Cytoplasm:Cell membrane:Nucleus:Cytoplasm, cytoskeleton:Cytoplasm, perinuclear region:Cell projection, filopodium",2
Cytoplasm:Endoplasmic reticulum membrane:Microsome membrane,2
"Cell junction, desmosome:Cytoplasm, cytoskeleton:Cell membrane:Cytoplasm",2
"Cytoplasm, cytoskeleton:Cytoplasm, cytoskeleton, phragmoplast:Cytoplasm, cytoskeleton, spindle",2
Cytoplasm:Cell membrane:Nucleus:Membrane raft,2
"Cytoplasm, cytoskeleton, microtubule organizing center:Cytoplasm, cytoskeleton, spindle:Nucleus:Cytoplasm, cytoskeleton, phragmoplast:Nucleus envelope",2
"Cytoplasm, cytoskeleton, microtubule organizing center:Cytoplasm:Nucleus:Cytoplasm, cell cortex",2
Ascus epiplasm,2
"Cytoplasm, cytoskeleton, microtubule organizing center:Nucleus, nucleolus:Cell membrane",2
"Cytoplasm, cytoskeleton:Cytoplasm, cytoskeleton, spindle:Cytoplasm, cytoskeleton, microtubule organizing center, centrosome",2
Cytoplasm:Cell membrane:Secreted:Synapse,2
"Presynaptic cell membrane:Perikaryon:Cell projection, axon",2
"Secreted:Cytoplasmic vesicle, secretory vesicle membrane",2
"Secreted:Cytoplasmic vesicle, secretory vesicle lumen",2
Barrier septum:Cell tip,2
"Cytoplasm:Endomembrane system:Cell junction:Cell junction, tight junction:Cell junction, adherens junction:Cytoplasm, cell cortex:Cytoplasm, cytoskeleton:Cell membrane",2
"Cytoplasm:Cell membrane:Secreted, cell wall",2
"Cytoplasm:Cell membrane:Nucleus:Cytoplasm, cytoskeleton, microtubule organizing center, centrosome",2
"Cytoplasm:Cell membrane:Nucleus:Cell projection, lamellipodium:Cytoplasm, cytoskeleton",2
"Cytoplasm:Cell projection, axon:Early endosome",2
"Cell junction, focal adhesion:Cell membrane:Cell projection, lamellipodium:Cytoplasm, myofibril, sarcomere",2
Preautophagosomal structure membrane:Cytoplasmic vesicle membrane:Golgi apparatus membrane:Endoplasmic reticulum membrane,2
Cytoplasm:Cell membrane:Mitochondrion,2
"Cytoplasm:Endoplasmic reticulum:Cytoplasm, perinuclear region:Cytoplasm, cytoskeleton, microtubule organizing center, centrosome",2
"Cell junction, focal adhesion:Cell membrane:Cytoplasm, cytoskeleton:Cell projection, lamellipodium:Cytoplasm, myofibril, sarcomere:Cytoplasm, myofibril, sarcomere, Z line",2
"Cell junction, focal adhesion:Cell membrane:Cytoplasm, cytoskeleton",2
Cytoplasm:Early endosome:Mitochondrion,2
"Cell junction, focal adhesion:Cell membrane:Cytoplasm",2
"Cytoplasm:Endoplasmic reticulum-Golgi intermediate compartment:Cytoplasmic vesicle membrane:Golgi apparatus, cis-Golgi network",2
"Cytoplasm:Endoplasmic reticulum membrane:Preautophagosomal structure membrane:Cytoplasmic vesicle, autophagosome membrane",2
"Cytoplasm, cytoskeleton, microtubule organizing center, spindle pole body:Nucleus membrane:Chromosome, centromere, kinetochore",2
"Secreted:Cytoplasmic vesicle, secretory vesicle, microneme lumen:Cell membrane:Host cell membrane",2
Secreted:Cytoplasmic granule:Golgi apparatus,2
"Cytoplasm:Endoplasmic reticulum membrane:Nucleus, nucleolus",2
Cytoplasm:Early endosome:Recycling endosome,2
"Cytoplasm, cytoskeleton:Cytoplasm, cytoskeleton, spindle:Cytoplasm, cytoskeleton, spindle pole",2
"Cytoplasm:Cell projection, axon:Perikaryon",2
"Cytoplasm:Endoplasmic reticulum membrane:Nucleus envelope:Cytoplasm, cytoskeleton, microtubule organizing center, centrosome:Cytoplasm, cytoskeleton, spindle pole:Chromosome",2
Cytoplasm:Cell membrane:Nucleus:Cell junction,2
"Cytoplasm, cytoskeleton, microtubule organizing center, centrosome:Nucleus, nucleolus:Nucleus envelope:Nucleus, nuclear pore complex:Cytoplasm, cytoskeleton, microtubule organizing center, centrosome, centriole",2
"Cell junction, focal adhesion:Membrane",2
"Cytoplasm, cytoskeleton, microtubule organizing center, centrosome:Cytoplasm, cytoskeleton:Cell projection, cilium membrane",2
"Cytoplasm:Cytoplasmic vesicle, autophagosome lumen",2
"Cytoplasm:Cell junction, focal adhesion:Nucleus:Cytoplasm, perinuclear region:Cell projection, podosome:Cell membrane",2
"Cytoplasm:Cell junction, focal adhesion:Synapse:Cell membrane:Cytoplasm, cytoskeleton",2
"Plastid, chloroplast:Mitochondrion:Nucleus",2
"Cytoplasm, cytoskeleton, spindle:Vesicle:Midbody",2
"Cytoplasm, cytoskeleton:Cytoplasm, perinuclear region:Cell projection, stereocilium",2
"Cytoplasm, cytoskeleton, microtubule organizing center, centrosome:Cytoplasm:Cytoplasm, cytoskeleton, spindle pole:Nucleus",2
"Cytoplasm:Cell junction:Membrane, clathrin-coated pit:Cell membrane:Cell projection, stereocilium",2
"Recycling endosome membrane:Cytoplasm, cytoskeleton, microtubule organizing center, centrosome:Cleavage furrow:Midbody:Golgi apparatus membrane:Golgi apparatus, trans-Golgi network membrane",2
"Cell junction, tight junction:Apical cell membrane:Cytoplasm, perinuclear region",2
"Cytoplasm, cytoskeleton, microtubule organizing center, centrosome:Cytoplasm:Cytoplasm, cytoskeleton:Golgi apparatus, trans-Golgi network",2
"Cytoplasm, cytoskeleton:Cytoplasm, perinuclear region:Cell membrane:Cytoplasmic vesicle membrane",2
"Cytoplasm, cytoskeleton, microtubule organizing center, centrosome:Cytoplasm:Endoplasmic reticulum-Golgi intermediate compartment:Golgi apparatus, cis-Golgi network",2
Cytoplasm:Cell membrane:Apical cell membrane,2
"Cytoplasm:Golgi apparatus:Endosome, multivesicular body",2
"Cytoplasm, cytoskeleton, microtubule organizing center, centrosome:Cytoplasm:Membrane:Golgi apparatus membrane:Presynaptic active zone:Cell projection, podosome",2
"Cytoplasm, cytoskeleton:Cytoplasm, myofibril:Cytoplasm, cytoskeleton, stress fiber",2
"Cytoplasm:Golgi apparatus:Cytoplasmic vesicle, phagosome:Cytoplasmic vesicle, phagosome membrane:Cell projection, cilium:Cytoplasm, cytoskeleton, microtubule organizing center, centrosome, centriole:Cytoplasm, cytoskeleton, microtubule organizing center, centrosome",2
Apical cell membrane:Lipid droplet,2
"Cytoplasm:Golgi apparatus:Cell projection, lamellipodium",2
Cytoplasm:Inflammasome:Nucleus,2
Cytoplasm:Late endosome,2
"Cytoplasm:Cell projection, dendrite:Cytoplasm, cell cortex:Cell junction:Cell projection:Cell projection, growth cone",2
"Cytoplasm, cytoskeleton, microtubule organizing center, centrosome:Cytoplasm, cytoskeleton:Golgi apparatus",2
Secreted:Lysosome lumen,2
"Cytoplasm:Cell projection, lamellipodium:Cell projection, filopodium:Cell projection, growth cone:Cell projection, neuron projection:Perikaryon",2
"Cytoplasm:Lysosome:Cytoplasmic vesicle, autophagosome",2
"Cytoplasm:Cell junction, focal adhesion:Cell projection, podosome",2
"Cytoplasm, cytoskeleton:Cytoplasm, cytoskeleton, microtubule organizing center, centrosome:Cytoplasm, cytoskeleton, spindle:Chromosome, centromere, kinetochore:Cleavage furrow",2
"Cytoplasm:Cell projection, filopodium:Cell projection, lamellipodium:Cell projection, ruffle membrane:Cell projection, podosome",2
Cytoplasm:Lysosome membrane:Late endosome membrane:Late endosome:Lysosome,2
Cytoplasm:Lysosome membrane:Late endosome membrane,2
"Recycling endosome membrane:Early endosome:Endoplasmic reticulum:Golgi apparatus, trans-Golgi network",2
"Recycling endosome membrane:Early endosome membrane:Cell membrane:Cell projection, cilium membrane",2
"Cytoplasm, cytoskeleton, microtubule organizing center, centrosome:Cytoplasm, cytosol:Nucleus",2
"Cytoplasm:Lipid droplet:Cytoplasm, cytosol",2
Apical cell membrane:Lateral cell membrane,2
"Cytoplasm, cytoskeleton, microtubule organizing center, centrosome:Cytoplasm, perinuclear region:Cell projection, cilium, flagellum:Cytoplasm, cytoskeleton",2
Recycling endosome membrane:Early endosome membrane:Late endosome membrane,2
"Cytoplasm, cytoskeleton:Cytoplasm, cytoskeleton, microtubule organizing center, centrosome:Cytoplasm, cytoskeleton, spindle:Cytoplasm, cytoskeleton, spindle pole:Midbody",2
"Cytoplasm:Cell projection, dendrite:Cytoplasmic vesicle, secretory vesicle, synaptic vesicle:Synapse:Cytoplasm, cytoskeleton",2
"Cytoplasm:Cell junction, focal adhesion:Mitochondrion matrix:Mitochondrion",2
"Cytoplasm:Cytoplasmic vesicle, autophagosome",2
Cytoplasm:Golgi apparatus:Cell membrane,2
Cytoplasm:Golgi apparatus membrane:Endoplasmic reticulum membrane,2
"Cytoplasm:Cytoplasmic vesicle, autophagosome:Autolysosome",2
Secreted:Golgi apparatus lumen,2
"Cytoplasm:Cytoplasmic vesicle, secretory vesicle, acrosome:Cytoplasm, cytoskeleton",2
"Cytoplasm, cytoskeleton, microtubule organizing center, centrosome:Golgi apparatus:Cytoplasm",2
Secreted:Cytoplasm:Cytoplasm:Nucleus,2
"Cytoplasm, cytoskeleton:Cytoplasm, cytoskeleton, microtubule organizing center, centrosome:Cytoplasmic granule:Cytoplasm, cytoskeleton, microtubule organizing center, centrosome, centriolar satellite:Cytoplasm, cytoskeleton, cilium basal body",2
"Cytoplasm:Golgi apparatus, Golgi stack membrane",2
"Cell junction, desmosome:Cell membrane",2
"Cytoplasm:Cell projection, cilium:Cytoplasm, cytoskeleton, cilium basal body",2
Apical cell membrane:Nucleus,2
Apical cell membrane:Presynapse,2
"Cytoplasm:Golgi apparatus membrane:Nucleus:Chromosome, telomere",2
"Cytoplasm:Cell membrane:Cytoplasm, myofibril, sarcomere, Z line",2
"Secreted:Endoplasmic reticulum:Golgi apparatus:Membrane, caveola",2
"Cytoplasm, cytoskeleton, microtubule organizing center, centrosome:Midbody, Midbody ring",2
Postsynaptic cell membrane:Cell membrane:Cytoplasm,2
"Cytoplasm:Golgi apparatus membrane:Golgi apparatus, trans-Golgi network membrane:Synapse:Postsynaptic density:Cell projection, dendrite",2
Cytoplasm:Cytoplasmic vesicle:Early endosome,2
"Cytoplasm, cytoskeleton, spindle:Cytoplasm, cytoskeleton, spindle pole:Cytoplasm, cytoskeleton, microtubule organizing center, centrosome",2
"Apical cell membrane:Secreted, extracellular space, extracellular matrix",2
"Cell junction, hemidesmosome:Nucleus membrane:Basolateral cell membrane",2
"Cytoplasm, cytoskeleton, microtubule organizing center, centrosome:Cytoplasmic vesicle membrane:Nucleus:Cell membrane:Mitochondrion:Cell junction:Endoplasmic reticulum membrane",2
"Cytoplasm:Cell membrane:Cell projection, podosome",2
"Cytoplasm:Golgi apparatus, trans-Golgi network membrane:Cytoplasm, perinuclear region:Cytoplasmic vesicle, clathrin-coated vesicle",2
"Cytoplasm:Cytoplasmic vesicle, autophagosome:Nucleus:Cytoplasm, P-body:Cytoplasm, Stress granule",2
Secreted:Host cell,2
"Cytoplasm:Cell projection, dendrite",2
"Cytoplasm:Cell membrane:Cell junction, tight junction:Cytoplasm, cytoskeleton, microtubule organizing center, centrosome, centriolar satellite:Cytoplasm, cytoskeleton, microtubule organizing center, centrosome",2
"Cytoplasm:Golgi apparatus, trans-Golgi network membrane:Endosome membrane:Endoplasmic reticulum membrane:Mitochondrion membrane:Endosome:Cytoplasmic vesicle, autophagosome:Mitochondrion:Nucleus:Cytoplasm:Mitochondrion",2
"Cytoplasm:Cytoplasmic vesicle, clathrin-coated vesicle membrane:Membrane, clathrin-coated pit",2
"Cytoplasm:Cytoplasmic vesicle, phagosome membrane",2
"Recycling endosome membrane:Cell membrane:Cell projection, cilium membrane",2
"Cytoplasm:Cell membrane:Cell projection, axon:Cell projection, ruffle membrane:Cell membrane",2
"Cytoplasm:Cell projection, cilium:Dynein axonemal particle:Cell projection, cilium, flagellum",2
"Basolateral cell membrane:Apical cell membrane:Cell projection, dendrite:Cell projection, axon:Perikaryon:Presynapse:Postsynapse",2
"Cytoplasm:Cell membrane:Cell projection, cilium:Golgi apparatus",2
"Cytoplasm:Cell projection, cilium:Nucleus",2
Secreted:Golgi apparatus:Cytoplasm,2
"Cytoplasm, cytoskeleton:Cytoplasm, myofibril, sarcomere",2
"Cytoplasm:Golgi apparatus, cis-Golgi network:Endoplasmic reticulum",2
"Cytoplasm:Cell membrane:Cell projection, lamellipodium membrane",2
"Cytoplasm:Golgi apparatus, cis-Golgi network membrane",2
"Cytoplasm, cytoskeleton:Cell junction:Cell projection:Cell projection, ruffle membrane",2
"Cytoplasm:Cytoplasm, perinuclear region:Cell projection, growth cone:Midbody:Golgi apparatus:Cell projection, neuron projection",2
"Cytoplasm:Cytoplasm, perinuclear region:Cell membrane:Cell junction, focal adhesion:Cell projection, lamellipodium:Cytoplasm, cell cortex:Nucleus",2
"Cytoplasm, cytosol:Cytoplasm, cell cortex:Cytoplasm, cytoskeleton:Cytoplasm, cytoskeleton, stress fiber:Cell projection, growth cone:Cell projection, filopodium:Cell projection, invadopodium:Cell projection, microvillus:Cell junction",2
"Cell membrane:Apical cell membrane:Basolateral cell membrane:Secreted:Cytoplasmic vesicle:Cytoplasmic vesicle, clathrin-coated vesicle:Endosome",2
"Cytoplasm, cytosol:Late endosome membrane:Midbody:Nucleus envelope",2
"Cytoplasm, cytoskeleton:Cell projection, cilium:Cytoplasm, cytoskeleton, cilium axoneme",2
"Cytoplasm, cytoskeleton, cilium basal body:Cytoplasm, cytoskeleton",2
"Cytoplasm:Nucleus:Cytoplasm, cytoskeleton:Cytoplasmic vesicle:Early endosome:Postsynaptic density:Golgi apparatus",2
"Nucleus:Sarcoplasmic reticulum:Cytoplasm, perinuclear region",2
"Cytoplasm:Nucleus:Cytoplasm, cytoskeleton:Cell projection, lamellipodium:Vesicle:Cytoplasm, cytoskeleton, microtubule organizing center, centrosome",2
"Secreted, extracellular space, extracellular matrix, pollen coat",2
"Cytoplasm:Nucleus:Cytoplasm, cytoskeleton, spindle:Cytoplasm, cytoskeleton, phragmoplast",2
"Cytoplasm, cytosol:Lipid droplet:Cell membrane",2
"Cytoplasm:Nucleus:Cytoplasm, cytoskeleton, spindle:Chromosome",2
"Cytoplasm, cytoskeleton:Cell projection:Cytoplasm, cytosol:Cytoplasm, cell cortex:Cell projection, pseudopodium",2
"Cytoplasm, cytoskeleton:Cell projection, cilium:Cell projection, dendrite",2
"Cytoplasm:Nucleus:Cytoplasm, cytoskeleton, spindle pole:Cytoplasm, cytoskeleton",2
"Secreted, extracellular space, extracellular matrix, interphotoreceptor matrix:Cell membrane",2
"Cytoplasm, cytosol:Membrane:Cytoplasmic vesicle membrane",2
"Cytoplasm, cytoskeleton, cilium basal body:Cytoplasm, cytoskeleton, flagellum axoneme",2
"Secreted, extracellular space, extracellular matrix, interphotoreceptor matrix",2
"Cytoplasm, cytoskeleton, cilium basal body:Cytoplasm, cytoskeleton, microtubule organizing center, centrosome, centriolar satellite:Cytoplasm, cytoskeleton, microtubule organizing center, centrosome, centriole:Nucleus:Nucleus speckle:Cytoplasm",2
"Cytoplasm, cytoskeleton:Cell projection, cilium:Cytoplasm, cytoskeleton, microtubule organizing center, centrosome, centriole",2
"Nucleus:Postsynaptic density:Synapse, synaptosome",2
"Cytoplasm:Nucleus:Cytoplasm, myofibril, sarcomere:Cytoplasm, myofibril, sarcomere, Z line",2
"Cytoplasm:Nucleus:Cytoplasm, perinuclear region:Synapse, synaptosome",2
"Cytoplasm:Nucleus:Cytoplasm:Nucleus:Nucleus, nucleolus",2
"Apical cell membrane:Basolateral cell membrane:Endosome, multivesicular body membrane",2
"Cytoplasm, cytosol:Cytoplasm, Stress granule",2
Bud:Bud neck:Cell membrane:Cytoplasm,2
"Cytoplasm:Cytoplasm, cytoskeleton:Cell projection, lamellipodium:Cell projection, filopodium:Synapse:Cell junction, focal adhesion",2
"Cytoplasm, cytosol:Cytoplasm, P-body:Cytoplasm, Stress granule",2
"Cytoplasm:Cytoplasm, cytoskeleton:Chromosome, centromere, kinetochore:Cytoplasm, cytoskeleton, spindle",2
"Secreted, extracellular space:Cytoplasm:Cytoplasm, perinuclear region:Endoplasmic reticulum",2
"Secreted, extracellular space, extracellular matrix:Cell surface",2
"Cytoplasm:Nucleus:Cytoplasm, perinuclear region:Cell junction, tight junction:Cell membrane:Cytoplasm, cytoskeleton",2
"Cytoplasm, cytosol:Inflammasome:Cell membrane:Secreted:Mitochondrion membrane:Cytoplasm, cytosol:Nucleus:Cytoplasm, cytosol",2
"Cytoplasm, cytosol:Cell projection, lamellipodium:Cell projection, ruffle:Cytoplasm, cytoskeleton:Cell projection, filopodium tip:Cytoplasm, cell cortex:Cell projection, filopodium membrane",2
"Cytoplasm:Cytoplasm, cytoskeleton:Cytoplasm, cell cortex:Lysosome:Cytoplasmic vesicle:Cell membrane:Membrane, clathrin-coated pit",2
"Bud neck:Bud tip:Cytoplasm, cell cortex:Cytoplasm, cytoskeleton",2
"Cytoplasm, cytosol:Cell projection, growth cone:Cytoplasm, cytoskeleton, cilium axoneme",2
Nucleus:Peroxisome,2
"Cytoplasm, cytoskeleton:Cell projection, dendritic spine:Early endosome membrane:Recycling endosome membrane:Nucleus:Cytoplasm, perinuclear region:Cell projection, lamellipodium:Synapse, synaptosome",2
"Nucleus:Plastid, chloroplast",2
"Cytoplasm, cytoskeleton, cilium basal body:Cytoplasm, cytoskeleton, microtubule organizing center, centrosome, centriole:Cell junction, adherens junction",2
"Cytoplasm:Cytoplasm, cytoskeleton:Cytoplasm, cytoskeleton, spindle:Chromosome, centromere, kinetochore:Cleavage furrow:Midbody:Cytoplasm, cell cortex:Cell projection, cilium membrane:Cell projection, cilium, flagellum",2
"Secreted, extracellular space, extracellular matrix, basement membrane:Synapse",2
"Secreted, extracellular space, apoplast:Secreted, extracellular space, apoplast",2
"Cytoplasm, cytosol:Mitochondrion outer membrane:Extracellular vesicle membrane",2
"Cytoplasm:Nucleus:Cleavage furrow:Nucleus, nucleolus:Nucleus, nucleoplasm:Chromosome, centromere, kinetochore:Nucleus speckle:Midbody:Mitochondrion:Cytoplasm, cytoskeleton, microtubule organizing center",2
"Cytoplasm, cytoskeleton:Cell projection, cilium, flagellum:Cytoplasm, cytoskeleton, flagellum axoneme",2
"Apical cell membrane:Cell junction, adherens junction:Membrane raft",2
"Cytoplasm, cytosol:Mitochondrion:Nucleus:Cytoplasm, cytoskeleton, spindle",2
"Cytoplasm, cytosol:Mitochondrion:Nucleus:Cytoplasm, cytoskeleton:Cell projection, axon",2
"Secreted, extracellular space:Mitochondrion",2
"Apical cell membrane:Cell membrane:Cell junction, adherens junction",2
Basolateral cell membrane:Recycling endosome membrane:Apical cell membrane:Lateral cell membrane,2
Vacuole membrane:Cytoplasm:Nucleus,2
"Cytoplasm, cytosol:Nucleus:Cell projection, cilium, photoreceptor outer segment:Photoreceptor inner segment",2
Synaptic cleft,2
Periplasm:Cell inner membrane,2
"Cytoplasm, cytoskeleton, cilium basal body:Secreted",2
"Cytoplasm:Nucleus:Chromosome, centromere:Lateral cell membrane:Cell projection, dendrite",2
"Cytoplasm, cytosol:Cell membrane:Cell junction, adherens junction:Cell junction, tight junction",2
"Cytoplasm:Nucleus:Chromosome, centromere:Chromosome, centromere, kinetochore",2
"Cytoplasm, cytosol:Nucleus:Chromosome:Secreted, extracellular space, extracellular matrix:Cell membrane:Mitochondrion",2
"Cytoplasm:Cytoplasm, cytoskeleton, cilium basal body:Cytoplasm, cytoskeleton, cilium axoneme:Cytoplasm, cytoskeleton, microtubule organizing center, centrosome:Cell junction, tight junction",2
"Cytoplasm:Nucleus:Cytoplasm, P-body:Cytoplasm, Stress granule",2
Parasitophorous vacuole membrane,2
Cell membrane:Apical cell membrane:Basolateral cell membrane:Cytoplasm,2
Vacuole membrane:Golgi apparatus membrane,2
"Cytoplasm, cytosol:Cell membrane:Mitochondrion",2
Perikaryon,2
"Cell envelope:Secreted, cell wall",2
Perikaryon:Cell projection,2
"Cytoplasm:Nucleus:Cytoplasm, cytoskeleton, cilium axoneme",2
"Cell membrane:Apical cell membrane:Basolateral cell membrane:Cytoplasmic vesicle, secretory vesicle, synaptic vesicle membrane",2
"Cytoplasm:Cytoplasm, cytoskeleton:Cytoplasm, myofibril, sarcomere, Z line",2
"Cytoplasm:Cytoplasm, cytoskeleton:Cytoplasm, perinuclear region",2
"Cytoplasm:Cytoplasm, cytoskeleton, flagellum axoneme",2
Cell inner membrane:Cell septum:Cell tip,2
"Cytoplasm, cytosol:Mitochondrion intermembrane space:Mitochondrion",2
"Cytoplasm:Cytoplasm, cytoskeleton, flagellum axoneme:Cytoplasmic vesicle, secretory vesicle, acrosome:Golgi apparatus:Cytoplasm, cytoskeleton",2
"Cytoplasm:Nucleus:Cytoplasm, cell cortex:Apical cell membrane:Cell junction, tight junction",2
"Cytoplasm:Nucleus:Cytoplasm, cell cortex",2
"Cytoplasm:Cytoplasm, cytoskeleton:Cytoplasmic vesicle membrane:Cell projection, ruffle membrane:Early endosome:Recycling endosome membrane:Cell membrane:Cell projection:Membrane, caveola",2
"Plastid, chloroplast envelope:Plastid, chloroplast thylakoid membrane",2
"Cytoplasm, cytoskeleton, cilium basal body:Cytoplasm, cytoskeleton, microtubule organizing center, centrosome:Cell projection, cilium",2
"Cytoplasm, cytoskeleton, cilium axoneme:Golgi apparatus, Golgi stack membrane:Cell membrane:Cell projection, ruffle:Cytoplasm:Nucleus",2
"Bud neck:Bud tip:Cytoplasmic vesicle, secretory vesicle",2
Periplasm:Secreted,2
"Cytoplasm, cytosol:Cytoplasm, cytoskeleton, microtubule organizing center, centrosome, centriole:Golgi apparatus:Cytoplasm, cytoskeleton, cilium basal body",2
Cytoplasm:Nucleus:Mitochondrion matrix,2
"Cytoplasm:Cytoplasm, cytoskeleton:Cell junction, focal adhesion:Cytoplasmic vesicle, secretory vesicle, acrosome",2
"Secreted, extracellular space, extracellular matrix:Membrane",2
"Cytoplasm:Nucleus:Mitochondrion inner membrane:Cytoplasm, cytoskeleton, flagellum axoneme",2
"Cytoplasm:Cytoplasm, cytoskeleton:Cell membrane:Apical cell membrane",2
"Secreted, extracellular space, extracellular matrix:Endoplasmic reticulum:Cell surface:Secreted, extracellular space, extracellular matrix, basement membrane:Secreted, extracellular space, extracellular matrix",2
Cytoplasm:Nucleus:Microsome:Endoplasmic reticulum,2
"Cytoplasm:Nucleus:Membrane:Cytoplasmic vesicle, autophagosome",2
"Cytoplasm, cytoskeleton:Cell projection, lamellipodium:Cell projection, ruffle:Cytoplasm, cell cortex:Cytoplasm, cytosol:Synapse:Perikaryon:Cell projection, neuron projection:Cell membrane:Cytoplasmic vesicle, clathrin-coated vesicle membrane:Golgi apparatus membrane:Cell projection, podosome:Early endosome:Cell projection, dendrite:Postsynaptic density",2
"Cytoplasm, cytosol:Cytoplasm, cytosol",2
"Nucleus:Nucleus, nucleoplasm:Cytoplasm, cytoskeleton, spindle:Cytoplasm:Lipid droplet",2
Apical cell membrane:Basolateral cell membrane:Cell membrane,2
"Cytoplasm, cytosol:Cytoplasm, cytoskeleton:Membrane:Cell projection, filopodium:Cell projection, lamellipodium:Nucleus:Nucleus speckle",2
"Nucleus:Nucleus, nucleoplasm:Cytoplasm, cytosol:Cytoplasm:Lysosome membrane",2
"Cytoplasm, cytosol:Cytoplasm, cytoskeleton:Cell projection, microvillus",2
"Cytoplasm, cytosol:Early endosome membrane:Lysosome membrane:Cell membrane",2
"Cytoplasm, cytoskeleton, cilium axoneme:Cytoplasm, cytoskeleton, cilium basal body:Cytoplasm, cytoskeleton",2
"Cytoplasm, cytosol:Cytoplasm, cytoskeleton:Cell membrane:Cytoplasmic vesicle:Golgi apparatus:Cell junction, focal adhesion",2
"Cytoplasm, cytosol:Cytoplasm, cytoskeleton:Cell membrane:Cell projection, cilium:Nucleus speckle:Nucleus, Cajal body:Cytoplasm, cytoskeleton, microtubule organizing center, centrosome:Photoreceptor inner segment",2
"Cytoplasm, cytosol:Cytoplasmic granule",2
"Cytoplasm:Cytoplasm, cytoskeleton:Cell junction, focal adhesion:Cell junction, tight junction:Cell projection, lamellipodium membrane:Cell projection, filopodium membrane",2
"Cell membrane:Apical cell membrane:Cytoplasmic vesicle, phagosome membrane:Cell projection, cilium, flagellum membrane",2
"Nucleus:Nucleus, nucleolus:Nucleus speckle:Cytoplasm:Cytoplasmic granule",2
"Secreted, extracellular space, extracellular matrix:Secreted, extracellular space, extracellular matrix, basement membrane:Secreted, extracellular space, extracellular matrix, basement membrane:Secreted:Secreted:Secreted, extracellular space, extracellular matrix, basement membrane",2
"Secreted, extracellular space, extracellular matrix:Secreted, extracellular space, extracellular matrix, basement membrane",2
Zymogen granule lumen,2
"Cytoplasm, cytoskeleton:Cell projection, neuron projection:Cell projection, axon:Cytoplasm, perinuclear region:Synapse:Cytoplasmic vesicle, secretory vesicle, neuronal dense core vesicle membrane",2
"Cytoplasm, cytosol:Cytoplasm:Nucleus:Cell membrane:Secreted",2
"Cytoplasm:Nucleus:Nucleus membrane:Cytoplasmic vesicle, secretory vesicle, acrosome",2
"Cytoplasm:Cytoplasm, cytoskeleton, spindle pole",2
"Cytoplasm:Cytoplasm, cytoskeleton, spindle:Chromosome, centromere, kinetochore:Cleavage furrow:Midbody:Cell projection, cilium, flagellum",2
Apical cell membrane:Basal cell membrane:Mitochondrion membrane,2
"Cytoplasm, cytoskeleton:Cell projection, microvillus",2
"Secreted, extracellular space, extracellular matrix:Membrane:Nucleus:Cytoplasm:Mitochondrion",2
"Cytoplasm:Cytoplasm, cytoskeleton, spindle:Midbody:Early endosome",2
Cytoplasm:Nucleus:Mitochondrion:Golgi apparatus:Lysosome,2
"Cytoplasm:Nucleus:Mitochondrion:Early endosome:Endosome:Mitochondrion membrane:Cytoplasm, cell cortex",2
"Vesicle:Secreted, extracellular exosome",2
Cell membrane:Apical cell membrane:Endoplasmic reticulum membrane,2
"Cytoplasm, cytoskeleton:Cell projection, ruffle membrane:Endoplasmic reticulum:Golgi apparatus:Early endosome",2
"Cytoplasm, cytoskeleton:Cell projection, ruffle:Cell projection, lamellipodium:Cytoplasm:Cytoplasmic vesicle, autophagosome:Nucleus",2
"Cytoplasm:Cytoplasm, cytoskeleton:Cell membrane:Cell projection:Cell junction:Membrane:Nucleus:Cytoplasm, cell cortex",2
"Bud neck:Cytoplasm, cell cortex",2
Cytoplasm:Nucleus:Lipid droplet,2
"Cytoplasm, cytoskeleton, cilium axoneme:Cytoplasm, cytoskeleton, flagellum axoneme:Cytoplasm, cytoskeleton, microtubule organizing center, centrosome:Cytoplasm, cytoskeleton, spindle:Cytoplasm, cytoskeleton, spindle pole",2
"Cytoplasm, cytosol:Cytoplasm, cytoskeleton, spindle pole:Cytoplasm, cytoskeleton, microtubule organizing center, centrosome:Cell projection, cilium",2
"Cytoplasm, cytosol:Endoplasmic reticulum:Nucleus:Cytoplasm, Stress granule",2
"Cytoplasm:Cytoplasm, cytoskeleton, microtubule organizing center, centrosome:Cell membrane:Membrane",2
"Secreted, extracellular space:Cell membrane:Cytoplasm, cytoskeleton:Nucleus, nucleoplasm:Cell membrane, sarcolemma:Postsynaptic cell membrane",2
"Cytoplasm:Cytoplasm, cytoskeleton:Cell projection, filopodium:Apical cell membrane:Cell projection, stereocilium:Cell projection, stereocilium membrane",2
"Cell membrane:Apical cell membrane:Cell junction, adherens junction:Cell projection, cilium",2
Cytoplasm:Nucleus:Early endosome membrane:Lysosome membrane,2
"Cytoplasm, cytosol:Cytoplasm, cytoskeleton, phragmoplast:Secreted, cell wall:Secreted, extracellular exosome",2
Vacuole:Endoplasmic reticulum,2
"Cytoplasm:Nucleus:Endomembrane system:Cytoplasmic vesicle, clathrin-coated vesicle membrane",2
Vacuole:Cell membrane,2
"Cytoplasm, cytosol:Endosome membrane:Membrane",2
"Cytoplasm, cytosol:Cytoplasm, cytoskeleton, microtubule organizing center, centrosome:Cytoplasm, cytoskeleton, spindle pole",2
"Cytoplasm:Nucleus:Cytoplasmic vesicle, secretory vesicle, acrosome:Cytoplasm, cytoskeleton, microtubule organizing center:Cytoplasm, cytoskeleton, spindle:Cytoplasm, cytoskeleton, cilium axoneme:Cytoplasm, cytoskeleton, flagellum axoneme",2
"Cytoplasm:Nucleus:Cytoplasmic vesicle, secretory vesicle, acrosome",2
"Cytoplasm:Nucleus:Cytoplasmic vesicle, secretory vesicle, Cortical granule",2
"Cytoplasm:Nucleus:Cytoplasmic vesicle, clathrin-coated vesicle membrane:Endosome:Golgi apparatus",2
"Secreted, extracellular space:Cell surface",2
"Cytoplasm, cytosol:Endoplasmic reticulum:Mitochondrion:Nucleus",2
"Nucleus:Nucleus, nucleoplasm:Nucleus, nucleolus:Cytoplasm:Chromosome:Chromosome, telomere:Cell projection, axon:Cell projection, growth cone",2
"Cytoplasm, cytosol:Endoplasmic reticulum membrane:Golgi apparatus membrane:Cell membrane",2
"Nucleus:Nucleus, nucleoplasm:Nucleus inner membrane:Nucleus matrix",2
"Nucleus:Nucleus, nucleoplasm:Cytoplasm:Nucleus, PML body:Nucleus, nucleolus:Endoplasmic reticulum membrane:Early endosome membrane",2
"Apical cell membrane:Basolateral cell membrane:Cell projection, cilium membrane:Secreted",2
"Cytoplasm, cytoskeleton, cilium axoneme:Cytoplasm, cytoskeleton, flagellum axoneme:Cell membrane:Cytoplasm",2
"Cytoplasm:Cytoplasm, cytoskeleton:Cell projection, axon:Cell projection, dendrite:Perikaryon:Cytoplasm, perinuclear region:Cytoplasmic vesicle, secretory vesicle, acrosome",2
"Cytoplasm:Cytoplasm, cytoskeleton, microtubule organizing center, centrosome:Cytoplasm, cytoskeleton, cilium basal body",2
Cytoplasm:Nucleus:Extracellular vesicle,2
"Cytoplasm, cytoskeleton, cilium axoneme:Cytoplasm, cytoskeleton, flagellum axoneme:Cytoplasm",2
"Cytoplasm:Cytoplasm, cytoskeleton, microtubule organizing center, centrosome:Chromosome, centromere, kinetochore:Cytoplasm, cytoskeleton, spindle:Cleavage furrow:Midbody",2
"Cytoplasm:Cytoplasm, cytoskeleton, microtubule organizing center, centrosome:Cell projection, cilium, flagellum",2
Cytoplasm:Nucleus:Endoplasmic reticulum membrane:Cell membrane:Mitochondrion,2
Cytoplasm:Nucleus:Endosome membrane:Cell membrane,2
"Cytoplasm, cytosol:Endoplasmic reticulum-Golgi intermediate compartment:Golgi apparatus, cis-Golgi network",2
"Nucleus:Nucleus, nucleoplasm:Nucleus matrix:Cytoplasm, cytosol",2
Cytoplasm:Nucleus:Endoplasmic reticulum:Peroxisome,2
"Cytoplasm, cytosol:Endoplasmic reticulum:Early endosome",2
"Cytoplasm, cytoskeleton:Cell projection, lamellipodium:Cell junction, focal adhesion:Cell projection, neuron projection:Cell projection, axon",2
"Nucleus:Nucleus, nucleoplasm:Nucleus, Cajal body:Cytoplasm",2
"Cytoplasm, cytoskeleton:Cell projection, lamellipodium:Basolateral cell membrane",2
"Cytoplasm:Cytoplasm, cytoskeleton, cilium axoneme:Cytoplasm, cytoskeleton, flagellum axoneme",2
Apical cell membrane:Cell junction,2
"Cytoplasm:Nucleus:Chromosome, centromere, kinetochore:Cytoplasm, cytoskeleton, spindle",2
"Cell inner membrane:Secreted, cell wall:Secreted",2
"Cytoplasm:Cytoplasm, cytoskeleton:Sarcoplasmic reticulum membrane:Endoplasmic reticulum membrane",2
Cell membrane:Apical cell membrane:Basal cell membrane,2
Apical cell membrane:Cell membrane:Cytoplasmic vesicle,2
"Cytoplasm, cytosol:Recycling endosome membrane:Late endosome membrane:Golgi apparatus, trans-Golgi network membrane:Cell membrane",2
"Cytoplasm:Nucleus, nucleoplasm:Nucleus, nucleolus",2
Peroxisome:Mitochondrion matrix,2
"Secreted, extracellular exosome",2
"Cytoplasm:Nucleus, nucleoplasm:Nucleus, PML body:Nucleus, nucleolus:Chromosome, centromere",2
Basolateral cell membrane:Cytoplasmic vesicle membrane,2
"Cytoplasm, cytoskeleton:Nucleus:Cell projection, lamellipodium",2
Peroxisome:Nucleus,2
"Cytoplasm:Nucleus, nucleoplasm:Nucleus speckle:Chromosome",2
"Cytoplasm, cytosol:Synapse",2
"Cytoplasm, cytoskeleton:Nucleus matrix",2
Photoreceptor inner segment membrane:Synaptic cell membrane,2
"Cell membrane, sarcolemma:Cytoplasm, cytoskeleton:Cytoplasm, myofibril, sarcomere, Z line",2
"Cytoplasm:Nucleus, nucleoplasm:Nucleus envelope:Chromosome, centromere, kinetochore:Cytoplasm, cytoskeleton, spindle",2
"Cytoplasm:Cytoplasm, cytoskeleton:Nucleus:Perikaryon:Cell projection, dendrite:Cell projection, axon:Cell projection, cilium:Cytoplasm, cytoskeleton, microtubule organizing center, centrosome:Cytoplasm, cytoskeleton, cilium basal body",2
Peroxisome:Glyoxysome:Cell membrane,2
"Cytoplasm:Cytoplasm, cell cortex:Cytoplasm, cytoskeleton:Synapse",2
Secreted:Cell envelope:Cell surface,2
Cytoplasm:Nucleus:Cell membrane:Membrane,2
"Cytoplasm:Nucleus:Cell membrane:Endosome membrane:Membrane, clathrin-coated pit:Synapse",2
"Cytoplasm:Cytoplasm, cell cortex:Cytoplasm, cytoskeleton:Nucleus:Midbody:Cytoplasm, cytoskeleton, spindle:Cytoplasm, cytoskeleton, cilium basal body",2
"Secreted:Apical cell membrane:Basolateral cell membrane:Cell projection, microvillus membrane",2
"Cytoplasm, cytoskeleton, microtubule organizing center, centrosome, centriolar satellite:Cytoplasm:Cell membrane",2
"Cytoplasm:Cytoplasm, cytoskeleton:Nucleus matrix",2
"Cytoplasm, cytoskeleton:Nucleus:Nucleus, nucleolus",2
"Cytoplasm, cytosol:Nucleus:Secreted, extracellular space",2
"Synapse:Postsynaptic density:Cell projection, dendritic spine:Cell projection, dendrite",2
"Cytoplasm, cytosol:Perikaryon:Cytoplasm, Stress granule:Nucleus",2
"Cytoplasm:Cytoplasm, cell cortex:Cytoplasm, cytoskeleton:Cytoplasm, cytoskeleton, spindle pole",2
"Cytoplasm, cytosol:Perikaryon:Presynapse",2
Apical cell membrane:Cell membrane:Cytoplasm:Membrane:Nucleus,2
"Cytoplasm, cytoskeleton:Nucleus:Endosome:Cytoplasm, cytoskeleton, microtubule organizing center, centrosome:Late endosome membrane",2
"Cytoplasm, cytoskeleton:Nucleus:Cytoplasm:Mitochondrion:Cytoplasm, cytoskeleton, flagellum axoneme",2
"Cytoplasm, cytoskeleton, microtubule organizing center, centrosome, centriole:Cell projection, cilium:Cytoplasm, cytoskeleton, cilium basal body:Cytoplasm, cytoskeleton, microtubule organizing center, centrosome:Cytoplasmic granule:Cytoplasm, cytoskeleton, microtubule organizing center, centrosome, centriolar satellite",2
"Cytoplasm:Cytoplasm, cell cortex:Cytoplasm, cytoskeleton, spindle pole:Lateral cell membrane",2
"Cytoplasm, cytoskeleton, microtubule organizing center, centrosome, centriole:Cytoplasm, cytoskeleton, cilium basal body:Cytoplasm, cytoskeleton, microtubule organizing center, centrosome",2
"Photoreceptor inner segment:Cell projection, cilium, photoreceptor outer segment:Photoreceptor outer segment membrane:Perikaryon",2
"Photoreceptor inner segment:Cytoplasm, cytosol",2
"Cell membrane, sarcolemma:Cytoplasm, cytoskeleton:Cell projection, dendrite:Golgi apparatus",2
"Cytoplasm:Cytoplasm, cytosol:Membrane:Nucleus:Cytoplasm, cytoskeleton, microtubule organizing center, centrosome:Early endosome membrane:Late endosome membrane:Lysosome membrane",2
Spore membrane,2
"Cytoplasm:Nucleus, nucleolus:Cell projection, dendrite",2
"Cytoplasm:Cytoplasm, cytosol:Nucleus, nucleoplasm:Cell projection, ruffle:Cytoplasm, cell cortex:Synapse:Postsynapse",2
"Cytoplasm, myofibril, sarcomere, Z line:Cytoplasm, myofibril, sarcomere, A band:Cytoplasm, perinuclear region:Cytoplasm, cytosol",2
"Cytoplasm, myofibril, sarcomere, Z line:Nucleus, gem",2
Secreted:Zymogen granule lumen,2
"Cytoplasm, cytoskeleton, microtubule organizing center, centrosome, centriole:Cytoplasm, cytoskeleton, spindle",2
"Cytoplasm, cytoskeleton:Lysosome membrane",2
"Cytoplasm, myofibril, sarcomere:Cytoplasm:Cytoplasm, cytosol:Cell membrane, sarcolemma:Membrane, caveola:Cell membrane",2
"Cytoplasm, cytoskeleton, microtubule organizing center, centrosome, centriole:Cytoplasm, cytoskeleton, spindle pole:Cell junction",2
"Cytoplasm:Nucleus, gem",2
"Cytoplasm:Cytoplasm, myofibril, sarcomere, A band:Cytoplasm, myofibril, sarcomere, M line:Cytoplasm, cytoskeleton",2
"Cytoplasm, cytoskeleton, microtubule organizing center, centrosome, centriole:Cytoplasm, cytoskeleton, spindle pole:Midbody",2
"Cell membrane, sarcolemma, T-tubule:Cell membrane, sarcolemma:Cell membrane:Cytoplasm, cytoskeleton:Cytoplasm, myofibril, sarcomere, Z line:Endoplasmic reticulum membrane:Membrane:Sarcoplasmic reticulum membrane",2
"Cell junction, adherens junction:Cell junction, tight junction",2
"Cytoplasm:Nucleus speckle:Nucleus, nuclear body",2
"Cytoplasm, cytoskeleton:Cytoplasm, cell cortex:Lysosome:Golgi apparatus:Cell membrane:Cell projection, phagocytic cup",2
"Cell membrane, sarcolemma:Cell projection, dendrite:Cell projection, filopodium:Cell projection, growth cone",2
"Cytoplasm:Cytoplasm, P-body:Nucleus",2
"Cytoplasm:Cytoplasm, Stress granule:Nucleus",2
"Synapse, synaptosome:Cell membrane",2
"Cytoplasm, cytoskeleton, microtubule organizing center, centrosome, centriole:Cytoplasm, cytoskeleton, microtubule organizing center, centrosome, centriolar satellite:Cytoplasm, cytoskeleton, cilium basal body:Nucleus",2
"Cytoplasm:Nucleus, nucleolus:Nucleus, nucleoplasm:Nucleus",2
"Cytoplasm, myofibril, sarcomere, I band:Cytoplasm, cytosol:Nucleus:Nucleus, PML body",2
"Cytoplasm, cytoskeleton, microtubule organizing center, centrosome, centriole:Cytoplasm, cytoskeleton, microtubule organizing center, centrosome:Cytoplasm, cytoskeleton, cilium basal body",2
"Cytoplasm, cytoskeleton, microtubule organizing center, centrosome, centriole:Cytoplasm, cytoskeleton, microtubule organizing center, centrosome:Cytoplasm, cytoskeleton, cilium basal body:Cell junction",2
Photoreceptor outer segment membrane:Endoplasmic reticulum membrane,2
"Secreted:Cell membrane:Cytoplasm, cytoskeleton, microtubule organizing center, centrosome, centriole:Recycling endosome",2
Plastid stroma,2
Plastid,2
Apical cell membrane:Cell membrane:Golgi apparatus:Membrane raft,2
"Secreted, cell wall:Membrane:Secreted, cell wall",2
"Cytoplasm:Cytoplasm, cytosol:Cytoplasm, perinuclear region:Cytoplasm, cytoskeleton:Cell membrane:Membrane:Endomembrane system:Cell projection",2
"Cytoplasm:Cytoplasm, cytosol:Cytoplasmic vesicle, secretory vesicle:Cytoplasmic vesicle, clathrin-coated vesicle membrane:Lysosome",2
"Cytoplasm:Nucleus, nucleolus:Cytoplasm, cytoskeleton, spindle:Chromosome",2
"Cell junction, adherens junction:Cell junction, desmosome",2
"Cytoplasm, cytoskeleton, microtubule organizing center, centrosome, centriolar satellite:Cytoplasm, cytoskeleton, cilium basal body",2
"Cytoplasm:Endomembrane system:Cell projection, lamellipodium:Cytoplasm, perinuclear region:Cell membrane:Cytoplasm, cytoskeleton",2
"Cytoplasm:Nucleus:Cell projection, cilium:Cytoplasm, cytoskeleton, cilium basal body",2
Cell inner membrane:Periplasm,2
"Cytoplasm:Cytoplasm, cytoskeleton, actin patch:Cytoplasm, cytoskeleton",2
"Cytoplasm:Nucleus:Chromosome, centromere",2
"Cytoplasm, cytoskeleton:Cell projection, cilium, flagellum:Cytoplasm, cytoskeleton, cilium axoneme",2
Peroxisome membrane:Endoplasmic reticulum membrane,2
Synapse:Secreted,2
"Cytoplasm, cytoskeleton:Cytoplasm, cell cortex:Cell membrane",2
"Cell membrane, sarcolemma:Membrane:Nucleus, nucleoplasm:Postsynaptic cell membrane:Secreted, extracellular space:Synaptic cell membrane",2
"Cytoplasm, cytoskeleton, flagellum axoneme:Cytoplasm, cytoskeleton, microtubule organizing center, centrosome",2
Synapse:Secreted:Cell membrane,2
Peroxisome matrix:Presynaptic active zone:Secreted,2
"Cytoplasm:Cytoplasm, cytoskeleton:Membrane",2
Synapse:Secreted:Cell membrane:Cell membrane,2
"Cytoplasm:Nucleus:Cell projection, ruffle:Cytoplasm, cytoskeleton, microtubule organizing center, centrosome",2
"Cytoplasm, cytoskeleton:Synapse, synaptosome",2
"Cytoplasm, cytoskeleton, flagellum axoneme:Nucleus",2
"Cytoplasm, cytosol:Nucleus:Lysosome membrane",2
"Cytoplasm:Nucleus:Cell projection:Cytoplasm, cytoskeleton, cilium axoneme:Cytoplasm, cytoskeleton, cilium basal body:Cytoplasm, cytoskeleton, microtubule organizing center:Cytoplasm, cytoskeleton, microtubule organizing center, centrosome, centriole",2
"Cell membrane, sarcolemma:Sarcoplasmic reticulum membrane",2
"Peroxisome membrane:Cell projection, cilium",2
Peroxisome matrix:Peroxisome membrane,2
"Cytoplasm, cytoskeleton, flagellum axoneme:Cytoplasm:Nucleus",2
"Cytoplasm, cytosol:Nucleus:Cytoplasm:Mitochondrion",2
"Cytoplasm, cytoskeleton:Nucleus:Postsynaptic density:Cell junction, adherens junction:Cell projection, dendritic spine:Cytoplasm:Cell membrane:Cell projection, lamellipodium:Cell projection, filopodium:Cell projection, ruffle membrane",2
"Cell membrane, sarcolemma:Cytoplasmic vesicle membrane:Cell membrane",2
Cytoplasm:Nucleus:Cell membrane:Mitochondrion membrane:Cell projection,2
"Cytoplasm, cytosol:Nucleus:Microsome membrane",2
"Cytoplasm, cytosol:Nucleus:Peroxisome",2
"Cytoplasm, cytosol:Nucleus:Nucleus, nucleolus:Nucleus, PML body",2
"Cytoplasm, cytoskeleton:Synapse:Cell projection, dendritic spine:Cell projection, axon",2
Peroxisome membrane:Glyoxysome membrane,2
"Cytoplasm:Cytoplasm, cytoskeleton:Cytoplasmic vesicle:Cytoplasmic vesicle, clathrin-coated vesicle:Cell junction",2
"Cell membrane, sarcolemma:Membrane",2
"Cytoplasm, cytosol:Nucleus:Mitochondrion matrix:Mitochondrion outer membrane",2
"Nucleus, nucleolus:Cytoplasm, cytoskeleton, spindle:Chromosome, centromere, kinetochore",1
"Nucleus membrane:Perikaryon:Synapse:Mitochondrion:Cytoplasm:Cytoplasm, perinuclear region",1
Cell membrane:Cell septum,1
"Nucleus membrane:Cytoplasm, cytoskeleton, spindle:Cytoplasm, cytoskeleton, spindle pole",1
"Nucleus membrane:Cytoplasm, cytoskeleton, microtubule organizing center, centrosome:Cytoplasm, cytoskeleton",1
"Basal cell membrane:Cytoplasm, myofibril, sarcomere, M line",1
"Nucleus, nuclear pore complex:Nucleus membrane:Cytoplasm:Cytoplasmic vesicle:Nucleus, PML body",1
"Secreted:Cell membrane:Lysosome membrane:Nucleus:Cytoplasm, cytosol",1
"Secreted:Cell projection, axon",1
"Cell membrane:Cytoplasm, cytoskeleton, cilium axoneme:Membrane",1
"Nucleus, nucleolus:Cytoplasm, cytoskeleton, microtubule organizing center, spindle pole body",1
Secreted:Cell membrane:Cytoplasm,1
"Secreted, extracellular space:Secreted, cell wall:Vacuole",1
"Nucleus speckle:Nucleus:Nucleus, PML body",1
"Nucleus, nuclear pore complex:Nucleus envelope:Nucleus membrane:Cytoplasm, cytoskeleton, spindle:Chromosome:Nucleus matrix",1
Bud neck:Cell tip,1
"Nucleus membrane:Cytoplasm, cytoskeleton",1
Nucleus membrane:Rough endoplasmic reticulum membrane,1
Nucleus speckle:Nucleus:Cell membrane,1
"Nucleus speckle:Nucleus, nucleoplasm:Nucleus:Cytoplasm",1
Bud neck:Cell septum,1
"Nucleus, PML body:Nucleus, nucleolus",1
Basolateral cell membrane:Cell membrane:Lateral cell membrane:Basal cell membrane,1
Bud neck:Cytoplasm,1
"Secreted, extracellular space:Membrane",1
"Nucleus, nuclear pore complex:Lysosome membrane:Nucleus envelope",1
"Secreted:Cell membrane:Cytoplasm, perinuclear region:Cytoplasm, perinuclear region",1
"Nucleus outer membrane:Golgi apparatus:Cell projection, lamellipodium:Cell projection, filopodium",1
"Secreted:Cytoplasmic granule:Lysosome:Endosome:Cytoplasmic vesicle, phagosome",1
"Nucleus, nucleolus:Cytoplasm, cytoskeleton, spindle:Cytoplasm:Mitochondrion:Mitochondrion matrix",1
"Nucleus outer membrane:Nucleus:Nucleus envelope:Cytoplasm, cytoskeleton:Cytoplasm, myofibril, sarcomere:Golgi apparatus",1
Basolateral cell membrane:Apical cell membrane:Lateral cell membrane:Basal cell membrane,1
"Nucleus, PML body:Cytoplasm:Cytoplasm, myofibril, sarcomere",1
Basal cell membrane:Cell junction:Nucleus:Cytoplasm,1
"Cell membrane:Cytoplasm, cell cortex:Cytoplasm, cytoskeleton, microtubule organizing center, centrosome:Membrane:Membrane:Nucleus",1
Basal cell membrane:Basolateral cell membrane:Endoplasmic reticulum membrane,1
"Nucleus, nucleolus:Cytoplasm:Bud neck",1
"Secreted, extracellular space, extracellular matrix:Secreted:Secreted, extracellular space, extracellular matrix",1
"Secreted:Cytoplasm:Cell junction, adherens junction:Cell membrane",1
"Nucleus, nucleolus:Cytoplasm:Bud neck:Cytoplasm, cytoskeleton, spindle pole:Cell septum",1
"Nucleus, nucleolus:Cytoplasm:Cell membrane:Secreted",1
"Secreted, extracellular space:Secreted, cell wall",1
"Nucleus, PML body:Cytoplasm:Cytoplasm, Stress granule",1
"Cell membrane:Cytoplasm, cytoskeleton, actin patch:Cytoplasm, cell cortex:Bud tip",1
"Cell membrane:Cytoplasm, cytosol:Cytoplasmic vesicle:Golgi apparatus membrane:Membrane:Membrane:Presynaptic cell membrane:Vesicle",1
"Cell membrane:Cytoplasm, cytosol:Cytoplasmic vesicle, phagosome",1
"Nucleus, PML body:Cytoplasm:Nucleus",1
Basolateral cell membrane:Cell membrane:Lateral cell membrane:Membrane:Mitochondrion,1
"Nucleus outer membrane:Cytoplasm, cytoskeleton, microtubule organizing center, spindle pole body",1
Bud,1
"Secreted, extracellular space:Parasitophorous vacuole",1
"Nucleus membrane:Chromosome:Chromosome, telomere",1
Secreted:Cytoplasmic granule:Cytoplasm:Nucleus,1
"Secreted, extracellular space, extracellular matrix:Synapse:Cell membrane",1
"Nucleus outer membrane:Cytoplasm:Cytoplasmic granule:Cell projection, phagocytic cup",1
Nucleus outer membrane:Cytoplasm:Endoplasmic reticulum membrane,1
"Nucleus, Cajal body:Nucleus, nucleolus:Cytoplasm",1
"Cell membrane:Cytoplasm, cytoskeleton, cilium axoneme",1
Secreted:Cytoplasm:Cell membrane:Apicolateral cell membrane,1
"Nucleus, PML body:Cytoplasm:Nucleus:Cytoplasm",1
"Nucleus, nuclear pore complex:Nucleus membrane:Chromosome:Nucleus, nucleoplasm",1
"Nucleus outer membrane:Sarcoplasmic reticulum membrane:Cell membrane:Cytoplasm, cytoskeleton:Mitochondrion:Nucleus, nucleoplasm:Cytoplasm, myofibril, sarcomere, Z line:Cell junction, focal adhesion",1
"Secreted:Cell membrane:Cytoplasm:Cell projection, cilium:Apical cell membrane:Apical cell membrane",1
"Nucleus speckle:Nucleus, nucleoplasm:Nucleus matrix:Cytoplasm:Cytoplasm",1
"Basolateral cell membrane:Apical cell membrane:Cell projection, stereocilium:Cell membrane:Cell membrane",1
Nucleus membrane:Nucleus envelope,1
"Cell membrane:Cytoplasm, cytoskeleton:Cell projection, axon:Cell projection, dendrite:Nucleus",1
"Cell membrane:Cytoplasm, cytoskeleton, microtubule organizing center, centrosome:Membrane",1
"Cell membrane:Cytoplasm, cytoskeleton, microtubule organizing center, centrosome:Cytoplasm, cytoskeleton, spindle:Midbody:Cell projection, dendrite",1
"Secreted, extracellular space:Cytoplasm:Endoplasmic reticulum",1
"Cell membrane:Cytoplasm, cytosol:Cytoplasm, cytoskeleton",1
Basolateral cell membrane:Golgi apparatus membrane,1
"Nucleus, nucleolus:Cell membrane",1
"Nucleus speckle:Nucleus, nucleolus:Nucleus, nucleoplasm:Cytoplasm",1
Nucleus membrane:Nucleus outer membrane,1
Cell membrane:Cell surface:Fimbrium,1
"Secreted:Cytoplasm, cytoskeleton",1
"Secreted, extracellular space:Cytoplasm, cytosol:Nucleus",1
Secreted:Cytoplasm:Cytoplasm:Cytoplasm,1
"Secreted:Cell junction:Secreted, extracellular space, extracellular matrix, basement membrane:Cell projection, dendrite:Perikaryon:Cell surface",1
Cell membrane:Cell surface:Fimbrium:Secreted,1
Secreted:Cytoplasm:Cytoplasm:Cytoplasm:Cytoplasm:Cytoplasm:Membrane,1
"Nucleus, nuclear pore complex:Chromosome, centromere, kinetochore:Nucleus membrane",1
"Secreted:Cell surface:Host cytoplasm, host cytosol",1
Cell membrane:Cell septum:Spore wall,1
"Cell membrane:Cytoplasm, cytoskeleton:Endomembrane system:Endoplasmic reticulum-Golgi intermediate compartment:Membrane:Nucleus",1
"Cell membrane:Cytoplasm, cytoskeleton:Apical cell membrane:Lateral cell membrane",1
"Nucleus membrane:Nucleus, nuclear pore complex:Cytoplasm",1
Secreted:Cytoplasm:Cytoplasm,1
"Cell membrane:Cell surface:Synapse, synaptosome:Cell projection, dendrite:Cell projection, axon:Cell projection, growth cone:Cell projection, lamellipodium:Cell projection, filopodium",1
"Basolateral cell membrane:Apical cell membrane:Cell projection, stereocilium:Basolateral cell membrane:Cell membrane",1
"Cell membrane:Cytoplasm, cytoskeleton:Secreted",1
"Basolateral cell membrane:Apical cell membrane:Cell projection, dendrite:Cell projection, axon:Perikaryon:Presynapse:Postsynapse:Apical cell membrane",1
"Nucleus membrane:Nucleus, nuclear pore complex:Nucleus, nucleoplasm:Nucleus membrane",1
Nucleus speckle:Nucleus speckle:Nucleus speckle:Cytoplasm,1
"Secreted, extracellular space:Cytoplasm:Nucleus:Secreted, extracellular space:Cytoplasm:Secreted, extracellular space",1
"Secreted:Apical cell membrane:Basolateral cell membrane:Cell projection, cilium membrane",1
"Basolateral cell membrane:Apical cell membrane:Cell projection, stereocilium:Cell membrane",1
"Nucleus, nuclear pore complex:Cytoplasm, cytoskeleton, spindle",1
"Nucleus, nuclear pore complex:Chromosome:Nucleus:Nucleus membrane:Nucleus membrane:Cytoplasm",1
"Cell membrane:Cytoplasm, cytoskeleton:Endomembrane system:Cytoplasm, cytoskeleton",1
"Nucleus membrane:Nucleus, nucleoplasm:Cytoplasm:Membrane:Cytoplasm, cytoskeleton, microtubule organizing center, centrosome:Dynein axonemal particle",1
"Nucleus, nuclear pore complex:Nucleus:Cell projection, axon:Synapse",1
"Nucleus, nuclear pore complex:Nucleus, nuclear pore complex",1
"Nucleus membrane:Cytoplasm, cytoskeleton, spindle:Cytoplasm, cytoskeleton, spindle pole:Cytoplasm, cytoskeleton, phragmoplast",1
"Nucleus, nuclear pore complex:Nucleus envelope",1
Secreted:Cell membrane:Cell membrane,1
Secreted:Cytoplasm:Secreted,1
Nucleus speckle:Chromosome:Cytoplasm,1
"Cell membrane:Cytoplasm, cytosol:Cytoplasm, cytosol",1
Cell membrane:Cell septum:Secreted,1
"Secreted:Cell membrane:Cell projection, axon:Cell projection, dendrite:Cell projection, growth cone:Synapse",1
"Nucleus membrane:Nucleus, nucleoplasm:Nucleus lamina:Cytoplasm",1
"Nucleus membrane:Cytoplasm, cytosol:Nucleus, PML body:Membrane:Perikaryon:Cell projection, axon",1
"Secreted:Cell membrane:Cell junction, tight junction:Secreted:Secreted:Cytoplasm",1
"Nucleus, nuclear pore complex:Nucleus membrane:Nucleus membrane:Nucleus, nuclear pore complex:Nucleus membrane",1
"Basolateral cell membrane:Cell membrane:Cell projection, cilium:Cytoplasm:Lateral cell membrane:Membrane:Nucleus",1
"Cell membrane:Cytoplasm, cytoskeleton:Nucleus",1
"Nucleus, PML body:Nucleus:Nucleus, PML body",1
"Nucleus, PML body:Nucleus:Cytoplasm, cytoskeleton, microtubule organizing center, centrosome",1
"Nucleus, PML body:Nucleus, nucleoplasm",1
Bud membrane,1
"Basolateral cell membrane:Apical cell membrane:Cell membrane:Cytoplasm, cytosol",1
"Nucleus, gem:Nucleus, Cajal body:Cytoplasm:Cytoplasmic granule:Perikaryon:Cell projection, neuron projection:Cytoplasm, myofibril, sarcomere, Z line",1
"Cell membrane:Cell septum:Secreted, cell wall",1
"Nucleus membrane:Nucleus, nucleoplasm:Nucleus lamina",1
"Secreted:Cytoplasm:Cell projection, cilium, flagellum:Nucleus:Mitochondrion",1
"Cell membrane:Cleavage furrow:Cytoplasmic vesicle membrane:Cytoplasmic vesicle, phagosome:Golgi apparatus, trans-Golgi network:Membrane:Recycling endosome membrane",1
Nucleus membrane:Mitochondrion membrane,1
"Secreted:Cytoplasm, cytoskeleton:Golgi apparatus membrane:Midbody",1
Nucleus membrane:Endoplasmic reticulum membrane:Sarcoplasmic reticulum membrane,1
"Nucleus, nucleolus:Chromosome, centromere:Cytoplasm, cytoskeleton",1
"Basolateral cell membrane:Cell projection, axon:Cell projection, dendritic spine membrane:Lateral cell membrane:Membrane",1
"Secreted:Cytoplasm:Cytoplasm:Nucleus:Cytoplasm:Mitochondrion membrane:Cytoplasm, cytosol:Microsome:Endoplasmic reticulum:Mitochondrion:Mitochondrion membrane:Cytoplasm, perinuclear region:Cytoplasmic vesicle, secretory vesicle, chromaffin granule",1
"Basolateral cell membrane:Cell membrane:Cell projection, axon:Cell projection, dendritic spine membrane:Lateral cell membrane:Membrane",1
"Nucleus, nuclear pore complex:Nucleus membrane:Vacuole membrane:Nucleus membrane",1
"Nucleus, nuclear pore complex:Chromosome",1
"Cell membrane:Cleavage furrow:Midbody, Midbody ring",1
Secreted:Cytoplasm:Cytoplasmic granule,1
"Nucleus membrane:Endoplasmic reticulum membrane:Golgi apparatus, Golgi stack membrane:Cytoplasm, cytoskeleton, microtubule organizing center, centrosome:Cytoplasm, cytoskeleton",1
"Basolateral cell membrane:Cell membrane, sarcolemma:Cytoplasm, myofibril, sarcomere:Sarcoplasmic reticulum membrane:Apical cell membrane:Endoplasmic reticulum membrane:Cell projection, cilium:Cytoplasm, cytoskeleton, cilium basal body:Cytoplasmic vesicle membrane",1
"Nucleus, nucleolus:Chromosome, telomere",1
"Secreted, extracellular space:Cytoplasm",1
"Nucleus:Nucleus, nucleolus:Cytoplasm:Nucleus speckle:Nucleus, nucleoplasm",1
"Nucleus matrix:Nucleus, PML body",1
Cell membrane:Cytoplasm:Nucleus:Vesicle,1
"Cell membrane:Cytoplasm:Plastid, chloroplast membrane",1
Cell membrane:Cytoplasm:Peroxisome:Endoplasmic reticulum,1
Cell membrane:Cytoplasm:Peroxisome,1
Apical cell membrane:Cell membrane:Cell surface:Cytoplasmic vesicle membrane:Membrane,1
"Synapse:Cytoplasmic vesicle, secretory vesicle, synaptic vesicle:Membrane",1
"Mitochondrion outer membrane:Cytoplasm, cytosol:Mitochondrion outer membrane:Membrane",1
"Mitochondrion outer membrane:Cytoplasm, perinuclear region",1
"Synapse:Cytoplasm:Nucleus:Cell projection, axon",1
"Synapse:Cytoplasm:Cell projection, axon:Cell projection, dendrite:Cell projection, cilium:Synapse:Cell projection, axon:Synapse:Cell projection, axon",1
"Mitochondrion membrane:Plastid, chloroplast thylakoid membrane",1
Mitochondrion outer membrane:Cytoplasm:Nucleus membrane:Nucleus:Cytoplasm:Endoplasmic reticulum membrane,1
"Synapse:Cytoplasm, cytoskeleton:Cytoplasm, myofibril, sarcomere, Z line",1
Apical cell membrane:Cell membrane:Cytoplasm:Nucleus,1
Mitochondrion outer membrane:Cytoplasm:Nucleus:Cytoplasm:Cytoplasm:Cytoplasm,1
"Mitochondrion outer membrane:Cytoplasmic vesicle, phagosome",1
"Mitochondrion outer membrane:Cytoplasmic vesicle, phagosome:Nucleus",1
"Synapse:Cell projection, dendrite:Cell projection, axon:Endoplasmic reticulum membrane",1
"Synapse:Cell projection, axon:Cell projection, dendrite:Cell projection, dendritic spine:Endoplasmic reticulum membrane",1
"Apical cell membrane:Cell membrane:Cell projection, filopodium:Cell projection, microvillus:Cell projection, ruffle:Membrane raft:Cell projection, lamellipodium:Membrane",1
"Mitochondrion membrane:Plastid, chloroplast membrane",1
"Cell membrane:Cytoplasm:Endosome membrane:Cytoplasmic vesicle, autophagosome:Cytoplasmic vesicle, phagosome:Cytoplasmic vesicle, phagosome membrane",1
"Apical cell membrane:Cell membrane:Cell projection, cilium:Cytoplasm:Membrane:Secreted",1
"Apical cell membrane:Cell junction, adherens junction:Membrane raft:Cell membrane:Nucleus",1
Vacuole membrane:Bud neck,1
Vacuole lumen:Vesicle:Cell membrane,1
Tegument membrane,1
"Mitochondrion membrane:Endoplasmic reticulum membrane:Mitochondrion inner membrane:Cytoplasm:Nucleus:Mitochondrion:Endoplasmic reticulum:Mitochondrion outer membrane:Early endosome membrane:Recycling endosome membrane:Nucleus outer membrane:Golgi apparatus, cis-Golgi network membrane:Golgi apparatus, trans-Golgi network membrane:Membrane:Membrane:Cytoplasm",1
Tegument,1
Synaptic cell membrane:Cell membrane,1
Apical cell membrane:Cell membrane:Cell membrane:Nucleus membrane:Cytoplasm:Cytoplasm,1
Cell membrane:Cytoplasm:Vesicle,1
"Mitochondrion membrane:Plastid, chloroplast inner membrane",1
Mitochondrion membrane:Mitochondrion inner membrane:Mitochondrion inner membrane:Mitochondrion inner membrane,1
"Mitochondrion membrane:Mitochondrion inner membrane:Mitochondrion matrix, mitochondrion nucleoid",1
Mitochondrion membrane:Nucleus inner membrane:Endoplasmic reticulum membrane,1
"Mitochondrion membrane:Nucleus membrane:Cytoplasm, cytoskeleton, microtubule organizing center, centrosome:Mitochondrion inner membrane:Mitochondrion outer membrane:Mitochondrion matrix:Cytoplasmic vesicle, secretory vesicle, synaptic vesicle membrane:Cytoplasm, cytosol:Cytoplasm",1
Cell membrane:Cytoplasm:Secreted:Cytoplasm:Secreted,1
Mitochondrion membrane:Nucleus:Nucleus,1
Synapse:Secreted:Cell membrane:Nucleus:Cell membrane,1
"Mitochondrion membrane:Plastid, chloroplast envelope:Plastid, chloroplast thylakoid membrane",1
"Apical cell membrane:Cell membrane:Early endosome membrane:Endosome membrane:Late endosome membrane:Membrane:Recycling endosome membrane:Synapse, synaptosome",1
"Mitochondrion outer membrane:Endoplasmic reticulum membrane:Endosome membrane:Lysosome membrane:Lipid droplet:Golgi apparatus:Cytoplasmic vesicle, secretory vesicle, neuronal dense core vesicle",1
Mitochondrion outer membrane:Golgi apparatus,1
Mitochondrion:Cell membrane,1
"Secreted:Synapse:Membrane:Secreted, extracellular space, extracellular matrix",1
Mitochondrion outer membrane:Peroxisome membrane:Mitochondrion,1
"Cell membrane:Cytoplasm:Lateral cell membrane:Cytoplasm, cytoskeleton:Cell projection, dendrite:Cytoplasm",1
"Mitochondrion outer membrane:Secreted, cell wall",1
Mitochondrion outer membrane:Vacuole membrane:Preautophagosomal structure membrane,1
"Secreted:Synapse:Endoplasmic reticulum:Cell projection, axon:Perikaryon:Endoplasmic reticulum",1
Secreted:Synapse:Cytoplasm:Golgi apparatus:Secreted:Cytoplasm:Endoplasmic reticulum:Cytoplasm,1
Secreted:Synapse:Cytoplasm:Cytoplasm:Golgi apparatus:Secreted:Cytoplasm:Endoplasmic reticulum,1
Secreted:Synapse:Cytoplasm,1
Mitochondrion outer membrane:Lipid droplet:Endoplasmic reticulum membrane:Lysosome membrane:Late endosome membrane,1
"Mitochondrion:Cytoplasm, cytoskeleton, cilium basal body:Cell projection, cilium, photoreceptor outer segment:Cytoplasm",1
"Cell membrane:Cytoplasm:Golgi apparatus, cis-Golgi network membrane",1
"Mitochondrion:Cytoplasm, cytosol:Mitochondrion matrix:Mitochondrion matrix",1
"Mitochondrion:Cytoplasm, cytosol:Peroxisome:Membrane",1
"Mitochondrion:Cytoplasm, perinuclear region",1
"Mitochondrion:Cytoplasm:Cell projection, axon",1
"Mitochondrion:Cytoplasm:Cytoplasm, cytoskeleton, cilium axoneme:Cytoplasm",1
Mitochondrion:Cytoplasm:Cytoplasm:Nucleus:Cytoplasm:Membrane,1
Cell membrane:Cytoplasm:Lysosome:Membrane:Nucleus,1
"Apical cell membrane:Cell projection, lamellipodium:Cell projection, filopodium:Cell projection, ruffle:Cell projection, microvillus:Membrane raft:Membrane",1
"Apical cell membrane:Cell projection, lamellipodium:Cell junction, tight junction:Cell junction, focal adhesion:Cytoplasm",1
Apical cell membrane:Cell membrane:Secreted,1
"Synapse, synaptosome:Mitochondrion outer membrane:Mitochondrion:Nucleus:Cytoplasm:Cytoplasm",1
"Synapse, synaptosome:Cytoplasm:Membrane",1
"Synapse, synaptosome:Cytoplasm, cell cortex:Cell projection, ruffle membrane:Cell projection, stereocilium:Cell projection, growth cone",1
Mitochondrion outer membrane:Mitochondrion inner membrane:Mitochondrion membrane:Cytoplasm:Mitochondrion membrane:Mitochondrion membrane:Cytoplasm:Mitochondrion membrane:Cytoplasm:Cytoplasm,1
Mitochondrion outer membrane:Mitochondrion inner membrane:Mitochondrion:Mitochondrion membrane:Mitochondrion membrane:Golgi apparatus membrane:Endoplasmic reticulum membrane:Mitochondrion membrane,1
Apical cell membrane:Cell membrane:Early endosome membrane:Endosome membrane:Membrane:Recycling endosome membrane,1
"Apical cell membrane:Cell membrane:Endosome membrane:Membrane, coated pit",1
"Apical cell membrane:Cell membrane:Endosome membrane:Membrane, coated pit:Secreted",1
Cell membrane:Cytoplasm:Nucleus:Cell membrane:Cell membrane:Secreted:Cytoplasm,1
Mitochondrion outer membrane:Mitochondrion:Endoplasmic reticulum:Endoplasmic reticulum:Mitochondrion outer membrane:Mitochondrion outer membrane:Mitochondrion outer membrane:Mitochondrion outer membrane,1
"Cell membrane:Cytoplasm:Nucleus, nucleolus:Cell membrane:Cytoplasm:Nucleus, nucleolus:Cell membrane:Cytoplasm:Nucleus, nucleolus:Cell membrane:Mitochondrion",1
Apical cell membrane:Cell membrane:Lipid droplet,1
Cell membrane:Cytoplasm:Mitochondrion matrix:Mitochondrion inner membrane:Mitochondrion outer membrane,1
Mitochondrion outer membrane:Nucleus membrane:Cell membrane:Golgi apparatus,1
"Cell membrane:Cytoplasm:Membrane:Nucleus, nucleolus",1
"Apical cell membrane:Cell membrane:Membrane, coated pit:Endosome:Lysosome membrane",1
Spore coat:Cytoplasm,1
"Apical cell membrane:Cell junction, adherens junction:Cell membrane:Cell projection, axon:Endomembrane system:Golgi apparatus:Membrane:Perikaryon",1
"Apical cell membrane:Cell junction, adherens junction",1
Vacuole membrane:Cytoplasmic vesicle membrane,1
Vacuole:Protein storage vacuole,1
"Cell membrane:Cytoplasmic vesicle, phagosome:Cytoplasmic vesicle, phagosome membrane:Melanosome:Melanosome membrane",1
"Cell membrane:Cytoplasmic vesicle, phagosome:Cytoplasmic vesicle, phagosome membrane:Endosome membrane",1
"Cell membrane:Cytoplasmic vesicle, phagosome:Cytoplasmic vesicle, phagosome membrane",1
"Vacuole:Secreted, cell wall:Cytoplasm",1
"Cell membrane:Cytoplasmic vesicle, phagosome membrane:Membrane raft",1
"Mitochondrion intermembrane space:Mitochondrion inner membrane:Cytoplasm:Nucleus:Cytoplasm, perinuclear region",1
"Mitochondrion intermembrane space:Mitochondrion inner membrane:Cytoplasm:Nucleus:Cytoplasm, perinuclear region:Mitochondrion intermembrane space:Mitochondrion inner membrane:Mitochondrion:Cytoplasm, cytosol:Cytoplasm",1
"Mitochondrion intermembrane space:Mitochondrion inner membrane:Cytoplasm:Nucleus:Cytoplasm, perinuclear region:Mitochondrion:Cytoplasm, cytosol",1
Vacuole:Nucleus,1
Mitochondrion intermembrane space:Vacuole,1
Vacuole:Lytic vacuole,1
"Mitochondrion intermembrane space:Mitochondrion matrix:Cytoplasm, cytosol",1
"Vacuole:Golgi apparatus:Cytoplasm, Stress granule:Cytoplasm, P-body",1
"Vacuole:Endoplasmic reticulum membrane:Golgi apparatus membrane:Golgi apparatus, trans-Golgi network membrane:Prevacuolar compartment membrane:Vacuole membrane:Vacuole lumen",1
Mitochondrion intermembrane space:Mitochondrion matrix:Mitochondrion:Cytoplasm:Nucleus:Cytoplasm:Nucleus,1
Mitochondrion intermembrane space:Mitochondrion membrane:Endoplasmic reticulum,1
Mitochondrion intermembrane space:Mitochondrion outer membrane:Mitochondrion intermembrane space,1
Mitochondrion intermembrane space:Mitochondrion:Cytoplasm:Secreted,1
Mitochondrion inner membrane:Secreted:Mitochondrion:Golgi apparatus membrane:Endoplasmic reticulum membrane,1
"Mitochondrion inner membrane:Plastid, chloroplast thylakoid membrane",1
"Cell membrane:Cytoplasmic vesicle, secretory vesicle membrane:Early endosome membrane:Endoplasmic reticulum membrane:Endosome membrane:Endosome, multivesicular body membrane:Golgi apparatus membrane:Golgi apparatus, trans-Golgi network membrane:Recycling endosome membrane:Secreted",1
"Vesicle:Cytoplasmic vesicle:Cell projection, axon:Presynapse:Presynaptic active zone:Golgi apparatus:Golgi apparatus, trans-Golgi network:Perikaryon:Cytoplasmic vesicle, autophagosome membrane:Autolysosome membrane",1
"Cell membrane:Cytoplasmic vesicle, secretory vesicle, synaptic vesicle membrane:Endoplasmic reticulum-Golgi intermediate compartment membrane:Endosome membrane:Cytoplasmic vesicle membrane:Cell projection, dendrite:Cell projection, growth cone membrane:Early endosome membrane:Recycling endosome",1
Apical cell membrane:Basal cell membrane:Cell membrane,1
"Cell membrane:Cytoplasmic vesicle, secretory vesicle, microneme membrane",1
Apical cell membrane:Basal cell membrane:Cytoplasm,1
"Cell membrane:Cytoplasmic vesicle, secretory vesicle, acrosome membrane:Secreted",1
"Apical cell membrane:Basal cell membrane:Cytoplasm:Cell junction, hemidesmosome:Cell membrane:Cell membrane:Basal cell membrane:Apical cell membrane:Cytoplasm:Cell junction, hemidesmosome:Cell junction, hemidesmosome:Cytoplasm, cytoskeleton",1
Mitochondrion inner membrane:Mitochondrion:Endoplasmic reticulum membrane:Golgi apparatus membrane,1
Virion:Endoplasmic reticulum lumen:Melanosome,1
Virion:Cell membrane:Cell membrane,1
Virion membrane:Cell membrane:Virion membrane:Cell membrane,1
Mitochondrion inner membrane:Mitochondrion:Nucleus,1
Apical cell membrane:Basolateral cell membrane:Apical cell membrane:Basolateral cell membrane:Apical cell membrane:Basolateral cell membrane,1
Mitochondrion inner membrane:Mitochondrion:Nucleus:Chromosome,1
"Cell membrane:Cytoplasmic vesicle, secretory vesicle membrane:Golgi apparatus:Membrane",1
Mitochondrion inner membrane:Nucleus speckle,1
Mitochondrion inner membrane:Nucleus:Cell membrane:Cytoplasm,1
Vesicle:Membrane:Endomembrane system,1
Vacuole:Endoplasmic reticulum membrane,1
"Cell membrane:Cytoplasmic vesicle, autophagosome membrane:Endosome membrane:Membrane",1
"Mitochondrion membrane:Cell membrane:Cytoplasm, cytosol",1
Vacuole membrane:Endosome membrane:Cell membrane,1
Vacuole membrane:Mitochondrion,1
"Vacuole membrane:Golgi apparatus, trans-Golgi network membrane:Endosome membrane",1
"Vacuole membrane:Golgi apparatus, trans-Golgi network membrane",1
Cell membrane:Cytoplasmic vesicle membrane:Endosome membrane:Endoplasmic reticulum membrane,1
"Cell membrane:Cytoplasmic vesicle membrane:Endosome membrane:Early endosome membrane:Late endosome membrane:Recycling endosome membrane:Golgi apparatus, trans-Golgi network membrane",1
Cell membrane:Cytoplasmic vesicle membrane:Endosome membrane:Early endosome membrane:Late endosome membrane:Recycling endosome membrane:Cell membrane:Cytoplasmic vesicle membrane:Endosome membrane:Early endosome membrane:Late endosome membrane:Apical cell membrane:Cell membrane:Cytoplasmic vesicle membrane:Endosome membrane:Recycling endosome membrane:Basolateral cell membrane,1
Vacuole membrane:Golgi apparatus,1
Vacuole membrane:Endosome:Cell membrane,1
Apical cell membrane:Basolateral cell membrane:Nucleus membrane,1
"Mitochondrion matrix, mitochondrion nucleoid:Mitochondrion",1
"Mitochondrion matrix:Nucleus:Cytoplasm, cytosol",1
Vacuole membrane:Endoplasmic reticulum membrane:Golgi apparatus membrane:Endosome membrane:Cell membrane,1
"Mitochondrion matrix:Nucleus:Nucleus, nucleolus:Cell membrane:Secreted:Cytoplasm",1
"Mitochondrion matrix:Plastid, chloroplast stroma",1
Vacuole membrane:Endoplasmic reticulum membrane:Golgi apparatus membrane,1
"Mitochondrion matrix:Plastid, chloroplast thylakoid membrane",1
Vacuole membrane:Early endosome:Late endosome:Recycling endosome,1
Vacuole membrane:Cytoplasmic vesicle membrane:Preautophagosomal structure membrane,1
Cell membrane:Cytoplasmic vesicle membrane:Golgi apparatus membrane:Endoplasmic reticulum membrane:Cytoplasm,1
"Mitochondrion matrix:Mitochondrion intermembrane space:Cytoplasm, cytosol:Nucleus:Cytoplasm:Mitochondrion:Mitochondrion",1
Mitochondrion matrix:Mitochondrion intermembrane space,1
Vacuole membrane:Mitochondrion membrane,1
"Apical cell membrane:Basolateral cell membrane:Cytoplasmic vesicle, secretory vesicle, synaptic vesicle membrane:Cell membrane:Cell membrane:Cell membrane:Cell membrane",1
Apical cell membrane:Basolateral cell membrane:Early endosome membrane:Endosome membrane:Late endosome membrane:Lateral cell membrane:Lysosome membrane:Membrane,1
"Mitochondrion matrix, mitochondrion nucleoid:Mitochondrion matrix",1
Vacuole membrane:Vesicle,1
"Cell membrane:Cytoplasmic vesicle, COPI-coated vesicle membrane:Membrane, coated pit",1
"Cell membrane:Cytoplasmic vesicle, COPI-coated vesicle membrane:Membrane",1
Cell membrane:Cytoplasmic vesicle membrane:Postsynaptic cell membrane,1
"Mitochondrion matrix:Cytoplasm, cytosol:Cell projection, dendrite:Cell projection, cilium",1
Vacuole membrane:Vacuole membrane,1
"Cell membrane:Cytoplasmic vesicle membrane:Membrane, coated pit:Cytoplasm, cytoskeleton, phragmoplast",1
Vacuole membrane:Prevacuolar compartment membrane:Endosome membrane:Early endosome membrane,1
"Vacuole membrane:Plastid, chloroplast thylakoid membrane",1
"Vacuole membrane:Plastid, apicoplast:Vesicle",1
"Mitochondrion matrix:Endoplasmic reticulum:Nucleus membrane:Cytoplasmic vesicle:Cytoplasm, cell cortex:Cell membrane:Sarcoplasmic reticulum:Cytoplasm, P-body:Cytoplasm:Nucleus",1
"Mitochondrion matrix:Endoplasmic reticulum:Nucleus membrane:Cytoplasmic vesicle:Cytoplasm, cell cortex:Cell membrane:Sarcoplasmic reticulum:Cytoplasm, P-body:Cytoplasm:Nucleus:Cytoplasm:Nucleus",1
"Mitochondrion matrix:Endoplasmic reticulum:Nucleus membrane:Cytoplasmic vesicle:Cytoplasm, cell cortex:Cell membrane:Sarcoplasmic reticulum:Cytoplasm, P-body:Cytoplasm:Nucleus:Cytoplasm:Nucleus:Cytoplasm:Nucleus:Cytoplasm",1
"Cell membrane:Cytoplasmic vesicle membrane:Golgi apparatus, trans-Golgi network membrane",1
"Cell membrane:Cytoplasm:Golgi apparatus membrane:Cell junction, plasmodesma",1
"Mitochondrion:Cytoplasm:Nucleus, nucleoplasm",1
"Cell membrane:Cytoplasm, cytosol:Endomembrane system:Nucleus speckle",1
Nucleus envelope:Secreted:Zymogen granule,1
"Nucleus envelope:Nucleus, nuclear pore complex:Nucleus, nucleoplasm:Chromosome:Cytoplasm:Nucleus",1
"Nucleus envelope:Nucleus, nucleoplasm:Cytoplasm",1
"Nucleus envelope:Nucleus, nucleoplasm:Cytoplasm, cytoskeleton, microtubule organizing center, centrosome:Nucleus, nuclear pore complex:Cytoplasmic vesicle, COPII-coated vesicle membrane:Endoplasmic reticulum membrane:Lysosome membrane",1
"Nucleus envelope:Nucleus:Cytoplasm:Nucleus, nuclear pore complex",1
Secreted:Host Golgi apparatus,1
"Nucleus envelope:Perikaryon:Cell projection, dendrite",1
"Cell membrane:Cytoplasm, perinuclear region:Golgi apparatus, trans-Golgi network membrane:Mitochondrion:Nucleus",1
Secreted:Golgi apparatus:Secreted,1
"Cell membrane:Cytoplasm, perinuclear region:Golgi apparatus, trans-Golgi network membrane:Membrane:Mitochondrion:Nucleus",1
"Nucleus envelope:Nucleus, nuclear pore complex:Cytoplasm, cytosol",1
Secreted:Golgi apparatus:Cytoplasmic vesicle:Nucleus,1
Nucleus inner membrane:Chromosome,1
"Nucleus inner membrane:Cytoplasm, cytoskeleton",1
"Nucleus inner membrane:Cytoplasm, cytoskeleton, microtubule organizing center, spindle pole body:Chromosome, telomere",1
"Secreted:Golgi apparatus, trans-Golgi network:Endoplasmic reticulum",1
Apical cell membrane:Mitochondrion membrane:Basal cell membrane,1
"Nucleus inner membrane:Cytoplasm, cytoskeleton, spindle pole",1
Secreted:Extracellular vesicle,1
Secreted:Host cell surface,1
Apical cell membrane:Lateral cell membrane:Endosome,1
"Apical cell membrane:Cell projection, microvillus membrane:Endoplasmic reticulum:Endoplasmic reticulum-Golgi intermediate compartment",1
"Nucleus envelope:Cytoplasm, cytosol:Endoplasmic reticulum membrane:Cell membrane:Endosome membrane",1
Myelin membrane:Nucleus,1
"Cell membrane:Cytoplasm:Cell projection, cilium:Golgi apparatus",1
"Cell membrane:Cytoplasm:Cell projection, cilium:Cytoplasm, cytoskeleton, cilium basal body:Cytoplasm, cytoskeleton, spindle:Chromosome, centromere:Apical cell membrane:Nucleus:Secreted, extracellular exosome:Secreted:Endoplasmic reticulum:Golgi apparatus",1
"Secreted:Host cytoplasmic vesicle, host phagosome:Host cytoplasm:Host nucleus",1
"Cell membrane:Cytoplasm:Cell projection, axon:Perikaryon",1
"Nucleus envelope:Chromosome, centromere, kinetochore:Cytoplasm, cytoskeleton, phragmoplast:Cytoplasm, cytoskeleton, microtubule organizing center",1
"Nucleus envelope:Cytoplasm, cytoskeleton",1
"Nucleus envelope:Cytoplasm, cytoskeleton, microtubule organizing center, spindle pole body",1
"Cell membrane:Cytoplasm:Cell projection, axon:Cell projection, rhabdomere",1
Secreted:Host cytoplasm:Host apical cell membrane,1
"Secreted:Host cytoplasmic vesicle, host phagosome:Extracellular vesicle, bacterial extracellular vesicle:Host extracellular space",1
Nucleus envelope:Cytoplasm:Nucleus:Golgi apparatus,1
Nucleus envelope:Cytoplasm:Nucleus:Golgi apparatus:Nucleus matrix,1
Nucleus envelope:Lysosome,1
"Secreted:Host cytoplasmic vesicle, host phagosome",1
"Secreted:Host cytoplasm:Host nucleus:Host nucleus, host nucleolus",1
Cell membrane:Cytoplasm:Basolateral cell membrane,1
Apical cell membrane:Lateral cell membrane:Cytoplasm,1
"Nucleus inner membrane:Cytoplasm:Nucleus, nucleoplasm:Cytoplasm, cytoskeleton, spindle pole",1
"Nucleus inner membrane:Cytoplasm:Nucleus, nucleoplasm:Nucleus, nucleoplasm:Cytoplasm:Nucleus inner membrane:Endoplasmic reticulum",1
"Nucleus inner membrane:Cytoplasmic vesicle, secretory vesicle, acrosome outer membrane",1
"Cell membrane:Cytoplasm, cytosol:Peroxisome",1
"Nucleus lamina:Nucleus envelope:Nucleus, nucleoplasm:Nucleus matrix:Nucleus speckle",1
"Secreted:Cytoplasmic vesicle, secretory vesicle:Cytoplasmic vesicle, secretory vesicle:Cytoplasmic vesicle, secretory vesicle, neuronal dense core vesicle:Secreted",1
"Nucleus matrix:Cell membrane:Cytoplasm, cytoskeleton",1
"Secreted:Cytoplasmic vesicle, secretory vesicle, rhoptry lumen:Host cell membrane",1
"Cell membrane:Cytoplasm, myofibril, sarcomere, M line",1
Archaeal flagellum:Membrane,1
"Secreted:Cytoplasmic vesicle, secretory vesicle, microneme:Cytoplasmic vesicle, secretory vesicle:Parasitophorous vacuole lumen:Host cytoplasm",1
"Cell membrane:Cytoplasm, myofibril, sarcomere",1
"Secreted:Cytoplasmic vesicle, secretory vesicle, microneme",1
"Secreted:Endoplasmic reticulum:Secreted, extracellular space, extracellular matrix",1
"Cell membrane:Cytoplasm, cytosol:Lipid droplet:Membrane, caveola",1
"Secreted:Cytoplasmic vesicle, secretory vesicle, chromaffin granule lumen",1
"Nucleus matrix:Cytoplasm:Cytoplasm, cytoskeleton, spindle:Midbody:Chromosome",1
"Secreted:Cytoplasmic vesicle, secretory vesicle, acrosome:Lysosome:Lysosome",1
"Nucleus matrix:Mitochondrion:Cytoplasm:Nucleus:Nucleus matrix:Nucleus, nucleoplasm",1
"Secreted:Cytoplasmic vesicle, secretory vesicle, acrosome:Cytoplasmic vesicle, secretory vesicle, acrosome lumen",1
"Secreted:Cytoplasmic vesicle, secretory vesicle, acrosome lumen",1
Ascus epiplasm:Cytoplasm,1
"Apicolateral cell membrane:Basolateral cell membrane:Cell projection, axon:Cell projection, dendrite:Cell projection, filopodium membrane:Lateral cell membrane:Membrane",1
Apicolateral cell membrane,1
Nucleus lamina:Nucleus envelope:Nucleus inner membrane,1
"Nucleus lamina:Chromosome:Cytoplasm, cytoskeleton, spindle",1
Nucleus inner membrane:Endoplasmic reticulum membrane:Cytoplasm:Nucleus,1
"Apical cell membrane:Secreted, extracellular space",1
"Cell membrane:Cytoplasm, perinuclear region:Endomembrane system",1
Nucleus inner membrane:Membrane,1
"Cell membrane:Cytoplasm, perinuclear region:Early endosome:Late endosome:Cytoplasm:Cell junction",1
Secreted:Endoplasmic reticulum:Cell membrane:Cytoplasm,1
Nucleus inner membrane:Nucleus envelope:Chromosome,1
Secreted:Endoplasmic reticulum membrane,1
"Apical cell membrane:Secreted, extracellular space:Secreted",1
Nucleus inner membrane:Nucleus envelope:Nucleus,1
"Apical cell membrane:Secreted:Cell projection, cilium, photoreceptor outer segment:Photoreceptor inner segment:Secreted",1
"Cell membrane:Cytoplasm, perinuclear region:Early endosome membrane:Endosome:Cytoplasmic vesicle, secretory vesicle membrane:Cytoplasmic vesicle membrane",1
Nucleus inner membrane:Nucleus outer membrane:Nucleus envelope:Cytoplasmic vesicle:Endoplasmic reticulum membrane:Membrane,1
"Apical cell membrane:Secreted:Cell projection, cilium, photoreceptor outer segment:Photoreceptor inner segment:Secreted:Cytoplasm:Cell junction, focal adhesion",1
"Nucleus inner membrane:Nucleus, nucleoplasm:Cytoplasm:Chromosome:Cytoplasm, cytoskeleton, spindle pole:Cytoplasm, cytoskeleton, microtubule organizing center, centrosome",1
Secreted:Endomembrane system:Cell membrane,1
Apical cell membrane:Secreted:Secreted:Secreted:Cell membrane:Cytoplasm:Nucleus,1
Myelin membrane:Myelin membrane:Myelin membrane:Myelin membrane:Myelin membrane:Myelin membrane:Myelin membrane:Myelin membrane:Myelin membrane:Myelin membrane:Cytoplasm:Nucleus:Cytoplasm:Nucleus:Cytoplasm:Nucleus,1
Secreted:Host periplasm,1
"Apical cell membrane:Endosome, multivesicular body membrane",1
Mitochondrion:Mitochondrion intermembrane space:Nucleus:Cytoplasm:Cytoplasm:Cytoplasm,1
"Apical cell membrane:Cytoplasm, cytoskeleton, spindle",1
Mitochondrion:Mitochondrion inner membrane:Nucleus envelope:Mitochondrion:Mitochondrion inner membrane:Nucleus envelope:Lipid droplet:Endoplasmic reticulum membrane,1
"Apical cell membrane:Cytoplasm, cytoskeleton, spindle:Cell projection, rhabdomere membrane",1
"Mitochondrion:Mitochondrion inner membrane:Plastid, chloroplast:Plastid, chloroplast, plastoglobule",1
Cell membrane:Cytoplasm:Cytoplasm:Cytoplasm,1
"Secreted:Secreted, cell wall:Secreted, extracellular space, extracellular matrix",1
Mitochondrion:Mitochondrion intermembrane space:Mitochondrion matrix,1
"Secreted:Secreted, cell wall:Membrane",1
"Secreted:Secreted, cell wall:Host cell surface:Host endoplasmic reticulum",1
Mitochondrion:Mitochondrion matrix:Mitochondrion inner membrane,1
"Secreted:Secreted, cell wall:Host cell surface:Host cytoplasm:Host endoplasmic reticulum:Host cell membrane",1
"Cell membrane:Cytoplasm:Cytoplasm, perinuclear region:Nucleus:Perikaryon:Cell projection, dendrite:Cell projection, phagocytic cup",1
"Secreted:Secreted, cell wall:Cell membrane",1
Apical cell membrane:Cytoplasm:Cell junction:Secreted,1
"Mitochondrion:Mitochondrion matrix, mitochondrion nucleoid:Mitochondrion inner membrane",1
Secreted:Rough endoplasmic reticulum lumen:Nucleus envelope:Cytoplasm:Cytoplasmic granule,1
"Apical cell membrane:Cytoplasm:Synapse:Postsynaptic density:Cell projection, dendritic spine:Cell projection, growth cone",1
"Cell membrane:Cytoplasm:Cytoplasm, perinuclear region:Late endosome:Cell junction",1
Mitochondrion:Mitochondrion inner membrane:Mitochondrion matrix:Cytoplasm,1
"Apical cell membrane:Cleavage furrow:Cytoplasm, cell cortex",1
"Cell membrane:Cytoplasm:Cytoplasmic vesicle, autophagosome:Endosome membrane:Cytoplasmic vesicle, phagosome:Cytoplasmic vesicle, phagosome membrane",1
Mitochondrion:Mitochondrion inner membrane:Mitochondrion,1
Mitochondrion:Cytoplasm:Nucleus:Cytoplasm:Nucleus,1
Mitochondrion:Cytoplasm:Nucleus:Membrane,1
Mitochondrion:Cytoplasm:Nucleus:Nucleus,1
Cell membrane:Cytoplasm:Endosome membrane,1
Secreted:Secreted:Secreted:Secreted:Secreted,1
Cell membrane:Cytoplasm:Endosome,1
Cell membrane:Cytoplasm:Endoplasmic reticulum:Nucleus membrane,1
"Mitochondrion:Golgi apparatus, Golgi stack:Cytoplasm",1
Cell membrane:Cytoplasm:Endoplasmic reticulum:Cytoplasm,1
"Mitochondrion:Golgi apparatus:Cell membrane:Nucleus:Cytoplasm, cytoskeleton, microtubule organizing center, centrosome:Cytoplasm, cytoskeleton, spindle",1
Secreted:Secreted:Secreted:Secreted,1
Secreted:Secreted:Secreted:Membrane:Membrane,1
Secreted:Secreted:Mitochondrion,1
Secreted:Secreted:Endoplasmic reticulum:Endoplasmic reticulum:Endomembrane system:Endomembrane system:Secreted,1
Secreted:Secreted:Cytoplasm:Cytoplasm:Cytoplasm,1
"Apical cell membrane:Cell projection, microvillus membrane:Late endosome membrane:Lysosome membrane",1
"Secreted:Secreted, extracellular space:Secreted, extracellular space, extracellular matrix",1
"Mitochondrion:Mitochondrion matrix, mitochondrion nucleoid:Nucleus:Chromosome, telomere",1
"Mitochondrion:Mitochondrion matrix:Mitochondrion matrix, mitochondrion nucleoid",1
Mitochondrion:Sarcoplasmic reticulum,1
Mitochondrion:Nucleus:Nucleus,1
Secreted:Mitochondrion membrane:Cell membrane:Cytoplasm,1
"Cell membrane:Cytoplasm:Cytoplasm, cytoskeleton:Cell junction, plasmodesma",1
Secreted:Microsome membrane,1
Secreted:Membrane:Membrane,1
Secreted:Membrane:Cytoplasm,1
"Mitochondrion:Nucleus:Cytoplasm, cytosol",1
Mitochondrion:Nucleus:Mitochondrion,1
"Apical cell membrane:Endosome lumen:Membrane, coated pit:Cell projection, dendrite:Cell projection, axon",1
Secreted:Lysosome:Membrane,1
"Cell membrane:Cytoplasm:Cytoplasm, perinuclear region:Golgi apparatus:Golgi apparatus, trans-Golgi network:Vacuole:Cytoplasm, cytoskeleton",1
Secreted:Lysosome:Endosome,1
"Apical cell membrane:Endosome membrane:Cell projection, microvillus membrane",1
"Apical cell membrane:Endosome membrane:Cytoplasm, cell cortex",1
Mitochondrion:Peroxisome membrane,1
"Mitochondrion:Plastid, apicoplast",1
"Cell membrane:Cytoplasm:Cytoplasm, cell cortex:Cytoplasmic vesicle, clathrin-coated vesicle membrane:Early endosome membrane:Endosome, multivesicular body lumen",1
"Cell membrane:Cytoplasm:Cytoplasm, cell cortex",1
Mitochondrion:Preautophagosomal structure,1
Secreted:Mitochondrion:Endoplasmic reticulum membrane:Secreted:Mitochondrion:Endoplasmic reticulum membrane,1
"Cell membrane:Cytoplasm:Cytoplasm, cytoskeleton:Cell membrane:Cytoplasm, cytoskeleton:Cell projection, lamellipodium:Cell projection, filopodium:Secreted",1
Secreted:Mitochondrion:Nucleus,1
"Cell membrane:Cytoplasm:Cytoplasm, cytosol",1
Mitochondrion:Mitochondrion membrane:Mitochondrion membrane:Mitochondrion membrane,1
"Cell membrane:Cytoplasm:Cytoplasm, perinuclear region:Cell junction:Early endosome",1
"Mitochondrion:Mitochondrion outer membrane:Cytoplasm, cytosol",1
Secreted:Periplasm:Host cell membrane,1
Secreted:Perikaryon,1
Secreted:Parasitophorous vacuole lumen:Cell membrane,1
Secreted:Parasitophorous vacuole lumen,1
Secreted:Nucleus:Nucleus,1
Mitochondrion:Mitochondrion:Cytoplasm:Cytoplasm:Cytoplasm,1
Mitochondrion:Mitochondrion:Mitochondrion:Cytoplasm,1
Mitochondrion:Mitochondrion:Nucleus inner membrane,1
Mitochondrion:Mitochondrion:Nucleus:Nucleus,1
Secreted:Nucleus:Cytoplasm:Membrane,1
Mitochondrion:Mitochondrion:Peroxisome,1
"Apical cell membrane:Cytoplasmic vesicle:Cell projection, filopodium",1
"Secreted:Nucleus, nucleolus:Cytoplasm:Mitochondrion:Microsome",1
Apical cell membrane:Early endosome membrane:Cell membrane:Recycling endosome membrane:Endoplasmic reticulum membrane,1
"Secreted, extracellular space, extracellular matrix:Secreted:Golgi apparatus:Secreted:Golgi apparatus:Cytoplasm, cytoskeleton:Cytoplasm, cytoskeleton",1
Nucleus:Cell membrane:Cytoplasm,1
"Nucleus, nucleolus:Cytoplasm:Cytoplasm",1
"Nucleus:Cytoplasm:Cytoplasmic granule:Cytoplasm, cytoskeleton, microtubule organizing center, centrosome:Chromosome, centromere, kinetochore",1
Nucleus:Cytoplasm:Cytoplasm:Nucleus:Cytoplasm,1
"Plastid, chloroplast membrane:Nucleus:Cytoplasm",1
Nucleus:Cytoplasm:Cytoplasm:Nucleus:Cytoplasm:Nucleus,1
"Plastid, chloroplast membrane:Mitochondrion membrane",1
"Plastid, chloroplast membrane:Golgi apparatus membrane:Plastid, chloroplast thylakoid membrane",1
"Cell membrane:Cell membrane, sarcolemma:Cell junction:Cell junction, adherens junction:Cell junction, desmosome:Cell surface",1
"Plastid, chloroplast membrane:Endoplasmic reticulum membrane:Peroxisome membrane",1
"Nucleus:Cytoplasm:Cytoplasmic granule:Cytoplasm, P-body:Nucleus:Cytoplasm",1
"Cell junction:Golgi apparatus, Golgi stack",1
Cell junction:Synapse,1
"Nucleus:Cytoplasm:Cytoplasm:Nucleus, nuclear pore complex",1
"Nucleus:Cytoplasm:Cytoplasmic granule:Cytoplasm, cytosol:Mitochondrion",1
"Plastid, chloroplast inner membrane:Plastid, chloroplast intermembrane space:Plastid, chloroplast:Plastid, amyloplast",1
"Plastid, chloroplast inner membrane:Plastid, chloroplast intermembrane space",1
"Nucleus:Cytoplasm:Cytoplasmic granule:Cytoplasm, cytosol:Mitochondrion:Cytoplasm",1
"Plastid, chloroplast inner membrane:Plastid, chloroplast",1
"Plastid, chloroplast inner membrane:Plastid, amyloplast inner membrane:Mitochondrion inner membrane",1
Cell membrane:Cell junction:Secreted:Secreted,1
"Plastid, chloroplast inner membrane:Plastid inner membrane",1
"Nucleus:Cytoplasm:Cytoplasmic vesicle, secretory vesicle, acrosome:Nucleus speckle",1
"Plastid, chloroplast membrane:Peroxisome membrane",1
Nucleus:Cytoplasm:Cytoplasm:Cytoplasm:Mitochondrion:Mitochondrion matrix,1
"Cell membrane, sarcolemma:Cytoplasm, myofibril, sarcomere, M line:Cytoplasm, myofibril, sarcomere, Z line:Cytoplasm, cytoskeleton, microtubule organizing center, centrosome:Endoplasmic reticulum membrane:Mitochondrion membrane:Endoplasmic reticulum membrane:Mitochondrion membrane:Endoplasmic reticulum membrane:Mitochondrion membrane:Endoplasmic reticulum membrane:Mitochondrion membrane:Endoplasmic reticulum membrane",1
"Nucleus:Cytoplasm:Cytoplasm, perinuclear region:Cytoplasm, P-body:Cytoplasm, Stress granule:Cell projection, growth cone:Cell projection, filopodium:Cell projection, lamellipodium",1
"Cell junction:Cytoplasm, cytoskeleton:Cytoplasmic vesicle membrane:Golgi apparatus membrane",1
"Nucleus:Cytoplasm:Cytoplasm, cytosol:Cytoplasm, Stress granule:Nucleus speckle:Chromosome, telomere:Mitochondrion:Perikaryon:Cell projection, dendrite:Cell projection, axon:Nucleus:Cytoplasm:Nucleus:Cytoplasm",1
"Nucleus:Cytoplasm:Cytoplasm, cytosol:Preautophagosomal structure:Lysosome",1
Cell membrane:Cell membrane:Cell membrane:Cell membrane,1
"Plastid, chloroplast membrane:Thylakoid",1
"Nucleus:Cytoplasm:Cytoplasm, myofibril, sarcomere, M line:Cell projection, axon:Cell junction, focal adhesion:Cytoplasm, cytoskeleton",1
"Nucleus:Cytoplasm:Cytoplasm, myofibril, sarcomere, Z line:Cell junction, focal adhesion",1
"Plastid, chloroplast membrane:Plastid, chloroplast thylakoid membrane:Plastid, chloroplast stroma",1
"Plastid, chloroplast membrane:Plastid, chloroplast thylakoid membrane:Plastid, chloroplast envelope:Vacuole:Vesicle",1
"Plastid, chloroplast membrane:Plastid, chloroplast thylakoid membrane:Mitochondrion",1
"Plastid, chloroplast membrane:Plastid, amyloplast membrane:Plastid, chloroplast thylakoid membrane",1
"Nucleus:Cytoplasm:Cytoplasm, perinuclear region:Cytoplasm, cytoskeleton:Cell membrane:Basolateral cell membrane:Cytoplasmic vesicle membrane:Early endosome:Recycling endosome:Golgi apparatus membrane:Golgi apparatus, trans-Golgi network:Endoplasmic reticulum membrane:Cell projection, dendrite:Cell projection, dendritic spine membrane:Cell projection, axon:Postsynaptic density:Mitochondrion membrane",1
"Nucleus:Cytoplasm:Cytoplasm, perinuclear region:Cytoplasm, cytoskeleton:Cell membrane:Endoplasmic reticulum membrane:Golgi apparatus membrane:Cell projection, dendrite:Cytoplasmic vesicle membrane:Early endosome:Recycling endosome:Golgi apparatus, trans-Golgi network:Cell projection, dendritic spine membrane:Cell projection, axon:Postsynaptic density:Mitochondrion membrane",1
Cell junction:Endoplasmic reticulum:Cell membrane:Cell membrane:Cytoplasm:Nucleus:Cytoplasmic vesicle:Early endosome:Secreted,1
"Nucleus:Cytoplasm:Cytoplasm, perinuclear region:Membrane:Microsome",1
"Nucleus:Cytoplasm:Cytoplasm, perinuclear region:Mitochondrion matrix",1
Cell junction:Endoplasmic reticulum:Cell membrane:Cell membrane:Cytoplasm:Nucleus:Cytoplasmic vesicle:Early endosome:Secreted:Secreted,1
"Nucleus:Cytoplasm:Cytoplasm, perinuclear region:Nucleus, nucleolus",1
"Nucleus:Cytoplasm:Cytoplasm, perinuclear region:Perikaryon:Cytoplasm, cytoskeleton:Cell projection:Cell projection, growth cone:Myelin membrane:Cytoplasm, cytoskeleton, microtubule organizing center, centrosome:Cytoplasm, cytoskeleton, spindle:Chromosome:Midbody:Cytoplasm, cytoskeleton, microtubule organizing center, centrosome, centriole",1
"Nucleus:Cytoplasm:Cytoplasm:Cytoplasm, perinuclear region",1
"Plastid, chloroplast inner membrane:Mitochondrion inner membrane",1
"Nucleus:Cytoplasm:Cytoplasmic vesicle:Cytoplasmic vesicle, autophagosome",1
"Nucleus:Cytoplasm:Cytoplasmic vesicle:Endosome:Cytoplasm, cytoskeleton, cilium basal body:Early endosome",1
"Nucleus:Cytoplasm:Nucleus membrane:Cytoplasm, cytoskeleton",1
Nucleus:Cytoplasm:Mitochondrion outer membrane:Endosome membrane,1
"Cell membrane:Cell junction, tight junction:Nucleus:Cytoplasm",1
"Nucleus:Cytoplasm:Mitochondrion:Cytoplasm, cytoskeleton, phragmoplast",1
Nucleus:Cytoplasm:Mitochondrion:Membrane:Cytoplasm:Nucleus:Cell membrane:Mitochondrion membrane:Cell projection:Cytoplasm:Nucleus,1
"Nucleus:Cytoplasm:Nucleus matrix:Chromosome:Cytoplasm, cytoskeleton, spindle:Chromosome, centromere",1
"Cell membrane, sarcolemma:Cytoplasm, cytoskeleton:Postsynaptic cell membrane",1
"Cell membrane:Cell junction, tight junction:Cytoplasm:Cytoplasm, cytosol",1
Nucleus:Cytoplasm:Nucleus membrane:Cytoplasm,1
"Peroxisome:Plastid, chloroplast",1
Peroxisome:Nucleus:Cytoplasm,1
Cell membrane:Cell junction:Membrane:Synapse,1
"Cell membrane:Cell junction, tight junction:Cell surface:Membrane raft",1
"Cell membrane, sarcolemma:Cytoplasm, myofibril, sarcomere, M line:Cytoplasm, myofibril, sarcomere, Z line:Cytoplasm, cytoskeleton, microtubule organizing center, centrosome:Endoplasmic reticulum membrane:Mitochondrion membrane:Cytoplasm, cytoskeleton, microtubule organizing center, centrosome:Endoplasmic reticulum membrane:Endoplasmic reticulum membrane:Mitochondrion membrane:Endoplasmic reticulum membrane",1
"Cell membrane:Cell junction, tight junction:Cell junction:Cell junction, gap junction:Cell projection, podosome",1
"Cell membrane:Cell junction, tight junction:Cell junction:Cell junction, gap junction",1
"Cell membrane:Cell junction, tight junction:Cell junction, gap junction:Cytoplasm, myofibril, sarcomere, I band",1
"Cell membrane:Cell junction, septate junction:Cytoplasm, cell cortex:Secreted:Apicolateral cell membrane",1
Peroxisome:Mitochondrion intermembrane space,1
"Nucleus:Cytoplasm:Nucleus, nucleolus:Chromosome",1
"Nucleus:Cytoplasm:Nucleus, nucleolus:Cytoplasm, perinuclear region:Nucleus, gem:Nucleus, Cajal body:Cell projection, axon:Cell projection, growth cone",1
"Cell membrane:Cell junction, tight junction:Secreted",1
"Cell membrane:Cell junction:Cell junction, desmosome:Cell junction, tight junction",1
"Cell membrane, sarcolemma:Cytoplasm, cytoskeleton, microtubule organizing center, centrosome:Endoplasmic reticulum membrane:Mitochondrion membrane",1
"Cell membrane:Cell junction:Cell junction, focal adhesion:Cytoplasm, cytoskeleton",1
"Plastid, apicoplast:Membrane",1
"Nucleus:Cytoplasm:Endoplasmic reticulum membrane:Cytoplasm, perinuclear region",1
"Plastid, apicoplast:Cell membrane",1
Nucleus:Cytoplasm:Endoplasmic reticulum:Cytoplasm:Cytoplasm:Cytoplasm:Cytoplasm:Cytoplasm:Cytoplasm,1
"Cell membrane, sarcolemma:Cell membrane:Golgi apparatus membrane:Membrane, caveola:Membrane",1
"Cell membrane:Cell junction:Golgi apparatus, trans-Golgi network",1
Nucleus:Cytoplasm:Endoplasmic reticulum:Secreted,1
"Cell membrane:Cell junction:Endoplasmic reticulum:Cytoplasm, cytosol",1
"Cell membrane, sarcolemma:Cell projection, axon:Cell projection, dendrite:Lateral cell membrane:Membrane:Perikaryon:Postsynaptic cell membrane:Synapse, synaptosome:Synaptic cell membrane",1
"Nucleus:Cytoplasm:Endosome:Cell membrane, sarcolemma, T-tubule:Cytoplasm",1
"Plastid, amyloplast membrane",1
"Cell membrane, sarcolemma:Cell projection, dendrite:Cytoplasm, cytoskeleton:Golgi apparatus",1
Plastid outer membrane,1
Nucleus:Cytoplasm:Golgi apparatus membrane:Mitochondrion intermembrane space,1
"Plastid membrane:Plastid, chloroplast thylakoid membrane",1
Plastid membrane,1
"Cell membrane:Cell junction:Cytoplasm:Cytoplasm, perinuclear region:Early endosome:Late endosome",1
Cell membrane:Cell junction:Cell membrane:Nucleus:Cytoplasm:Cytoplasm,1
"Cell membrane, sarcolemma:Cell projection:Endosome membrane:Membrane",1
"Cell junction:Cytoplasm, cytoskeleton:Cell junction:Nucleus:Cytoplasm, cytoskeleton",1
"Plastid, chloroplast outer membrane:Endoplasmic reticulum",1
Cell membrane:Cell membrane:Cell membrane:Cell membrane:Cell membrane:Cell membrane:Cell membrane:Cell membrane:Cell membrane,1
"Plastid, chloroplast stroma:Plastid, chloroplast inner membrane",1
"Plastid, chloroplast stroma:Plastid, chloroplast, plastoglobule",1
"Nucleus:Cytoplasm:Cell projection, neuron projection:Dynein axonemal particle",1
"Nucleus:Cytoplasm:Cell projection, podosome",1
"Plastid, chloroplast stroma:Plastid, chloroplast thylakoid:Plastid, chloroplast",1
"Cell junction, tight junction:Endoplasmic reticulum membrane:Membrane",1
"Plastid, chloroplast stroma:Plastid, chloroplast stroma, chloroplast nucleoid",1
"Cell membrane:Cell membrane:Cytoplasm, perinuclear region",1
"Nucleus:Cytoplasm:Chromosome, telomere:Nucleus, Cajal body:Nucleus, PML body",1
"Nucleus:Cytoplasm:Chromosome, telomere:Nucleus, Cajal body:Nucleus, PML body:Nucleus:Cytoplasm",1
"Plastid, chloroplast stroma:Plastid, chloroplast",1
"Nucleus:Cytoplasm:Cytoplasm, P-body:Cytoplasm, Stress granule:Endosome:Lysosome:Cytoplasmic vesicle, autophagosome:Secreted:Cell projection, axon:Cell projection, growth cone:Perikaryon:Perikaryon:Cell projection, dendrite:Presynapse:Postsynapse",1
Nucleus:Cytoplasm:Chromosome:Cell membrane:Endosome:Endoplasmic reticulum-Golgi intermediate compartment:Secreted,1
"Plastid, chloroplast stroma:Plastid stroma",1
"Cell junction:Apical cell membrane:Basolateral cell membrane:Cytoplasmic vesicle:Cytoplasm:Cytoplasm, perinuclear region:Recycling endosome",1
"Plastid, chloroplast stroma:Peroxisome",1
"Nucleus:Cytoplasm:Cytolytic granule:Cytoplasm, Stress granule",1
"Plastid, chloroplast stroma:Mitochondrion matrix:Mitochondrion inner membrane",1
"Cell membrane:Cell membrane:Cell projection, dendrite:Postsynaptic density membrane:Cell projection, axon:Cell membrane, sarcolemma",1
"Cell membrane:Cell membrane:Cell projection, axon:Cell projection, growth cone:Synapse:Presynaptic cell membrane:Synapse, synaptosome",1
Cell membrane:Cell membrane:Cell membrane:Secreted:Secreted:Secreted:Secreted,1
"Nucleus:Cytoplasm:Cell projection, microvillus membrane",1
"Nucleus:Cytoplasm:Cell projection, growth cone",1
"Plastid, chloroplast stroma:Plastid, chromoplast",1
"Nucleus:Cytoplasm:Cell projection, dendrite:Synapse:Nucleus matrix",1
"Plastid, chloroplast thylakoid membrane:Plastid, chloroplast, plastoglobule",1
Nucleus:Cytoplasm:Cell projection,1
"Cell junction, tight junction:Cell membrane:Cell junction, tight junction:Cell membrane:Endoplasmic reticulum:Cell junction, tight junction:Cell membrane:Endoplasmic reticulum:Endoplasmic reticulum",1
"Plastid, chloroplast thylakoid membrane:Plastid, chloroplast membrane:Plastid, chloroplast envelope",1
"Nucleus:Cytoplasm:Cell projection, axon:Cell projection, dendrite:Cell projection, cilium",1
"Cell junction, tight junction:Cell membrane:Endoplasmic reticulum membrane",1
"Plastid, chloroplast thylakoid membrane:Plastid, chloroplast envelope",1
"Plastid, chloroplast thylakoid membrane:Mitochondrion inner membrane",1
Cell membrane:Cell membrane:Membrane:Membrane:Postsynaptic cell membrane:Synaptic cell membrane,1
"Cell junction, tight junction:Cytoplasm, cytoskeleton, spindle:Cytoplasmic vesicle:Vesicle",1
"Nucleus:Cytoplasm:Cell projection, cilium:Basolateral cell membrane:Lateral cell membrane:Cell membrane:Apical cell membrane:Membrane:Early endosome:Cytoplasmic vesicle membrane:Endosome membrane:Secreted:Secreted, extracellular space:Cell membrane:Secreted, extracellular exosome:Cytoplasmic vesicle, secretory vesicle lumen:Cell projection, phagocytic cup",1
"Nucleus:Cytoplasm:Cell projection, cilium:Basolateral cell membrane:Lateral cell membrane:Cell membrane:Apical cell membrane:Membrane:Endosome membrane:Secreted:Secreted, extracellular space:Cell membrane:Early endosome:Cytoplasmic vesicle membrane:Secreted, extracellular exosome:Cytoplasmic vesicle, secretory vesicle lumen:Cell projection, phagocytic cup",1
"Nucleus:Cytoplasm:Cell projection, cilium:Cell membrane:Membrane:Endosome membrane:Basolateral cell membrane:Apical cell membrane:Lateral cell membrane:Secreted:Secreted, extracellular space:Cell membrane:Secreted, extracellular exosome:Cytoplasmic vesicle, secretory vesicle lumen:Cell projection, phagocytic cup:Early endosome:Cytoplasmic vesicle membrane",1
"Cell junction, tight junction:Cytoplasm:Membrane",1
"Nucleus:Cytoplasm:Cell projection, cilium:Nucleus:Nucleus",1
Cell membrane:Cell membrane:Membrane raft:Cell junction:Cell junction,1
"Nucleus:Cytoplasm:Cell projection, dendrite:Cell projection, axon:Cell projection, cilium",1
Cell membrane:Cell membrane:Membrane,1
"Cell junction, tight junction:Endomembrane system",1
"Nucleus:Cytoplasm:Cytoplasm, P-body:Cytoplasm, Stress granule:Endosome:Lysosome:Cytoplasmic vesicle, autophagosome:Secreted:Cell projection, axon:Cell projection, growth cone:Perikaryon",1
"Nucleus:Cytoplasm:Cytoplasm, P-body:Cytoplasm, Stress granule:Endosome:Lysosome:Cytoplasmic vesicle, autophagosome:Secreted:Cell projection, axon:Cell projection, growth cone:Perikaryon:Perikaryon:Cell projection, dendrite:Presynapse:Postsynapse:Nucleus membrane:Nucleus",1
Cell membrane:Cell membrane:Cell membrane:Cell membrane:Cell membrane:Cytoplasm,1
"Nucleus:Cytoplasm:Cytoplasm, cytoskeleton, spindle:Cytoplasm, cytoskeleton, phragmoplast",1
"Nucleus:Cytoplasm:Cytoplasm, cytoskeleton, phragmoplast",1
Cell membrane:Cell membrane:Cell membrane:Cell membrane:Secreted:Secreted,1
Cell membrane:Cell membrane:Cell membrane:Cell membrane:Cell membrane:Secreted:Secreted:Secreted:Secreted:Secreted:Secreted:Secreted,1
"Nucleus:Cytoplasm:Cytoplasm, cytoskeleton, spindle pole:Cytoplasm, cytoskeleton, phragmoplast",1
"Nucleus:Cytoplasm:Cytoplasm, cytoskeleton, spindle pole:Midbody",1
"Nucleus:Cytoplasm:Cytoplasm, cytoskeleton, spindle pole:Midbody:Chromosome",1
"Nucleus:Cytoplasm:Cytoplasm, cytoskeleton, spindle:Chromosome, centromere, kinetochore",1
"Nucleus:Cytoplasm:Cytoplasm, cytoskeleton, spindle:Cleavage furrow:Midbody:Cell junction:Cell junction, tight junction",1
"Nucleus:Cytoplasm:Cytoplasm, cytoskeleton, spindle:Cleavage furrow:Midbody:Cell junction:Cell junction, tight junction:Cytoplasm, cytoskeleton, microtubule organizing center, centrosome",1
"Nucleus:Cytoplasm:Cytoplasm, cytoskeleton, spindle:Cytoplasm, cytoskeleton, phragmoplast:Cytoplasm, cell cortex",1
"Nucleus:Cytoplasm:Cytoplasm, P-body:Cytoplasmic granule",1
"Nucleus:Cytoplasm:Cytoplasm, cytoskeleton, spindle:Cytoplasm, cytoskeleton, phragmoplast:Cytoplasm, cell cortex:Cell junction, plasmodesma",1
"Plastid, chloroplast outer membrane:Plastid, etioplast membrane",1
"Plastid, chloroplast outer membrane:Plastid, chloroplast thylakoid membrane",1
"Nucleus:Cytoplasm:Cytoplasm, cytoskeleton:Cytoplasm, cytoskeleton, spindle",1
"Nucleus:Cytoplasm:Cytoplasm, cytoskeleton:Cytoplasm, cytoskeleton, spindle pole",1
"Nucleus:Cytoplasm:Cytoplasm, cytoskeleton:Cytoplasm, myofibril, sarcomere, Z line:Cell junction, focal adhesion",1
"Nucleus:Cytoplasm:Cytoplasm, cytoskeleton:Cytoplasm, myofibril, sarcomere, Z line:Cell junction, focal adhesion:Cytoplasm, cytoskeleton:Cytoplasm, cytoskeleton:Cytoplasm, cytoskeleton:Cytoplasm, cytoskeleton:Cytoplasm, cytoskeleton",1
"Nucleus:Cytoplasm:Cytoplasm, cytoskeleton:Cytoplasm, myofibril, sarcomere, Z line:Cytoplasm, myofibril, sarcomere:Cytoplasm, myofibril, sarcomere, Z line",1
"Plastid, chloroplast outer membrane:Mitochondrion outer membrane:Mitochondrion inner membrane",1
Cell junction:Cell membrane:Cytoplasmic vesicle:Cytoplasm:Recycling endosome,1
"Nucleus:Cytoplasm:Cytoplasm, cytoskeleton, microtubule organizing center, centrosome:Cytoplasm, cytoskeleton, spindle:Midbody:Cell projection, cilium, photoreceptor outer segment:Photoreceptor inner segment",1
"Cell junction:Cell membrane:Cell projection, ruffle:Cytoplasm, myofibril, sarcomere, Z line:Membrane",1
"Nucleus:Cytoplasm:Cytoplasm, cytoskeleton, microtubule organizing center, centrosome:Cytoplasm, cytoskeleton, spindle:Cytoplasmic granule",1
"Nucleus:Cytoplasm:Cytoplasm, P-body:Rough endoplasmic reticulum membrane:Cytoplasmic granule",1
Cell membrane:Cell membrane:Cell membrane:Secreted:Secreted,1
"Nucleus:Cytoplasm:Cytoplasm, Stress granule:Cytolytic granule",1
Cell membrane:Cell membrane:Cell membrane:Secreted:Cell membrane:Cell membrane:Cell membrane:Cell membrane:Cell membrane:Cell membrane:Cell membrane:Cell membrane:Cell membrane:Secreted:Secreted:Secreted:Secreted:Secreted:Cell membrane:Cell membrane:Secreted:Secreted:Secreted,1
"Cell junction:Cell junction, focal adhesion:Cell membrane",1
"Nucleus:Cytoplasm:Cytoplasm, U-body:Nucleus speckle:Nucleus, Cajal body",1
"Nucleus:Cytoplasm:Cytoplasm, U-body:Nucleus, gem",1
"Nucleus:Cytoplasm:Cytoplasm, cell cortex",1
"Nucleus:Cytoplasm:Cytoplasm, cell cortex:Cleavage furrow",1
"Cell junction:Cell membrane:Cell projection, dendrite:Cell projection, dendritic spine:Membrane:Perikaryon:Postsynaptic cell membrane:Synapse:Synaptic cell membrane",1
"Plastid, chloroplast stroma:Endoplasmic reticulum",1
"Plastid, chloroplast stroma:Cell membrane",1
Cell membrane:Cell membrane:Cell membrane:Cytoplasm:Cytoplasm:Cytoplasm:Cytoplasm:Cytoplasm,1
"Plastid, chloroplast stroma, chloroplast nucleoid:Plastid, chloroplast thylakoid membrane",1
"Nucleus:Cytoplasm:Cytoplasm, cytoskeleton, microtubule organizing center",1
Cell membrane:Cell membrane:Cell membrane:Cell membrane:Secreted:Secreted:Secreted:Secreted:Secreted:Secreted:Secreted:Secreted,1
"Plastid, chloroplast stroma, chloroplast nucleoid:Plastid stroma:Plastid, chloroplast stroma",1
"Nucleus:Cytoplasm:Cytoplasm, cytoskeleton, microtubule organizing center, centrosome, centriole:Cell projection, cilium",1
"Nucleus:Cytoplasm:Cytoplasm, cytoskeleton, microtubule organizing center, centrosome:Chromosome, centromere, kinetochore:Chromosome",1
"Nucleus:Cytoplasm:Nucleus, nucleolus:Cytoplasm:Nucleus, PML body:Nucleus, Cajal body",1
"Nucleus:Cytoplasm:Nucleus, nucleolus:Nucleus, Cajal body:Nucleus, PML body",1
"Plastid, chloroplast thylakoid membrane:Plastid, chromoplast membrane",1
"Nucleus:Nucleus:Chromosome, centromere, kinetochore:Mitochondrion",1
"Nucleus:Nucleus matrix:Nucleus lamina:Nucleus envelope:Nucleus membrane:Nucleus, nuclear pore complex:Cytoplasm, cytoskeleton, spindle:Chromosome, centromere, kinetochore:Midbody",1
Nucleus:Nucleus:Cytoplasm:Nucleus:Cytoplasm,1
"Nucleus:Nucleus matrix:Nucleus, nucleolus:Cytoplasm",1
Nucleus:Nucleus membrane,1
Cell membrane:Basolateral cell membrane:Cell membrane:Cell membrane,1
"Nucleus:Nucleus:Cytoplasm, cytoskeleton, microtubule organizing center, centrosome:Midbody:Chromosome, telomere",1
Cell membrane:Basolateral cell membrane:Cell membrane:Apical cell membrane:Basolateral cell membrane,1
"Cell membrane:Basolateral cell membrane:Cell junction, tight junction:Cell junction, adherens junction:Secreted:Secreted:Secreted",1
Nucleus:Nucleus:Chromosome:Cytoplasm,1
"Nucleus:Nucleus membrane:Nucleus, nuclear pore complex:Chromosome:Cytoplasm, cytoskeleton, spindle",1
Nucleus:Nucleus matrix:Cytoplasm,1
"Cell membrane:Apical cell membrane:Cell junction, adherens junction:Cell projection, cilium:Cell membrane:Cell membrane:Endoplasmic reticulum:Endoplasmic reticulum:Endoplasmic reticulum",1
Cell membrane:Apical cell membrane:Cell membrane,1
"Nucleus:Nucleus membrane:Nucleus, nuclear pore complex:Nucleus envelope",1
"Cell membrane:Basolateral cell membrane:Cell junction, tight junction:Cell junction, adherens junction:Secreted",1
"Nucleus:Nucleus, nucleoplasm:Nucleus, nucleolus:Cytoplasm",1
"Nucleus:Nucleus, nucleoplasm:Nucleus, Cajal body:Chromosome, centromere:Cytoplasm, cytoskeleton, spindle:Cytoplasm",1
"Nucleus:Nucleus, nucleoplasm:Nucleus speckle:Nucleus, nuclear pore complex:Nucleus envelope:Cytoplasm:Cytoplasm, Stress granule",1
"Nucleus:Nucleus, nucleoplasm:Nucleus matrix:Chromosome:Cytoplasm, cytoskeleton:Cytoplasm, cytoskeleton, microtubule organizing center, centrosome:Cytoplasm, cytoskeleton, spindle pole:Cytoplasm, cell cortex:Cell membrane:Lateral cell membrane:Cytoplasm, cytosol:Cytoplasm, cytoskeleton, microtubule organizing center, centrosome:Cytoplasm, cytoskeleton, spindle pole:Cytoplasm, cytosol:Cytoplasm, cytoskeleton, microtubule organizing center, centrosome:Cytoplasm, cytoskeleton, spindle pole",1
Nucleus:Nucleus speckle:Cytoplasm:Cytoplasm:Cytoplasm,1
"Nucleus:Nucleus:Cytoplasm:Nucleus:Cytoplasm:Nucleus:Nucleus:Nucleus, nucleoplasm:Cytoplasm:Cytoplasmic granule:Secreted, extracellular exosome",1
"Nucleus:Nucleus:Cytoplasm:Secreted, extracellular space",1
"Cell membrane:Cell junction, paranodal septate junction",1
"Nucleus:Nucleus inner membrane:Nucleus envelope:Nucleus lamina:Cytoplasm, cytoskeleton, spindle pole:Cytoplasm",1
"Nucleus:Nucleus envelope:Cytoplasm, cytoskeleton:Cell membrane",1
"Nucleus:Plastid, apicoplast",1
"Nucleus:Nucleus envelope:Cytoplasm:Cytoplasm, cytoskeleton",1
"Nucleus:Nucleus envelope:Cytoplasm:Cytoplasm, cytoskeleton, spindle",1
"Nucleus:Nucleus envelope:Cytoplasm:Cytoplasm, cytoskeleton:Rough endoplasmic reticulum:Golgi apparatus:Zymogen granule",1
"Nucleus:Nucleus envelope:Nucleus membrane:Nucleus matrix:Cytoplasm, cell cortex:Cytoplasm, cytoskeleton:Cell membrane:Cell projection, dendrite:Synapse:Synapse, synaptosome:Postsynaptic density:Membrane",1
Cell membrane:Basolateral cell membrane:Cytoplasm:Mitochondrion:Cytoplasm,1
Cell membrane:Apical cell membrane:Basolateral cell membrane:Synapse,1
Cell membrane:Basolateral cell membrane:Cytoplasm:Mitochondrion,1
Nucleus:Perikaryon,1
"Cell membrane:Apical cell membrane:Cell junction, adherens junction",1
"Nucleus:Nucleus:Nucleus:Nucleus:Nucleus:Nucleus, PML body:Nucleus, nucleoplasm",1
Nucleus:Nucleus:Nucleus:Nucleus:Nucleus,1
Nucleus:Nucleus lamina,1
Nucleus:Nucleus:Nucleus:Cytoplasm:Nucleus,1
Nucleus:Nucleus:Nucleus:Cytoplasm:Cytoplasm:Cytoplasm,1
"Nucleus:Nucleus lamina:Nucleus, nucleoplasm:Chromosome, centromere",1
"Nucleus:Nucleus lamina:Nucleus, nucleoplasm:Chromosome, centromere:Cytoplasmic vesicle, phagosome lumen:Cell membrane",1
"Nucleus:Nucleus:Nucleus speckle:Nucleus:Nucleus speckle:Nucleus:Nucleus, nucleoplasm:Nucleus, nucleoplasm:Nucleus, nucleoplasm",1
Nucleus:Nucleus:Nucleus speckle:Nucleus speckle,1
"Nucleus:Nucleus, nucleoplasm:Nucleus matrix:Chromosome:Cytoplasm, cytoskeleton:Cytoplasm, cytoskeleton, microtubule organizing center, centrosome:Cytoplasm, cytoskeleton, spindle pole:Cytoplasm, cell cortex:Cell membrane:Lateral cell membrane",1
Cell membrane:Basal cell membrane:Cell junction:Secreted,1
"Nucleus:Nucleus, nucleoplasm:Nucleus envelope:Nucleus inner membrane:Nucleus, nuclear pore complex:Chromosome:Chromosome, centromere, kinetochore",1
"Nucleus:Nucleus, nucleolus:Cytoplasm, cell cortex:Cytoplasm, cytoskeleton",1
"Nucleus:Nucleus, nucleoplasm:Chromosome, telomere",1
"Nucleus:Nucleus, nucleolus:Nucleus:Nucleus, nucleolus:Nucleus:Nucleus, nucleolus",1
"Cell membrane:Apical cell membrane:Endomembrane system:Cytoplasm, perinuclear region",1
"Nucleus:Nucleus, nucleolus:Chromosome, centromere:Chromosome:Cytoplasm, perinuclear region:Perikaryon:Cytoplasm, Cytoplasmic ribonucleoprotein granule:Cytoplasm, Stress granule:Cell projection, neuron projection:Cell projection, dendrite:Cell projection, dendritic spine:Cell projection, growth cone:Cell projection, filopodium:Cell projection, filopodium tip:Cell projection, axon:Synapse:Synapse, synaptosome:Postsynaptic density:Presynaptic cell membrane:Cell membrane",1
"Nucleus:Nucleus, nucleolus:Chromosome, telomere",1
"Nucleus:Nucleus, nucleolus:Nucleus, nucleoplasm:Cytoplasm",1
"Nucleus:Nucleus, nucleolus:Nucleus, gem:Nucleus, Cajal body:Cytoplasm, perinuclear region:Cytoplasm:Cell projection, axon:Cell projection, growth cone",1
"Nucleus:Nucleus, nucleolus:Nucleus, PML body",1
"Nucleus:Nucleus, nucleolus:Chromosome:Nucleus, nucleoplasm",1
"Nucleus:Nucleus, nucleolus:Nucleus speckle:Cytoplasm",1
"Nucleus:Nucleus, nucleoplasm:Microsome:Cytoplasm",1
"Nucleus:Nucleus, nucleolus:Nucleus matrix:Cytoplasm, cytoskeleton:Cytoplasm",1
"Nucleus:Nucleus, nucleolus:Cytoplasm, cytoskeleton, spindle pole:Midbody:Cytoplasm, cytoskeleton, microtubule organizing center, centrosome:Chromosome",1
"Nucleus:Nucleus, nucleolus:Nucleus matrix:Cytoplasm, cytoskeleton",1
"Nucleus:Nucleus, nucleolus:Cytoplasm, cytoskeleton:Cell membrane",1
Cell membrane:Apical cell membrane:Membrane raft:Golgi apparatus,1
"Nucleus:Nucleus, nucleolus:Cytoplasm:Cell projection, cilium, photoreceptor outer segment",1
"Nucleus:Nucleus, nucleolus:Cytoplasm:Cytoplasm, cytoskeleton, microtubule organizing center, centrosome:Cytoplasm, cytoskeleton, spindle pole:Chromosome, centromere, kinetochore:Chromosome, centromere",1
"Nucleus:Nucleus, nucleolus:Cytoplasm:Cytoplasm, cytoskeleton, microtubule organizing center, centrosome:Cytoplasm, cytoskeleton, spindle pole:Chromosome, centromere, kinetochore:Chromosome, centromere:Cytoplasm:Nucleus:Cytoplasm, cytoskeleton, microtubule organizing center, centrosome",1
"Nucleus:Nucleus, nucleolus:Cytoplasm:Cytoplasmic vesicle, clathrin-coated vesicle:Recycling endosome",1
"Nucleus:Nucleus, nucleolus:Cell projection, cilium:Cytoplasm, cytoskeleton, microtubule organizing center, centrosome, centriole:Cell projection, cilium, flagellum:Cytoplasm, cytoskeleton, cilium axoneme",1
"Nucleus:Nucleus, nucleoplasm:Chromosome, telomere:Cytoplasm",1
"Nucleus:Nucleus, nucleolus:Cell membrane",1
"Nucleus:Nucleus, nuclear pore complex",1
Cell membrane:Basal cell membrane:Cell junction,1
"Nucleus:Nucleus, Cajal body:Cytoplasm, cytosol",1
Cell membrane:Basal cell membrane:Basolateral cell membrane:Apical cell membrane,1
"Nucleus:Nucleus, nucleoplasm:Cytoplasm:Cytoplasmic granule:Secreted, extracellular exosome:Nucleus:Cytoplasm",1
"Nucleus:Nucleus, PML body:Cytoplasm, cytoskeleton, microtubule organizing center, centrosome:Chromosome, centromere:Cytoplasm",1
"Nucleus:Nucleus, nucleoplasm:Cytoplasm:Cytoplasmic granule:Secreted, extracellular exosome",1
"Nucleus:Nucleus, PML body:Cytoplasm:Cytoplasm, cytoskeleton, microtubule organizing center:Chromosome, centromere:Cytoplasm, cytoskeleton",1
"Nucleus:Nucleus, PML body:Cytoplasm:Membrane:Cell membrane:Cytoplasm, cytoskeleton, spindle:Cytoplasm, cytoskeleton, spindle pole:Cytoplasm, cytoskeleton, microtubule organizing center, centrosome:Cell projection, dendrite:Cell projection, dendritic spine:Postsynaptic density",1
"Nucleus:Nucleus, PML body:Nucleus, nuclear body:Cytoplasm",1
"Nucleus:Nucleus, nucleoplasm:Cytoplasm:Cytoplasm, cytosol:Lysosome membrane",1
"Nucleus:Nucleus, PML body:Nucleus, nuclear body:Cytoplasm:Nucleus",1
"Nucleus:Nucleus, PML body:Nucleus, nucleolus:Cytoplasm:Cytoplasm",1
"Nucleus:Nucleus, nucleoplasm:Cytoplasm, perinuclear region:Cytoplasm:Nucleus, nucleolus",1
"Nucleus:Nucleus, PML body:Nucleus:Cytoplasm:Nucleus:Nucleus:Nucleus, PML body:Nucleus",1
"Nucleus:Nucleus, nucleoplasm:Cytoplasm, cytoskeleton, spindle:Cytoplasm:Lipid droplet:Cytoplasm:Nucleus",1
Cell membrane:Apical cell membrane:Cytoplasmic vesicle membrane:Microsome:Cell membrane:Apical cell membrane:Basolateral cell membrane:Cell membrane:Cell membrane,1
Cell membrane:Apical cell membrane:Cytoplasmic vesicle membrane:Microsome:Cell membrane:Apical cell membrane:Cell membrane:Cell membrane,1
"Nucleus:Nucleus, nucleoplasm:Chromosome:Chromosome, telomere",1
"Nucleus:Nucleus, nuclear body:Cytoplasmic granule:Cytoplasm",1
"Nucleus:Nucleus envelope:Chromosome:Chromosome, centromere, kinetochore:Cytoplasm, cytoskeleton, spindle:Cytoplasm",1
"Nucleus:Nucleus envelope:Chromosome, telomere",1
Nucleus:Prospore membrane,1
"Peroxisome matrix:Cytoplasm, cytosol:Peroxisome matrix:Peroxisome matrix",1
Nucleus:Cytoplasm:Nucleus:Nucleus:Nucleus,1
Nucleus:Cytoplasm:Nucleus:Nucleus:Nucleus:Nucleus:Cytoplasm:Cytoplasm,1
"Cell membrane, sarcolemma:Golgi apparatus:Cell projection, dendrite:Cytoplasm, cytoskeleton",1
Peroxisome membrane:Cytoplasm,1
Nucleus:Cytoplasm:Photoreceptor inner segment,1
"Nucleus:Cytoplasm:Plastid, chloroplast stroma:Mitochondrion",1
Nucleus:Cytoplasm:Postsynaptic cell membrane,1
Peroxisome matrix:Mitochondrion outer membrane,1
Peroxisome matrix:Mitochondrion,1
"Peroxisome matrix:Cytoplasm, cytosol:Nucleus",1
Periplasm:Cytoplasm:Mitochondrion,1
"Nucleus:Cytoplasm:Secreted, extracellular exosome:Nucleus:Cytoplasm:Secreted, extracellular exosome:Nucleus:Cytoplasm:Secreted, extracellular exosome",1
"Cell membrane, sarcolemma:Sarcoplasmic reticulum membrane:Nucleus",1
"Cell membrane:Cell junction, gap junction:Cytoplasm:Lateral cell membrane:Apicolateral cell membrane",1
Nucleus:Cytoplasm:Secreted:Chromosome:Cell membrane:Endosome:Endoplasmic reticulum-Golgi intermediate compartment,1
"Cell membrane:Cell junction, gap junction:Cytoplasm:Apical cell membrane:Apicolateral cell membrane:Basolateral cell membrane:Lateral cell membrane",1
Nucleus:Cytoplasm:Secreted:Secreted:Cytoplasm:Nucleus,1
Cell membrane:Apical cell membrane:Apical cell membrane,1
"Cell membrane:Cell junction, gap junction:Basolateral cell membrane",1
"Cell membrane:Cell junction, adherens junction:Secreted",1
Nucleus:Cytoplasm:Nucleus:Nucleus:Cytoplasm,1
"Nucleus:Cytoplasm:Nucleus:Nucleus envelope:Cytoplasm:Cytoplasm, cytoskeleton",1
"Cell membrane, sarcolemma:Endoplasmic reticulum membrane:Membrane",1
Peroxisome membrane:Mitochondrion outer membrane,1
Peroxisome:Glyoxysome membrane,1
"Cell membrane, sarcolemma:Cytoplasm, myofibril, sarcomere, Z line",1
Peroxisome:Cytoplasm:Secreted,1
Peroxisome:Cytoplasm:Nucleus,1
Peroxisome:Cytoplasm:Mitochondrion:Peroxisome,1
Peroxisome:Cytoplasm:Mitochondrion:Endoplasmic reticulum:Mitochondrion:Peroxisome,1
"Nucleus:Cytoplasm:Nucleus, nucleoplasm:Nucleus, nucleoplasm",1
Nucleus:Cytoplasm:Nucleus:Cell membrane,1
"Peroxisome:Cytoplasm, cytosol",1
"Peroxisome:Cytoplasm, cytoskeleton",1
Nucleus:Cytoplasm:Nucleus:Cytoplasm:Cytoplasm,1
"Cell membrane:Cytoplasmic vesicle, secretory vesicle, synaptic vesicle membrane:Membrane",1
Nucleus:Cytoplasm:Nucleus:Cytoplasm:Cytoplasm:Nucleus:Cytoplasm,1
Nucleus:Cytoplasm:Nucleus:Cytoplasm:Mitochondrion outer membrane,1
Nucleus:Cytoplasm:Nucleus:Cytoplasm:Nucleus speckle:Mitochondrion,1
Nucleus:Cytoplasm:Nucleus:Cytoplasm:Nucleus:Cytoplasm,1
Nucleus:Cytoplasm:Nucleus:Cytoplasm:Nucleus:Cytoplasm:Nucleus:Cytoplasm,1
"Nucleus:Cytoplasm:Nucleus:Cytoplasm:Nucleus:Cytoplasm:Nucleus:Cytoplasm:Nucleus:Cell projection, filopodium:Cell projection, growth cone:Cell projection, dendrite:Cell membrane, sarcolemma:Cytoplasm",1
Nucleus:Cytoplasm:Nucleus:Mitochondrion:Nucleus:Nucleus,1
"Nucleus:Cytoplasmic vesicle:Cytoplasm, cytoskeleton, microtubule organizing center, centrosome:Peroxisome matrix",1
Cell membrane:Apical cell membrane:Basal cell membrane:Endoplasmic reticulum,1
"Nucleus:Sarcoplasmic reticulum:Cytoplasm:Cytoplasm, perinuclear region:Cytoplasm, myofibril, sarcomere, M line",1
Parasitophorous vacuole:Secreted:Secreted:Secreted:Secreted:Cell membrane:Secreted:Secreted,1
Nucleus:Melanosome:Cytoplasm,1
"Perikaryon:Cell projection, cilium:Cell projection, dendrite",1
"Perikaryon:Cell projection, axon:Synapse:Cell junction, adherens junction",1
Nucleus:Membrane:Cytoplasm,1
"Perikaryon:Cell projection, axon:Cytoplasm, cytoskeleton, microtubule organizing center, centrosome:Cytoplasm",1
Nucleus:Membrane:Membrane:Membrane,1
"Nucleus:Microsome:Nucleus, nucleoplasm:Cytoplasm",1
"Perikaryon:Cell projection, axon:Cell projection, dendrite:Synapse:Cytoplasm:Cytoplasm, perinuclear region:Synapse:Perikaryon:Cell projection, axon:Synapse",1
"Perikaryon:Cell membrane:Cell projection, axon:Cell projection, dendrite:Cytoplasm:Nucleus",1
"Parasitophorous vacuole:Host cell membrane:Host cytoplasm, host cytoskeleton:Host cytoplasm",1
"Cell membrane:Apical cell membrane:Basolateral cell membrane:Cell projection, filopodium:Cell junction",1
Parasitophorous vacuole membrane:Vacuole,1
Parasitophorous vacuole lumen:Parasitophorous vacuole membrane,1
"Cell membrane:Basolateral cell membrane:Endoplasmic reticulum membrane:Postsynaptic density:Synapse:Cell membrane, sarcolemma:Apical cell membrane:Cell junction:Cytoplasm",1
Nucleus:Symplast,1
Nucleus:Mitochondrion:Chromosome,1
"Nucleus:Mitochondrion:Chromosome, centromere",1
Nucleus:Mitochondrion:Cytoplasm,1
Cell membrane:Apical cell membrane:Basolateral cell membrane:Lysosome membrane,1
"Nucleus:Secreted, extracellular exosome",1
"Perikaryon:Cell projection, cilium:Cytoplasm:Perikaryon:Cell projection, dendrite:Cell projection, axon:Cell projection, cilium:Cytoplasm",1
"Nucleus:Golgi apparatus:Cell projection, cilium, flagellum:Cytoplasm, cytoskeleton, spindle:Cytoplasm:Cytoplasm, cytoskeleton, microtubule organizing center, centrosome:Cytoplasm, cytoskeleton, spindle pole",1
"Perikaryon:Cell projection, dendrite",1
"Perikaryon:Cell projection, dendrite:Cell projection, axon:Cell projection, cilium",1
Cell membrane:Bud:Bud neck:Cell projection,1
Cell membrane:Bud tip:Vacuole lumen,1
Nucleus:Endoplasmic reticulum membrane:Mitochondrion membrane,1
Nucleus:Endoplasmic reticulum membrane:Nucleus,1
Cell membrane:Bud neck:Cytoplasmic vesicle membrane,1
Perikaryon:Synapse:Endomembrane system:Mitochondrion membrane:Cytoplasm,1
Perikaryon:Nucleus:Synapse,1
Nucleus:Endoplasmic reticulum:Golgi apparatus,1
"Perikaryon:Nucleus:Cell projection, dendrite:Cell projection, axon:Synapse:Cytoplasm, cell cortex:Cytoplasm",1
Nucleus:Endoplasmic reticulum:Nucleus:Cytoplasm:Endoplasmic reticulum membrane:Endoplasmic reticulum membrane:Membrane,1
Perikaryon:Nucleus,1
"Perikaryon:Early endosome:Endosome, multivesicular body:Presynapse:Presynaptic endosome:Cytoplasmic vesicle, secretory vesicle, synaptic vesicle:Cytoplasm, cytosol:Cytoplasm:Cytoplasm, cell cortex",1
Perikaryon:Cytoplasm,1
"Nucleus:Endosome:Cytoplasm, cell cortex",1
Nucleus:Forespore membrane,1
"Perikaryon:Cell projection, dendrite:Golgi apparatus:Cytoplasmic vesicle",1
"Perikaryon:Cell projection, dendrite:Cytoplasm",1
"Perikaryon:Cell projection, dendrite:Cell projection, cilium:Cell projection, axon",1
"Nucleus:Golgi apparatus, Golgi stack:Cytoplasm, cytoskeleton, microtubule organizing center, centrosome",1
"Nucleus:Cytoplasm:Cell membrane:Perikaryon:Cell projection, lamellipodium:Cell projection, growth cone:Postsynaptic density:Synapse",1
Nucleus:Cytoplasm:Cell membrane:Nucleus:Cytoplasm:Cell membrane:Cell membrane:Nucleus:Golgi apparatus:Cell membrane,1
"Nucleus, nucleolus:Cytoplasm:Cytoplasm, cytoskeleton, spindle:Chromosome, centromere",1
Nucleus:Cell membrane:Vacuole membrane,1
"Nucleus:Cell junction, tight junction:Chromosome",1
"Cell membrane:Cell projection, lamellipodium:Cell projection, filopodium:Cytoplasm, cytoskeleton",1
"Nucleus:Cell membrane:Cytoplasm, cytoskeleton, phragmoplast",1
"Nucleus:Cell membrane:Cytoplasmic vesicle:Cytoplasm, perinuclear region",1
"Nucleus:Cell membrane:Endosome membrane:Cytoplasm, cytoskeleton, actin patch",1
"Nucleus:Cell membrane:Endosome membrane:Cytoplasm, cytoskeleton, actin patch:Cell tip",1
Nucleus:Cell membrane:Membrane,1
"Sarcoplasmic reticulum membrane:Synapse:Cytoplasm, cytoskeleton:Cytoplasm, cytoskeleton, microtubule organizing center, centrosome",1
Nucleus:Cell membrane:Secreted,1
"Sarcoplasmic reticulum membrane:Microsome:Cell membrane, sarcolemma",1
"Nucleus:Cell junction, plasmodesma:Cytoplasm",1
"Nucleus:Cell projection, axon:Cytoplasm, cytoskeleton",1
"Nucleus:Cell projection, axon:Perikaryon",1
"Nucleus:Cell projection, cilium",1
"Sarcoplasmic reticulum membrane:Cell membrane:Endoplasmic reticulum membrane:Nucleus outer membrane:Mitochondrion outer membrane:Cytoplasm, cytosol",1
"Cell membrane:Cell projection, lamellipodium membrane:Cytoplasm",1
"Nucleus:Cell projection, neuron projection",1
"Nucleus:Cell tip:Cytoplasm, cytoskeleton, spindle pole",1
"Sarcoplasmic reticulum membrane:Cell membrane, sarcolemma, T-tubule",1
"Cell junction, adherens junction:Cell membrane:Cytoplasm, cytoskeleton:Apical cell membrane:Cell projection, rhabdomere",1
"Nucleus:Cell junction, plasmodesma:Cytoplasm:Endosome:Cell membrane",1
"Nucleus:Cell junction, focal adhesion:Cell membrane",1
"Nucleus:Chromosome:Chromosome, centromere:Cytoplasm, cytoskeleton, spindle:Midbody",1
"Cell junction, adherens junction:Cell membrane:Cell junction, focal adhesion",1
"Secreted, cell wall:Cell outer membrane",1
"Secreted, cell wall:Cell membrane:Secreted, extracellular space, extracellular matrix",1
"Secreted, cell wall:Cell membrane:Cell surface",1
"Cell membrane:Cell projection, lamellipodium:Nucleus:Cytoplasm",1
"Nucleus, nucleoplasm:Nucleus, nucleolus:Nucleus",1
"Secreted, cell wall:Cell junction, plasmodesma:Golgi apparatus",1
"Nucleus, nucleoplasm:Nucleus, nucleolus:Nucleus speckle:Nucleus:Cytoplasm",1
"Nucleus, nucleoplasm:Nucleus, nucleolus:Nucleus, nucleoplasm",1
"Secreted, cell wall, S-layer",1
"Secreted, capsule:Cell surface:Secreted, cell wall:Secreted:Host mitochondrion",1
"Nucleus:Cell junction, desmosome:Cytoplasm:Cell membrane:Cell junction, desmosome:Cytoplasm:Cell junction, desmosome:Cytoplasm",1
"Secreted, capsule:Cell surface:Secreted, cell wall",1
"Nucleus, nucleoplasm:Nucleus, nucleoplasm:Nucleus:Nucleus speckle",1
"Nucleus, nucleoplasm:Nucleus:Chromosome",1
"Nucleus, nucleoplasm:Nucleus:Cytoplasm, cytoskeleton, spindle:Chromosome",1
"Nucleus, nucleoplasm:Nucleus:Cytoplasm:Cytoplasm",1
"Cell junction, adherens junction:Cell membrane:Cell junction, tight junction:Nucleus",1
"Nucleus, nucleoplasm:Nucleus:Nucleus membrane:Cytoplasm",1
"Cell membrane:Cell projection, lamellipodium:Cell projection, ruffle membrane:Cytoplasm, cytoskeleton:Cytoplasm, cell cortex:Endosome membrane:Cell membrane, sarcolemma:Cytoplasm, myofibril, sarcomere:Synapse:Cell membrane:Cytoplasm, cytoskeleton:Cytoplasm, cell cortex",1
"Nucleus:Cell junction, desmosome:Cytoplasm:Cell membrane",1
"Cell junction, adherens junction:Cell membrane:Cytoplasm, cytoskeleton:Membrane:Nucleus",1
"Cell junction, adherens junction:Cell membrane:Cytoplasm, myofibril, sarcomere, M line:Cell projection, podosome:Cell projection, podosome",1
"Cell junction, adherens junction:Cell membrane:Cytoplasm:Membrane",1
"Nucleus:Chromosome, telomere:Nucleus matrix",1
"Cell membrane:Cell projection, filopodium:Cell projection, lamellipodium:Cytoplasm, cytoskeleton:Membrane:Secreted",1
"Cell membrane:Cell projection, filopodium membrane:Cell projection, ruffle:Cleavage furrow:Endosome membrane:Midbody, Midbody ring:Recycling endosome membrane",1
"Nucleus:Chromosome, centromere:Cytoplasm, cytoskeleton, microtubule organizing center, spindle pole body",1
"Recycling endosome membrane:Early endosome membrane:Cell membrane:Cytoplasmic vesicle:Cell projection, cilium membrane",1
"Nucleus:Chromosome, centromere:Cytoplasm, cytoskeleton, spindle:Midbody:Chromosome, centromere, kinetochore",1
"Cell junction, adherens junction:Cytoplasm:Nucleus:Cell membrane:Nucleus:Nucleus:Nucleus",1
"Cell membrane:Cell projection, dendrite:Synapse:Perikaryon:Postsynaptic cell membrane:Cell projection, dendritic spine:Cell membrane, sarcolemma:Cell junction:Membrane, caveola",1
"Nucleus:Chromosome, telomere:Cytoplasm, P-body",1
"Nucleus:Chromosome, telomere:Cytoplasm, cytoskeleton, spindle",1
"Cell membrane:Cell projection, dendrite:Synapse:Perikaryon:Postsynaptic cell membrane:Cell projection, dendritic spine:Cell junction:Membrane, caveola:Cell membrane, sarcolemma",1
"Cell membrane:Cell projection, invadopodium membrane:Cell projection, ruffle membrane:Recycling endosome:Melanosome:Cleavage furrow:Cell projection, lamellipodium:Cell junction, focal adhesion:Cell membrane, sarcolemma:Cell junction",1
"Nucleus:Chromosome, telomere:Nucleus, nucleolus",1
"Nucleus:Chromosome, telomere:Nucleus, nucleolus:Cytoplasm",1
Nucleus:Chromosome:Chromosome,1
"Recycling endosome membrane:Cytoplasmic vesicle, secretory vesicle, acrosome membrane:Golgi apparatus, cis-Golgi network membrane:Endoplasmic reticulum-Golgi intermediate compartment membrane:Golgi apparatus, trans-Golgi network membrane:Early endosome membrane:Lysosome membrane",1
"Cell membrane:Cell projection, dendrite:Synapse:Perikaryon:Postsynaptic cell membrane:Cell projection, dendritic spine:Cell junction",1
"Cell membrane:Cell projection, dendrite:Secreted",1
"Nucleus:Chromosome:Chromosome, centromere, kinetochore:Chromosome, centromere",1
"Recycling endosome membrane:Cell membrane:Cell projection, cilium membrane:Cytoplasmic vesicle",1
"Cell junction, adherens junction:Nucleus:Cytoplasm, P-body",1
"Nucleus:Chromosome, centromere:Chromosome, centromere, kinetochore:Nucleus:Nucleus:Cytoplasm:Cytoplasm",1
"Cell junction, adherens junction:Cytoplasm:Nucleus:Cell membrane:Nucleus",1
"Cell junction, adherens junction:Cytoplasm:Nucleus",1
"Cell junction, adherens junction:Cytoplasm:Cytoplasm, cytoskeleton, microtubule organizing center, centrosome",1
"Cell membrane:Cell projection, invadopodium membrane:Cell projection, ruffle membrane:Recycling endosome:Melanosome:Cell projection, lamellipodium:Cell projection, ruffle:Cell junction, focal adhesion:Cell membrane, sarcolemma:Cell junction",1
"Nucleus:Chromosome, centromere, kinetochore:Cytoplasm",1
"Nucleus:Chromosome, centromere, kinetochore:Cytoplasm, cytoskeleton",1
"Cell membrane:Cell projection, invadopodium membrane:Cell projection, ruffle membrane:Recycling endosome:Melanosome:Cell projection, lamellipodium:Cell projection, ruffle:Cell junction, focal adhesion",1
"Cell membrane:Cell projection, invadopodium membrane:Cell projection, lamellipodium:Cell projection, ruffle membrane:Melanosome:Membrane",1
"Cell junction, adherens junction:Cell projection, microvillus:Cell projection, rhabdomere:Cell membrane:Cytoplasm, cytoskeleton:Cytoplasm:Cytoplasm, cell cortex:Cell projection, cilium, flagellum:Nucleus, nucleoplasm:Chromosome",1
"Cell junction, adherens junction:Cytoplasm",1
"Cell membrane:Cell projection, invadopodium membrane:Cell projection, lamellipodium membrane",1
"Cell membrane:Cell projection, invadopodium membrane:Cell membrane:Secreted",1
"Cell junction, adherens junction:Cytoplasm, cytoskeleton, microtubule organizing center, centrosome, centriolar satellite",1
"Cell junction, adherens junction:Cytoplasm, cytoskeleton, microtubule organizing center, centrosome:Cytoplasmic vesicle membrane",1
"Nucleus:Chromosome, centromere, kinetochore:Mitochondrion",1
"Cell junction, adherens junction:Cytoplasm, cytoskeleton:Cell membrane:Cell junction:Cytoplasm:Nucleus",1
"Cell junction, adherens junction:Cytoplasm, cytoskeleton:Cell projection, lamellipodium:Cell projection, ruffle membrane:Cytoplasm:Cell membrane",1
"Nucleus:Chromosome, centromere, kinetochore:Nucleus envelope:Cytoplasm, cytoskeleton, microtubule organizing center, centrosome:Cytoplasm, cytoskeleton, spindle:Cytoplasm, cytoskeleton, spindle pole",1
Recycling endosome membrane:Midbody,1
"Nucleus:Chromosome, centromere, kinetochore:Nucleus envelope:Cytoplasm, cytoskeleton, microtubule organizing center, centrosome:Cytoplasm, cytoskeleton, spindle:Cytoplasm, cytoskeleton, spindle pole:Cytoplasm",1
"Cell membrane:Cell projection, growth cone:Cell projection, growth cone membrane:Synapse:Cell projection, filopodium membrane:Perikaryon:Cell projection, dendrite:Cell projection, axon:Cytoplasm",1
"Cell membrane:Cell projection, growth cone:Cell projection, axon:Cell projection, dendrite",1
"Secreted, cell wall:Cell surface:Cell outer membrane",1
"Nucleus, nucleoplasm:Nucleus, nuclear body:Nucleus, nucleolus:Chromosome, centromere",1
"Cell junction, adherens junction:Cell junction, desmosome:Cell junction",1
Cell envelope,1
"Secreted, extracellular space, extracellular matrix:Cytoplasm, perinuclear region",1
"Nucleus, nucleolus:Nucleus, nucleolus:Nucleus, nucleolus",1
Cell membrane:Cell projection:Cytoplasm:Membrane,1
"Cell membrane:Cell projection:Cytoplasm, cytosol",1
"Secreted, extracellular space, extracellular matrix:Cleavage furrow",1
"Nucleus, nucleolus:Nucleus, nucleoplasm:Chromosome:Nucleus, nucleoplasm",1
"Cell membrane:Cell projection, stereocilium membrane:Photoreceptor inner segment",1
"Secreted, extracellular space, extracellular matrix:Cell projection, cilium, photoreceptor outer segment:Secreted, extracellular space, extracellular matrix, interphotoreceptor matrix:Secreted",1
"Cell membrane:Cell projection, ruffle:Cell membrane:Cell projection:Cell membrane:Cell projection, ruffle:Cell membrane:Cell projection, ruffle membrane:Cleavage furrow",1
"Nucleus, nucleolus:Nucleus, nucleoplasm:Dynein axonemal particle",1
"Nucleus, nucleolus:Nucleus:Cytoplasm:Endoplasmic reticulum",1
Cell envelope:Cell membrane,1
"Nucleus, nucleolus:Nucleus, nucleoplasm:Nucleus, Cajal body",1
"Secreted, extracellular space, extracellular matrix, basement membrane:Endoplasmic reticulum:Golgi apparatus",1
"Secreted, extracellular space, extracellular matrix, basement membrane:Cytoplasm:Cell junction:Cleavage furrow",1
Cell inner membrane:Membrane raft,1
"Cell membrane:Cell projection, ruffle membrane:Cytoplasm, cytoskeleton",1
"Nucleus, nucleolus:Nucleus:Cytoplasm, cytoskeleton, phragmoplast",1
"Secreted, extracellular space, apoplast:Secreted, extracellular space, apoplast:Secreted, extracellular space, apoplast:Secreted, extracellular space, apoplast:Secreted, extracellular space, apoplast",1
"Cell membrane:Cell projection, ruffle membrane:Cell membrane:Early endosome:Cytoplasm, perinuclear region:Nucleus:Cytoplasm:Nucleus:Cytoplasm:Nucleus",1
"Secreted, extracellular space, extracellular matrix:Cytoplasm:Cell membrane",1
"Nucleus, nucleolus:Nucleus, Cajal body:Cytoplasm",1
"Cell membrane:Cell projection:Cytoplasmic vesicle membrane:Early endosome membrane:Recycling endosome membrane:Synapse, synaptosome:Perikaryon:Cell projection, dendrite:Cell projection, dendritic spine:Postsynaptic density membrane",1
"Nucleus, nucleolus:Nucleus speckle:Nucleus:Cytoplasm, P-body:Cytoplasm",1
"Nucleus, nucleolus:Cytoplasm:Cytoplasm, perinuclear region",1
"Bud tip:Bud neck:Cytoplasm, cytoskeleton",1
"Nucleus, nucleolus:Cytoplasm:Cytoplasm:Mitochondrion:Sarcoplasmic reticulum:Membrane",1
"Secreted, extracellular space, extracellular matrix:Nucleus:Cytoplasm",1
"Secreted, extracellular space, extracellular matrix:Membrane:Nucleus",1
Cell membrane:Cell projection:Nucleus:Cytoplasm,1
"Nucleus, nucleolus:Cytoplasm:Nucleus membrane",1
"Nucleus, nucleolus:Endoplasmic reticulum",1
"Secreted, extracellular space, extracellular matrix:Endoplasmic reticulum",1
"Nucleus, nucleolus:Membrane",1
"Nucleus, nucleolus:Midbody",1
Bud tip:Bud neck:Mitochondrion outer membrane,1
"Nucleus, nucleolus:Mitochondrion inner membrane",1
"Bud tip:Nucleus, nucleolus",1
"Secreted, extracellular space, extracellular matrix:Cytoplasm:Cytoplasm:Cytoplasm",1
"Nucleus, nucleolus:Mitochondrion:Cytoplasm, cytoskeleton, spindle",1
"Cell membrane:Cell projection:Endomembrane system:Endosome membrane:Endosome, multivesicular body lumen:Endosome, multivesicular body membrane:Late endosome membrane:Lysosome membrane:Membrane",1
"Cell membrane:Cell projection:Cytoplasmic vesicle membrane:Early endosome membrane:Recycling endosome membrane:Synapse, synaptosome:Perikaryon:Cell projection, dendrite:Cell projection, dendritic spine:Synapse:Postsynaptic density membrane",1
"Nucleus, nucleolus:Nucleus speckle:Cytoplasm",1
"Nucleus, nucleolus:Nucleus:Cytoplasm, cytosol",1
"Nucleus, nucleolus:Nucleus:Mitochondrion",1
"Secreted, cell wall:Endoplasmic reticulum:Cell junction, plasmodesma:Plastid, chloroplast",1
"Secreted, cell wall:Secreted, extracellular space, apoplast:Vacuole",1
"Nucleus, nucleoplasm:Cytoplasm:Nucleus, nucleolus",1
"Secreted, extracellular exosome:Secreted:Cell membrane:Cytoplasm:Endomembrane system",1
"Nucleus, nucleoplasm:Cytoplasm:Nucleus:Microsome",1
"Secreted, cell wall:Vacuole",1
"Cell membrane:Cell projection, phagocytic cup:Apical cell membrane:Cytoplasmic granule membrane",1
"Nucleus, nucleoplasm:Nucleus envelope:Chromosome:Nucleus, nuclear pore complex:Nucleus membrane",1
"Nucleus, nucleoplasm:Nucleus envelope:Cytoplasm, cell cortex:Cytoplasm, cytoskeleton, spindle",1
"Nucleus, nucleoplasm:Nucleus inner membrane",1
"Secreted, cell wall:Secreted:Cytoplasm:Peroxisome",1
"Secreted, cell wall:Secreted, extracellular space, apoplast:Endoplasmic reticulum",1
"Secreted, extracellular space, apoplast:Secreted, extracellular space, apoplast:Secreted, extracellular space, apoplast",1
"Nucleus, nucleoplasm:Nucleus speckle:Cytoplasm:Nucleus, nuclear pore complex:Nucleus envelope:Cytoplasm, Stress granule",1
"Cell inner membrane:Secreted, cell wall:Secreted:Cell surface",1
Cell junction,1
"Secreted, cell wall:Secreted, extracellular space",1
"Nucleus, nucleoplasm:Nucleus speckle:Nucleus matrix:Nucleus:Mitochondrion",1
"Nucleus, nucleoplasm:Nucleus speckle:Nucleus, nuclear pore complex:Nucleus envelope:Cytoplasm:Cytoplasm, Stress granule",1
"Cell junction, adherens junction:Apical cell membrane",1
"Nucleus, nucleoplasm:Nucleus, Cajal body:Cytoplasm",1
"Secreted, cell wall:Golgi apparatus membrane",1
Cell inner membrane:Secreted,1
"Nucleus, nucleoplasm:Cytoplasm:Nucleus membrane:Nucleus",1
Cell inner membrane:Periplasm:Secreted,1
"Nucleus, nucleoplasm:Cytoplasm:Nucleus envelope",1
"Nucleus, nucleolus:Peroxisome",1
"Cell membrane:Cell projection, ruffle membrane:Cell junction:Secreted, extracellular space",1
"Cell membrane:Cell projection, ruffle membrane:Cell junction",1
"Nucleus, nucleoplasm:Chromosome, telomere",1
"Cell membrane:Cell projection, rhabdomere membrane",1
"Nucleus, nucleoplasm:Chromosome:Chromosome, centromere, kinetochore",1
"Nucleus, nucleoplasm:Chromosome:Cytoplasm, cytoskeleton, spindle",1
"Nucleus, nucleoplasm:Chromosome:Cytoplasm:Nucleus, nucleolus",1
"Nucleus, nucleoplasm:Chromosome:Nucleus",1
"Nucleus, nucleoplasm:Chromosome:Nucleus envelope",1
"Cell membrane:Cell projection, pseudopodium:Cytoplasmic vesicle:Membrane, clathrin-coated pit:Nucleus:Vesicle",1
"Secreted, extracellular space, apoplast:Secreted",1
"Secreted, extracellular space, apoplast:Endoplasmic reticulum:Cell junction, plasmodesma",1
"Cell membrane:Cell projection, pseudopodium membrane:Membrane:Vesicle",1
"Nucleus, nucleoplasm:Cytoplasm, cytoskeleton",1
"Secreted, extracellular space, apoplast:Cytoplasm",1
"Nucleus, nucleoplasm:Cytoplasm, cytoskeleton, spindle",1
"Nucleus, nucleoplasm:Cytoplasm, cytoskeleton, spindle:Cytoplasm, cytoskeleton, phragmoplast",1
"Nucleus, nucleoplasm:Cytoplasm:Nucleus",1
"Protein storage vacuole:Golgi apparatus, Golgi stack:Golgi apparatus, trans-Golgi network:Prevacuolar compartment",1
"Cell membrane:Cell projection, dendrite:Perikaryon:Golgi apparatus:Cytoplasmic vesicle, secretory vesicle",1
"Cell junction, tight junction:Cell membrane:Cell junction, tight junction:Cell membrane",1
"Nucleus:Cytoplasm, cytoskeleton:Nucleus envelope",1
"Nucleus:Cytoplasm, cytoskeleton:Cytoplasm, cell cortex",1
"Plastid, chromoplast",1
"Nucleus:Cytoplasm, cytoskeleton:Cytoplasm, cell cortex:Cell projection, cilium, flagellum",1
"Nucleus:Cytoplasm, cytoskeleton:Cytoplasm, cytoskeleton, microtubule organizing center, centrosome:Cell junction, focal adhesion:Cell projection, podosome",1
"Nucleus:Cytoplasm, cytoskeleton:Cytoplasm, cytoskeleton, microtubule organizing center, centrosome:Cell projection, podosome:Cell junction, focal adhesion",1
"Nucleus:Cytoplasm, cytoskeleton:Cytoplasm, cytoskeleton, microtubule organizing center, centrosome:Chromosome",1
"Nucleus:Cytoplasm, cytoskeleton:Cytoplasm, cytoskeleton, microtubule organizing center, centrosome:Nucleus, nucleolus:Nucleus, nucleoplasm:Cytoplasm, cytoskeleton, spindle:Cytoplasm, cytoskeleton, spindle pole:Midbody:Cell projection, axon:Cell projection, growth cone",1
"Nucleus:Cytoplasm, cytoskeleton:Cytoplasm, cytoskeleton, spindle:Cytoplasm, cytoskeleton, phragmoplast",1
"Plastid, chloroplast:Thylakoid",1
"Plastid, chloroplast:Plastid, chromoplast:Plastid, etioplast:Plastid, amyloplast",1
"Plastid:Plastid, chloroplast membrane",1
"Cell junction, plasmodesma:Cytoplasm, cytoskeleton, phragmoplast:Endosome:Endoplasmic reticulum",1
"Cell junction, plasmodesma:Endoplasmic reticulum membrane",1
"Plastid, chloroplast:Plastid, chloroplast thylakoid:Nucleus:Nucleus, nucleoplasm",1
"Nucleus:Cytoplasm, cytosol:Cell membrane:Cytoplasm, cytoskeleton:Membrane:Cell junction, adherens junction:Cell junction, focal adhesion",1
"Plastid, chloroplast:Plastid, chloroplast thylakoid membrane",1
"Nucleus:Cytoplasm, cytosol:Cell projection, cilium:Cytoplasm, cytoskeleton, cilium basal body:Cytoplasm",1
"Plastid, chloroplast:Plastid, chloroplast stroma, chloroplast nucleoid:Nucleus",1
"Plastid, chloroplast:Plastid, chloroplast stroma, chloroplast nucleoid",1
"Cell junction, plasmodesma:Endosome",1
"Cell junction, paranodal septate junction",1
"Nucleus:Cytoplasm, cytoskeleton, stress fiber:Cell junction, focal adhesion:Cell projection, ruffle membrane:Synapse:Cell projection",1
"Nucleus:Chromosome:Chromosome, centromere:Cytoplasm, cytosol:Nucleus",1
"Cell junction, hemidesmosome:Cytoplasm, cytoskeleton:Cell membrane",1
"Cell membrane:Cell projection, axon:Membrane:Perikaryon:Cell projection, dendrite:Cell junction:Synapse:Cytoplasmic vesicle:Endoplasmic reticulum:Presynaptic cell membrane:Presynapse",1
"Cell membrane:Cell projection, axon:Membrane:Mitochondrion outer membrane:Presynapse:Synapse",1
"Nucleus:Cytoplasm, cytoskeleton, spindle pole:Chromosome, centromere, kinetochore",1
Postsynaptic cell membrane:Cell membrane:Cytoplasmic vesicle,1
Postsynaptic cell membrane:Cell membrane:Cytoplasm:Cytoplasm,1
"Nucleus:Cytoplasm, cytoskeleton, spindle:Chromosome, centromere",1
"Cell membrane:Cell projection, axon:Membrane",1
"Cell junction, hemidesmosome",1
"Cell junction, hemidesmosome:Cell junction, adherens junction",1
"Cell membrane:Cell projection, axon:Cytoplasmic vesicle:Membrane, caveola:Cell projection, dendrite:Presynapse",1
"Nucleus:Cytoplasm, cytoskeleton, spindle:Nucleus, nucleolus",1
"Cell junction, hemidesmosome:Membrane:Secreted, extracellular space, extracellular matrix, basement membrane",1
"Nucleus:Cytoplasm, cytoskeleton, spindle:Chromosome, telomere",1
"Nucleus:Cytoplasm, cytoskeleton, spindle:Chromosome:Cell membrane:Cytoplasm, cytoskeleton, phragmoplast",1
Postsynapse:Presynapse:Synapse,1
"Nucleus:Cytoplasm, cytoskeleton, spindle:Cytoplasm, cytoskeleton, microtubule organizing center, centrosome",1
"Cell membrane:Cell projection, axon:Cytoplasm:Postsynaptic cell membrane:Cytoplasm, cell cortex:Cell projection, phagocytic cup:Cytoplasmic vesicle, phagosome",1
"Nucleus:Cytoplasm, cytoskeleton, spindle:Cytoplasm, cytoskeleton:Chromosome, centromere, kinetochore",1
"Cell junction, hemidesmosome:Membrane:Secreted, extracellular space, extracellular matrix, basement membrane:Secreted, extracellular space, extracellular matrix, basement membrane",1
"Nucleus:Cytoplasm, cytoskeleton, spindle:Midbody",1
"Plastid, chloroplast:Plastid, chloroplast outer membrane",1
"Nucleus:Cytoplasm, cytosol:Cytoplasm, perinuclear region:Cytoplasm, cytoskeleton, microtubule organizing center, centrosome:Nucleus:Cytoplasm",1
"Plastid, chloroplast:Plastid, chloroplast membrane:Plastid, chloroplast stroma",1
"Nucleus:Cytoplasm:Cell junction, adherens junction:Cell membrane:Cytoplasm, cytoskeleton",1
"Nucleus:Cytoplasm, perinuclear region:Cytoplasm:Cytoplasm, cytoskeleton:Cytoplasm, cytoskeleton, microtubule organizing center, centrosome:Cytoplasm, cytoskeleton, microtubule organizing center, centrosome, centriole:Cytoplasm, cytoskeleton, spindle:Midbody:Chromosome:Perikaryon:Cell projection:Cell projection, growth cone:Myelin membrane",1
"Plastid, chloroplast:Cytoplasm:Endoplasmic reticulum",1
"Nucleus:Cytoplasm, perinuclear region:Cytoplasm:Cytoplasm, cytoskeleton:Cytoplasm, cytoskeleton, microtubule organizing center, centrosome:Cytoplasm, cytoskeleton, microtubule organizing center, centrosome, centriole:Cytoplasm, cytoskeleton, spindle:Midbody:Chromosome:Perikaryon:Cell projection:Cell projection, growth cone:Myelin membrane:Cytoplasm:Nucleus:Cytoplasm:Nucleus:Cytoplasm:Nucleus",1
"Plastid, chloroplast:Cytoplasm, perinuclear region",1
"Nucleus:Cytoplasm, perinuclear region:Endoplasmic reticulum-Golgi intermediate compartment:Cytoplasm",1
Cell membrane:Cell membrane:Secreted:Secreted:Secreted:Cell membrane:Cell membrane,1
Cell membrane:Cell membrane:Secreted:Secreted:Secreted,1
"Nucleus:Cytoplasm:Cell junction, adherens junction:Cell membrane",1
"Cell junction, tight junction:Cell membrane:Cell junction, tight junction",1
Cell membrane:Cell membrane:Secreted:Secreted:Late endosome:Lysosome,1
"Plastid, chloroplast:Plastid, amyloplast:Cytoplasm, cytosol",1
"Plastid, chloroplast:Cell membrane:Nucleus",1
Cell membrane:Cell membrane:Secreted:Cell membrane:Secreted:Secreted:Cell membrane,1
Cell membrane:Cell membrane:Secreted:Cell membrane:Cell membrane:Secreted:Secreted:Secreted,1
"Plastid, chloroplast, plastoglobule:Plastid, chloroplast:Cytoplasm",1
Cell membrane:Cell membrane:Secreted:Cell membrane,1
Nucleus:Cytoplasm:Cell membrane:Cytoplasm:Cell membrane:Cell junction,1
"Plastid, chloroplast, plastoglobule:Plastid, chloroplast thylakoid",1
"Plastid, chloroplast, plastoglobule:Plastid, chloroplast membrane",1
"Plastid, chloroplast, plastoglobule:Membrane:Plastid, chloroplast thylakoid membrane",1
"Nucleus:Cytoplasm, perinuclear region:Cytoplasm, cytosol",1
"Cell membrane:Cell membrane:Synapse, synaptosome:Cytoplasmic vesicle membrane",1
"Nucleus:Cytoplasm, perinuclear region:Chromosome:Cytoplasm",1
"Plastid, chloroplast:Cytoplasm:Nucleus:Golgi apparatus:Cytoplasm:Nucleus:Endoplasmic reticulum",1
"Cell junction, septate junction",1
"Cell junction, septate junction:Apicolateral cell membrane",1
"Nucleus:Cytoplasm, cytosol:Cytoplasm:Cytoplasmic granule:Mitochondrion",1
"Nucleus:Cytoplasm, cytosol:Cytoplasm:Preautophagosomal structure:Lysosome",1
"Cell membrane:Cell projection, axon:Cell projection, dendrite:Perikaryon:Synapse:Cell membrane:Cell projection, axon",1
"Plastid, chloroplast:Nucleus membrane:Cytoplasm",1
"Cell membrane:Cell projection, axon:Cell projection, dendrite:Perikaryon:Cell projection, cilium",1
"Nucleus:Cytoplasm, cytosol:Lysosome membrane",1
"Cell junction, tight junction:Apical cell membrane:Cytoplasm, perinuclear region:Cytoplasm:Cytoplasm, perinuclear region",1
"Nucleus:Cytoplasm, cytosol:Lysosome membrane:Nucleus",1
"Cell membrane:Cell projection, axon:Cell projection, dendrite:Endosome:Membrane:Perikaryon",1
"Cell membrane:Cell projection, axon:Cell projection, dendrite:Cell projection, growth cone:Synapse",1
"Nucleus:Cytoplasm, cytosol:Mitochondrion matrix",1
"Plastid, chloroplast:Mitochondrion:Cell membrane",1
Cell membrane:Cell projection,1
"Nucleus:Cytoplasm, myofibril, sarcomere, Z line",1
"Cell junction, tight junction:Basolateral cell membrane",1
"Plastid, chloroplast:Glyoxysome",1
"Plastid, chloroplast:Cytoplasmic granule",1
"Cell junction, focal adhesion:Cytoplasm:Nucleus:Cytoplasm, perinuclear region:Cell projection, podosome:Cell membrane",1
"Nucleus:Cytoplasm, cytoskeleton, phragmoplast:Cell membrane",1
"Postsynaptic cell membrane:Cell membrane:Synapse:Perikaryon:Cell projection, dendrite:Cytoplasm",1
"Cell membrane:Cell projection, cilium:Membrane",1
Nucleus:Chromosome:Cytoplasm:Golgi apparatus:Cell membrane,1
"Cell membrane:Cell projection, dendrite:Cell projection, cilium:Perikaryon",1
Nucleus:Chromosome:Cytoplasm:Secreted:Cell membrane:Endosome:Endoplasmic reticulum-Golgi intermediate compartment:Endoplasmic reticulum,1
"Cell membrane:Cell projection, dendrite:Cell projection, axon:Perikaryon:Cell membrane:Cell projection, dendrite:Cell projection, axon:Perikaryon",1
Prevacuolar compartment membrane:Endosome membrane,1
"Cell membrane:Cell projection, dendrite:Cell membrane:Synapse:Cell projection, dendrite:Secreted:Cytoplasm",1
"Nucleus:Chromosome:Nucleus envelope:Nucleus, nuclear pore complex:Cytoplasm, cytoskeleton, spindle pole:Cytoplasm, cytoskeleton, microtubule organizing center, centrosome",1
Nucleus:Chromosome:Nucleus lamina,1
"Cell membrane:Cell projection, cilium:Perikaryon:Cell projection, dendrite",1
Prevacuolar compartment membrane,1
"Cell junction, desmosome:Cytoplasm, cytoskeleton, spindle:Midbody:Cell membrane",1
"Nucleus:Chromosome:Nucleus, nuclear body",1
"Cell membrane:Cell projection, cilium:Golgi apparatus:Cytoplasm",1
"Cell membrane:Cell projection, cilium:Endoplasmic reticulum:Golgi apparatus:Vesicle:Secreted, extracellular exosome",1
"Nucleus:Chromosome:Nucleus, nucleoplasm",1
Presynaptic cell membrane:Postsynaptic cell membrane:Cell membrane:Endosome membrane:Endoplasmic reticulum membrane:Golgi apparatus membrane,1
"Cell junction, desmosome:Cytoplasm, cytoskeleton, spindle:Cytoplasm, cytoskeleton, spindle pole:Midbody:Cell membrane",1
Presynaptic cell membrane:Early endosome:Lipid droplet,1
"Nucleus:Chromosome:Nucleus:Chromosome:Nucleus:Cytoplasm:Nucleus, nucleolus",1
"Cell membrane:Cell projection, cilium:Cytoplasm, cytoskeleton, cilium basal body:Cytoplasm, cytoskeleton, microtubule organizing center, centrosome, centriole:Cytoplasmic vesicle, phagosome membrane:Endosome membrane:Golgi apparatus:Membrane:Midbody:Recycling endosome membrane",1
"Nucleus:Chromosome:Cytoplasm:Cytoplasmic vesicle, secretory vesicle:Secreted:Nucleus",1
Prevacuolar compartment membrane:Golgi apparatus membrane:Cell membrane:Protein storage vacuole membrane,1
Nucleus:Chromosome:Cytoplasm:Cytoplasm:Cytoplasm,1
Prevacuolar compartment membrane:Vacuole membrane,1
"Cell membrane:Cell projection, dendrite:Perikaryon:Cell projection, axon:Membrane raft",1
"Nucleus:Chromosome:Chromosome, telomere:Cytoplasm",1
Protein storage vacuole membrane:Golgi apparatus membrane,1
"Cell junction, desmosome",1
"Cell membrane:Cell projection, dendrite:Membrane:Perikaryon",1
Prospore membrane:Endoplasmic reticulum,1
"Nucleus:Chromosome:Cytoplasm, cytoskeleton",1
"Cell membrane:Cell projection, dendrite:Membrane raft:Membrane, coated pit:Cytoplasmic vesicle, clathrin-coated vesicle membrane:Membrane, caveola:Basolateral cell membrane:Apical cell membrane:Synapse:Cell projection, dendrite:Cell projection, axon:Presynaptic cell membrane:Postsynaptic density",1
"Cell membrane:Cell projection, dendrite:Membrane",1
"Prospore membrane:Cytoplasm, cytoskeleton, spindle pole",1
"Prospore membrane:Cytoplasm, cytoskeleton, microtubule organizing center, spindle pole body:Cytoplasm, cytoskeleton, spindle pole",1
"Nucleus:Chromosome:Cytoplasm, cytoskeleton, spindle pole",1
"Prospore membrane:Cytoplasm, cytoskeleton, microtubule organizing center, spindle pole body",1
Prospore membrane:Bud neck,1
"Nucleus:Chromosome:Cytoplasm:Chromosome, centromere, kinetochore:Cytoplasm, cytoskeleton, spindle pole:Nucleus, nucleolus:Cytoplasm, perinuclear region:Cytoplasm",1
"Cell junction, desmosome:Cell membrane:Membrane:Nucleus",1
"Prevacuolar compartment:Golgi apparatus, trans-Golgi network:Protein storage vacuole",1
"Nucleus:Chromosome:Cytoplasm:Cytoplasm, cell cortex:Cytoplasm, cytoskeleton, microtubule organizing center, centrosome:Cytoplasm, cytoskeleton, spindle:Midbody",1
Prevacuolar compartment:Endosome:Endosome membrane,1
"Presynaptic cell membrane:Cell projection, axon:Perikaryon:Mitochondrion membrane",1
"Presynaptic cell membrane:Cell projection, axon:Cytoplasmic vesicle, secretory vesicle, synaptic vesicle",1
"Cell membrane:Cell projection, axon:Nucleus",1
"Cell junction, focal adhesion:Cytoplasm, cytoskeleton:Endosome membrane",1
"Nucleus:Cytoplasm, cytoskeleton, microtubule organizing center, centrosome:Cytoplasm, cytoskeleton, spindle pole:Cytoplasm, cytoskeleton, spindle:Cell projection, kinocilium:Cell projection, stereocilium",1
"Cell junction, focal adhesion:Cytoplasm, cytoskeleton, stress fiber:Cytoplasm:Cytoplasm",1
Postsynaptic cell membrane:Synapse:Cell membrane,1
Postsynaptic cell membrane:Synapse,1
"Nucleus:Cytoplasm, cytoskeleton, microtubule organizing center, centrosome:Cytoplasm, cytoskeleton, spindle:Cell projection, kinocilium:Cytoplasm, cytoskeleton, spindle pole:Cell projection, stereocilium",1
"Nucleus:Cytoplasm, cytoskeleton, microtubule organizing center, centrosome:Cytoplasm, cytoskeleton, spindle:Cytoplasm, cytoskeleton, spindle pole:Midbody",1
"Postsynaptic cell membrane:Endoplasmic reticulum:Synapse:Cell membrane:Recycling endosome:Cell projection, dendrite:Perikaryon",1
"Cell membrane:Cell projection, axon:Perikaryon:Cell projection, dendrite:Endosome:Cytoplasm",1
"Postsynaptic cell membrane:Endoplasmic reticulum membrane:Golgi apparatus membrane:Cell projection, neuron projection:Vesicle:Nucleus",1
"Nucleus:Cytoplasm, cytoskeleton, microtubule organizing center, centrosome:Cytoplasm:Chromosome",1
"Presynaptic cell membrane:Cell projection, axon",1
"Nucleus:Cytoplasm, cytoskeleton, microtubule organizing center, centrosome:Midbody:Cell projection, stereocilium:Cell projection, stereocilium",1
"Postsynaptic cell membrane:Cytoplasm, cytoskeleton",1
"Nucleus:Cytoplasm, cytoskeleton, microtubule organizing center, centrosome:Nucleus, nucleolus:Nucleus, nucleoplasm:Cytoplasm, cytoskeleton, spindle:Cytoplasm, cytoskeleton, spindle pole:Midbody:Cell projection, axon:Cell projection, growth cone",1
"Postsynaptic cell membrane:Cell projection, dendritic spine:Synapse:Cell projection, dendritic spine:Cell membrane",1
"Nucleus:Cytoplasm, cytoskeleton, microtubule organizing center, spindle pole body:Barrier septum:Chromosome",1
"Nucleus:Cytoplasm, cytoskeleton, microtubule organizing center, spindle pole body:Cytoplasm",1
"Nucleus:Cytoplasm, cytoskeleton, microtubule organizing center, spindle pole body:Cytoplasm, cytoskeleton",1
"Nucleus:Cytoplasm, cytoskeleton, microtubule organizing center, spindle pole body:Cytoplasm, cytoskeleton, spindle:Cytoplasm, cytoskeleton",1
"Nucleus:Cytoplasm, cytoskeleton, microtubule organizing center, spindle pole body:Nucleus, nuclear pore complex",1
"Nucleus:Cytoplasm, cytoskeleton, microtubule organizing center, centrosome:Cytoplasm, cytoskeleton, spindle pole:Cytoplasm, cytoskeleton, spindle:Cell projection, kinocilium",1
"Cell junction, focal adhesion:Cytoplasm",1
"Postsynaptic density:Presynapse:Postsynapse:Cytoplasm, cytosol:Postsynaptic density:Presynapse:Postsynapse:Cytoplasm, cytosol",1
"Cell junction, focal adhesion:Cell membrane:Cytoplasm, myofibril, sarcomere:Cell projection, lamellipodium",1
Presynaptic active zone,1
"Cell membrane:Cell projection, cilium membrane:Cytoplasmic vesicle membrane:Membrane",1
Presynapse,1
"Cell junction, desmosome:Nucleus:Nucleus",1
"Nucleus:Cytoplasm, cell cortex:Cytoplasm, cytoskeleton",1
"Preautophagosomal structure:Cytoplasmic vesicle, autophagosome:Cytoplasmic vesicle, autophagosome membrane:Lysosome lumen:Mitochondrion:Cytoplasm:Cytoplasmic vesicle, phagosome membrane:Cell membrane:Cell projection, dendrite:Perikaryon",1
"Cell membrane:Cell projection, cilium membrane:Cell projection, cilium:Cell projection, axon:Cell projection, dendrite:Perikaryon:Endoplasmic reticulum membrane",1
"Cell membrane:Cell projection, bleb:Cell projection, lamellipodium:Cell projection, ruffle:Cytoplasm, cytoskeleton, microtubule organizing center, centrosome, centriole:Golgi apparatus membrane:Membrane",1
"Cell junction, focal adhesion:Cell junction, adherens junction:Nucleus:Cytoplasm, cytosol:Cell membrane",1
"Nucleus:Cytoplasm, cytoskeleton, flagellum axoneme:Cytoplasm, cytoskeleton, cilium axoneme",1
"Cell membrane:Cell projection, axon:Synapse:Cell projection, dendrite:Cell projection, growth cone",1
"Nucleus:Cytoplasm, cytoskeleton, microtubule organizing center, centrosome, centriole",1
"Cell junction, focal adhesion:Cell junction:Cytoplasm, cytoskeleton",1
"Cell membrane:Cell projection, axon:Synapse",1
Preautophagosomal structure membrane:Lipid droplet:Endoplasmic reticulum membrane:Cytoplasm,1
"Nucleus:Cytoplasm, cytoskeleton, microtubule organizing center, centrosome, centriole:Cytoplasm, cytoskeleton, spindle pole:Cytoplasm, cytoskeleton, microtubule organizing center, centrosome:Cytoplasm, cytoskeleton, spindle pole:Cytoplasm, cytoskeleton, microtubule organizing center, centrosome:Cytoplasm, cytoskeleton, spindle pole",1
Preautophagosomal structure membrane:Cytoplasmic vesicle membrane:Golgi apparatus membrane:Endoplasmic reticulum membrane:Mitochondrion membrane,1
"Nucleus:Cytoplasm, cytoskeleton, microtubule organizing center, centrosome:Chromosome, telomere",1
Preautophagosomal structure membrane:Cytoplasmic vesicle membrane,1
"Nucleus:Cytoplasm:Nucleus:Cytoplasm:Cytoplasm, cytosol:Nucleus:Cytoplasm, cytosol:Cytoplasm, Stress granule:Nucleus",1
"Cytoplasm, cytosol:Cytoplasm, perinuclear region:Golgi apparatus membrane:Endoplasmic reticulum membrane:Golgi apparatus, trans-Golgi network",1
"Cell membrane:Cytoplasmic vesicle, secretory vesicle, synaptic vesicle membrane:Membrane:Synapse, synaptosome",1
"Cytoplasm, cytoskeleton, microtubule organizing center, centrosome, centriole:Cell projection, cilium",1
"Cytoplasm:Nucleus, nucleolus:Cytoplasm, cytoskeleton, microtubule organizing center, spindle pole body",1
"Cytoplasm:Nucleus, nucleolus:Cytoplasm, cytoskeleton, spindle",1
"Cytoplasm:Nucleus, nucleolus:Cytoplasm:Nucleus",1
"Cytoplasm:Nucleus, nucleolus:Cytoplasm:Nucleus, nucleolus:Golgi apparatus, trans-Golgi network:Endoplasmic reticulum",1
"Cytoplasm:Nucleus, nucleolus:Cytoplasm:Nucleus, nucleolus:Nucleus, nucleolus:Nucleus, nucleolus",1
"Cytoplasm, cytoskeleton, microtubule organizing center, centrosome, centriole:Cytoplasm, cytoskeleton, microtubule organizing center, centrosome:Cytoplasm, cytoskeleton, cilium basal body:Cell junction:Cytoplasm",1
"Cytoplasm:Nucleus, nucleolus:Nucleus speckle:Nucleus",1
"Cytoplasm, cytoskeleton, microtubule organizing center, centrosome, centriole:Cytoplasm, cytoskeleton, microtubule organizing center, centrosome, centriolar satellite:Cytoplasm, cytoskeleton, microtubule organizing center, centrosome",1
"Cytoplasm:Nucleus, nucleolus:Spore core",1
"Cytoplasm, cytoskeleton, microtubule organizing center, centrosome, centriole:Cytoplasm, cytoskeleton, cilium basal body:Nucleus:Cytoplasm, cytoskeleton, microtubule organizing center, centrosome, centriolar satellite",1
"Cytoplasm:Nucleus, nucleoplasm:Cytoplasmic granule",1
"Cytoplasm, cytoskeleton, microtubule organizing center, centrosome, centriole:Cytoplasm, cytoskeleton, cilium basal body:Cytoplasm, cytoskeleton, cilium axoneme:Cytoplasm, cytoskeleton, microtubule organizing center, centrosome:Cytoplasm, cytoskeleton, flagellum axoneme",1
"Cytoplasm, cytoskeleton, microtubule organizing center, centrosome, centriole:Cytoplasm, cytoskeleton, cilium basal body:Cytoplasm, cytoskeleton, cilium axoneme:Cytoplasm, cytoskeleton, microtubule organizing center, centrosome",1
"Cytoplasm:Nucleus, nucleoplasm:Nucleus matrix:Microsome:Nucleus speckle:Chromosome",1
"Cytoplasm:Nucleus, nucleoplasm:Nucleus speckle",1
"Cytoplasm:Nucleus, nucleoplasm:Nucleus speckle:Nucleus",1
"Cytoplasm, cytoskeleton, microtubule organizing center, centrosome, centriole:Cytoplasm, cytoskeleton, cilium basal body:Cytoplasm",1
"Cytoplasm, cytoskeleton, microtubule organizing center, centrosome, centriole:Cytoplasm, cytoskeleton, cilium basal body:Cell projection, cilium:Cytoplasm, cytoskeleton, microtubule organizing center, centrosome:Cytoplasm:Cell projection, cilium, flagellum:Cytoplasm, cytoskeleton",1
"Cytoplasm:Nucleus, nucleoplasm:Nucleus, PML body:Nucleus, nucleolus:Chromosome, centromere:Nucleus:Nucleus",1
"Cytoplasm:Nucleus, nucleoplasm:Nucleus:Chromosome",1
Cytoplasm:Nucleus:Apical cell membrane,1
Cytoplasm:Nucleus:Apical cell membrane:Basal cell membrane:Lateral cell membrane,1
Cytoplasm:Nucleus:Bud tip:Bud neck,1
"Cytoplasm, cytoskeleton, microtubule organizing center, centrosome, centriole:Cell projection, cilium:Cytoplasm, cytoskeleton, cilium basal body:Cytoplasm, cytoskeleton, microtubule organizing center, centrosome:Cytoplasm:Cell projection, cilium, flagellum:Cytoplasm, cytoskeleton",1
"Cytoplasm, cytoskeleton, microtubule organizing center, centrosome, centriole:Cell projection, cilium membrane:Cytoplasm:Cytoplasm, cytoskeleton, microtubule organizing center, centrosome, centriolar satellite:Cell projection, cilium",1
"Cytoplasm:Nucleus:Cell membrane:Cell junction:Cell junction, adherens junction",1
"Cytoplasm:Nucleus:Cell membrane:Cell projection, microvillus",1
"Cytoplasm:Nucleus, nucleolus:Cytoplasm, Stress granule:Cytoplasm:Nucleus, nucleolus:Cytoplasm, Stress granule:Cytoplasm:Nucleus, nucleolus:Cytoplasm, Stress granule",1
"Cytoplasm:Nucleus, nucleolus:Cytoplasm, Stress granule",1
"Cytoplasm:Nucleus, nucleolus:Cytoplasm, P-body:Cytoplasm, Stress granule",1
"Cytoplasm:Nucleus membrane:Cytoplasm, cytoskeleton, microtubule organizing center, spindle pole body",1
Cytoplasm:Mitochondrion:Nucleus:Chromosome,1
Cytoplasm:Mitochondrion:Nucleus:Microsome:Endoplasmic reticulum:Secreted,1
Cytoplasm:Mitochondrion:Nucleus:Nucleus:Cytoplasm,1
"Cytoplasm, cytoskeleton, microtubule organizing center, centrosome:Cell junction, hemidesmosome:Cell junction, adherens junction",1
"Cytoplasm, cytoskeleton, microtubule organizing center, centrosome, centriole:Golgi apparatus",1
"Cytoplasm:Nucleus envelope:Cytoplasm, cytoskeleton, microtubule organizing center, spindle pole body:Nucleus, nuclear pore complex",1
Cytoplasm:Nucleus envelope:Nucleus,1
Cytoplasm:Nucleus envelope:Nucleus envelope,1
"Cytoplasm:Nucleus envelope:Nucleus membrane:Cytoplasm, cytoskeleton, spindle:Cytoplasm, cytoskeleton, phragmoplast",1
"Cytoplasm:Nucleus envelope:Nucleus, nuclear pore complex",1
"Cytoplasm, cytoskeleton, microtubule organizing center, centrosome, centriole:Cytoplasmic vesicle, secretory vesicle, acrosome",1
Cytoplasm:Nucleus lamina:Cell membrane,1
"Cytoplasm:Nucleus membrane:Cytoplasm, cytoskeleton, spindle:Cytoplasm, cytoskeleton, phragmoplast",1
"Cytoplasm, cytoskeleton, microtubule organizing center, centrosome, centriole:Cytoplasm, cytoskeleton, microtubule organizing center, centrosome:Golgi apparatus, trans-Golgi network",1
"Cytoplasm:Nucleus membrane:Endomembrane system:Cytoplasm, perinuclear region",1
Cytoplasm:Nucleus membrane:Endoplasmic reticulum membrane,1
"Cytoplasm:Nucleus membrane:Endoplasmic reticulum membrane:Golgi apparatus, Golgi stack membrane:Parasitophorous vacuole membrane",1
"Cytoplasm:Nucleus membrane:Nucleus, nuclear pore complex",1
"Cytoplasm:Nucleus membrane:Nucleus, nucleolus",1
Cytoplasm:Nucleus speckle:Endoplasmic reticulum,1
"Cytoplasm:Nucleus speckle:Nucleus, nucleoplasm",1
"Cytoplasm:Nucleus, nuclear pore complex:Cytoplasm, perinuclear region",1
"Cytoplasm:Nucleus, nuclear pore complex:Nucleus",1
"Cytoplasm, cytoskeleton, microtubule organizing center, centrosome, centriole:Cytoplasm, cytoskeleton, spindle pole",1
"Cytoplasm:Nucleus, nuclear pore complex:Nucleus membrane:Nucleus membrane",1
"Cytoplasm:Nucleus, nucleolus:Cell membrane:Lysosome membrane",1
"Cytoplasm:Nucleus:Cell membrane:Cytoplasm, myofibril, sarcomere, M line:Cell junction:Cell junction, focal adhesion",1
Cytoplasm:Nucleus:Cell membrane:Cytoplasm:Nucleus:Mitochondrion:Cytoplasm:Nucleus:Mitochondrion,1
"Cytoplasm, cytoskeleton, microtubule organizing center, centrosome:Cell projection, cilium membrane:Cytoplasm:Cytoplasm, cytoskeleton, microtubule organizing center, centrosome, centriolar satellite",1
Cytoplasm:Nucleus:Cell membrane:Cytoplasm:Nucleus:Mitochondrion:Cytoplasm:Nucleus:Mitochondrion:Cytoplasm:Nucleus,1
Cytoplasm:Nucleus:Chromosome:Nucleus matrix:Cytoplasm:Nucleus:Cytoplasm:Nucleus,1
"Cytoplasm, cytoskeleton, cilium basal body:Cytoplasm, cytoskeleton, microtubule organizing center, centrosome:Cytoplasm:Nucleus:Mitochondrion intermembrane space",1
"Cytoplasm:Nucleus:Cytoplasm, P-body:Chromosome, centromere, kinetochore:Cytoplasm, Stress granule",1
"Cytoplasm:Nucleus:Cytoplasm, P-body:Cytoplasmic granule",1
"Cytoplasm:Nucleus:Cytoplasm, P-body:Cytoplasmic granule:Synapse:Membrane:Postsynaptic density:Cell projection, dendrite",1
"Cytoplasm, cytoskeleton, cilium basal body:Cytoplasm, cytoskeleton, microtubule organizing center, centrosome:Cell junction, tight junction:Nucleus",1
"Cytoplasm:Nucleus:Cytoplasm, U-body:Nucleus, gem:Nucleus, Cajal body:Cytoplasm, myofibril, sarcomere, I band:Cytoplasm, myofibril, sarcomere, Z line",1
"Cytoplasm:Nucleus:Cytoplasm, cell cortex:Cell membrane",1
"Cytoplasm:Nucleus:Cytoplasm, cell cortex:Cell projection, stereocilium membrane:Cytoplasmic vesicle:Cell projection, ruffle membrane",1
"Cytoplasm:Nucleus:Cytoplasm, cell cortex:Cell projection, stereocilium membrane:Cytoplasmic vesicle:Cell projection, ruffle membrane:Nucleus, nucleolus:Nucleus, nucleoplasm",1
"Cytoplasm:Nucleus:Cytoplasm, cell cortex:Cell projection, stereocilium membrane:Cytoplasmic vesicle:Cell projection, ruffle membrane:Nucleus, nucleoplasm:Nucleus, nucleolus",1
"Cytoplasm, cytoskeleton, cilium basal body:Cytoplasm, cytoskeleton, microtubule organizing center, centrosome:Cell junction, tight junction",1
"Cytoplasm, cytoskeleton, cilium basal body:Cytoplasm, cytoskeleton, microtubule organizing center, centrosome, centriole:Mitochondrion inner membrane:Nucleus",1
"Cytoplasm:Nucleus:Cytoplasm, cytoskeleton, flagellum axoneme",1
"Cytoplasm, cytoskeleton, cilium basal body:Cytoplasm, cytoskeleton, microtubule organizing center, centrosome, centriole:Cytoplasm, cytosol",1
"Cytoplasm:Nucleus:Cytoplasm, cytoskeleton, microtubule organizing center, centrosome:Cytoplasm, cell cortex:Synapse:Cell projection, axon",1
"Cytoplasm:Nucleus:Cytoplasm, cytoskeleton, microtubule organizing center, centrosome:Cytoplasm, cytoskeleton, spindle pole",1
"Cytoplasm, cytoskeleton, cilium basal body:Cytoplasm, cytoskeleton, microtubule organizing center, centrosome, centriole:Cytoplasm, cytoskeleton, spindle pole",1
"Cytoplasm, cytoskeleton, cilium basal body:Cytoplasm, cytoskeleton, microtubule organizing center, centrosome, centriole:Cytoplasm, cytoskeleton, cilium axoneme",1
"Cytoplasm:Nucleus:Cytoplasm, cytoskeleton, microtubule organizing center, centrosome:Midbody:Chromosome",1
"Cytoplasm:Nucleus:Cytoplasm, cytoskeleton, microtubule organizing center, centrosome:Midbody:Membrane:Cytoplasm",1
"Cytoplasm:Nucleus:Cytoplasm, cytoskeleton, microtubule organizing center, centrosome:Nucleus:Nucleus, nucleolus",1
"Cytoplasm:Nucleus:Cytoplasm, cytoskeleton, microtubule organizing center, spindle pole body:Bud neck:Chromosome, centromere",1
"Cytoplasm:Nucleus:Cytoplasm, cytoskeleton, microtubule organizing center, spindle pole body:Chromosome, telomere",1
"Cytoplasm:Nucleus:Cytoplasm, cytoskeleton, spindle pole:Nucleus envelope",1
"Cytoplasm:Nucleus:Cytoplasm, cytoskeleton, spindle:Chromosome:Cytoplasm, cytoskeleton, microtubule organizing center, centrosome",1
"Cytoplasm:Nucleus:Cytoplasm, cytoskeleton, spindle:Cytoplasm, cytoskeleton, microtubule organizing center:Cytoplasm, perinuclear region",1
"Cytoplasm:Nucleus:Chromosome:Midbody:Cytoplasm, cytoskeleton, spindle",1
Cytoplasm:Nucleus:Chromosome:Golgi apparatus,1
Cytoplasm:Nucleus:Chromosome:Cytoplasm:Cytoplasm:Nucleus,1
"Cytoplasm:Nucleus:Cell projection, lamellipodium",1
"Cytoplasm, cytoskeleton, flagellum basal body:Cell projection, cilium, flagellum",1
Cytoplasm:Nucleus:Cell membrane:Mitochondrion:Cytoplasm:Nucleus:Mitochondrion:Cytoplasm:Nucleus:Mitochondrion,1
Cytoplasm:Nucleus:Cell membrane:Nucleus,1
"Cytoplasm, cytoskeleton, flagellum basal body",1
"Cytoplasm:Nucleus:Cell membrane:Perikaryon:Cell projection, lamellipodium:Cell projection, growth cone:Nucleus:Postsynaptic density:Synapse",1
"Cytoplasm:Nucleus:Cell membrane:Perikaryon:Cell projection, lamellipodium:Cell projection, growth cone:Postsynaptic density:Synapse:Nucleus",1
Cytoplasm:Nucleus:Cell membrane:Vacuole,1
"Cytoplasm:Nucleus:Cell projection, cilium membrane:Cell projection, rhabdomere",1
"Cytoplasm:Nucleus:Cell projection, cilium membrane:Cytoplasm, cytoskeleton, flagellum axoneme",1
"Cytoplasm, cytoskeleton, flagellum axoneme:Golgi apparatus:Cell projection, cilium:Cytoplasm, cytoskeleton, microtubule organizing center, centrosome:Cytoplasm, cytoskeleton, cilium basal body:Cytoplasm, cytoskeleton, cilium axoneme",1
"Cytoplasm:Nucleus:Cell projection, cilium:Cytoplasm, cytoskeleton, cilium axoneme",1
"Cytoplasm:Nucleus:Cell projection, dendrite:Cytoplasm:Nucleus:Cell projection, dendrite:Cytoplasm:Nucleus:Cell projection, axon",1
"Cytoplasm:Nucleus:Cell projection, lamellipodium:Cell projection, filopodium:Cytoplasm, cytoskeleton:Cell junction, adherens junction",1
"Cytoplasm:Nucleus:Chromosome:Cytoplasm, myofibril, sarcomere, Z line:Cytoplasm, myofibril, sarcomere, M line",1
"Cytoplasm:Nucleus:Cell projection, podosome",1
"Cytoplasm:Nucleus:Cell projection, ruffle:Membrane",1
"Cytoplasm:Nucleus:Cell projection:Cytoplasm, cytoskeleton, cilium axoneme:Cytoplasm, cytoskeleton, cilium basal body:Cytoplasm, cytoskeleton, microtubule organizing center:Cytoplasm, cytoskeleton, microtubule organizing center, centrosome, centriole:Cytoplasm, cytoskeleton, microtubule organizing center, centrosome",1
Cytoplasm:Nucleus:Cell tip,1
"Cytoplasm, cytoskeleton, flagellum axoneme:Cytoplasm",1
"Cytoplasm:Nucleus:Chromosome, centromere, kinetochore:Cytoplasm, cytoskeleton, microtubule organizing center, centrosome",1
"Cytoplasm:Nucleus:Chromosome, centromere, kinetochore:Cytoplasm, cytoskeleton:Cytoplasm, cytoskeleton, spindle:Golgi apparatus:Golgi apparatus, Golgi stack",1
"Cytoplasm:Nucleus:Chromosome, centromere:Cell junction, adherens junction",1
"Cytoplasm:Nucleus:Chromosome, centromere:Chromosome, telomere",1
"Cytoplasm:Nucleus:Chromosome, telomere:Chromosome, centromere",1
"Cytoplasm:Nucleus:Chromosome, telomere:Cytoplasm, P-body:Cytoplasm, Stress granule",1
"Cytoplasm, cytoskeleton, cilium basal body:Membrane:Mitochondrion outer membrane",1
"Cytoplasm:Mitochondrion:Nucleus, nucleolus",1
"Cytoplasm, cytoskeleton, microtubule organizing center, centrosome:Cell projection, cilium membrane:Cytoplasm:Cytoplasm, cytoskeleton, microtubule organizing center, centrosome, centriolar satellite:Cell projection, cilium",1
"Cytoplasm:Nucleus:Cytoplasm, cytoskeleton:Cytoplasm, cytoskeleton:Nucleus",1
"Cytoplasm, cytoskeleton, microtubule organizing center, centrosome:Cytoplasm, cytosol:Cytoplasmic vesicle, secretory vesicle, synaptic vesicle membrane:Membrane:Mitochondrion matrix:Nucleus membrane",1
"Cytoplasm:Golgi apparatus, Golgi stack membrane:Vacuole membrane:Preautophagosomal structure membrane",1
"Cytoplasm:Golgi apparatus, Golgi stack:Golgi apparatus, Golgi stack membrane:Endoplasmic reticulum:Endoplasmic reticulum membrane",1
"Cytoplasm:Golgi apparatus, cis-Golgi network",1
"Cytoplasm, cytoskeleton, microtubule organizing center, centrosome:Cytoplasmic vesicle membrane:Nucleus:Cell membrane:Mitochondrion:Cell junction",1
"Cytoplasm, cytoskeleton, microtubule organizing center, centrosome:Cytoplasm:Secreted:Nucleus:Cytoplasm, cytoskeleton, microtubule organizing center, centrosome:Cytoplasm, cytoskeleton, microtubule organizing center, centrosome, centriolar satellite:Secreted:Secreted",1
"Cytoplasm:Golgi apparatus, trans-Golgi network membrane:Cytoplasmic vesicle, clathrin-coated vesicle membrane",1
"Cytoplasm:Golgi apparatus, trans-Golgi network membrane:Endosome membrane:Endoplasmic reticulum membrane:Mitochondrion membrane:Cytoplasmic vesicle, autophagosome:Mitochondrion:Nucleus:Cytoplasm:Mitochondrion",1
"Cytoplasm:Golgi apparatus, trans-Golgi network membrane:Endosome membrane:Endoplasmic reticulum membrane:Mitochondrion membrane:Endosome:Cytoplasmic vesicle, autophagosome",1
"Cytoplasm:Golgi apparatus, trans-Golgi network membrane:Membrane",1
"Cytoplasm:Golgi apparatus, trans-Golgi network:Cytoplasm, cytoskeleton",1
"Cytoplasm:Golgi apparatus, trans-Golgi network:Prevacuolar compartment",1
"Cytoplasm:Golgi apparatus:Cell membrane:Early endosome:Late endosome:Endoplasmic reticulum:Cell projection, phagocytic cup",1
"Cytoplasm:Golgi apparatus:Cell membrane:Endoplasmic reticulum:Early endosome membrane:Late endosome membrane:Cell projection, phagocytic cup:Endoplasmic reticulum:Early endosome membrane:Late endosome membrane",1
"Cytoplasm, cytoskeleton, microtubule organizing center, centrosome:Cytoplasm:Nucleus",1
"Cytoplasm:Golgi apparatus:Cytoplasmic vesicle, phagosome:Cytoplasmic vesicle, phagosome membrane:Cell projection, cilium:Cytoplasm, cytoskeleton, microtubule organizing center, centrosome:Cytoplasm, cytoskeleton, microtubule organizing center, centrosome, centriole",1
"Cytoplasm, cytoskeleton, microtubule organizing center, centrosome:Cytoplasm:Membrane:Golgi apparatus membrane:Presynaptic cell membrane:Cell projection, podosome",1
Cytoplasm:Golgi apparatus:Lysosome,1
Cytoplasm:Golgi apparatus:Nucleus,1
"Cytoplasm:Host cytoplasmic vesicle, host phagosome",1
Cytoplasm:Inflammasome:Cell membrane:Nucleus membrane:Cytoplasm:Cell membrane,1
Cytoplasm:Inflammasome:Cytoplasm:Inflammasome:Cell membrane:Nucleus membrane:Cytoplasm:Cell membrane,1
Cytoplasm:Inflammasome:Endoplasmic reticulum:Mitochondrion:Nucleus,1
Cytoplasm:Inflammasome:Endoplasmic reticulum:Mitochondrion:Nucleus:Golgi apparatus membrane,1
Cytoplasm:Late endosome membrane,1
"Cytoplasm:Late endosome membrane:Lysosome membrane:Early endosome:Cytoplasmic vesicle, autophagosome:Cytoplasmic vesicle, clathrin-coated vesicle",1
"Cytoplasm:Late endosome:Endosome, multivesicular body",1
"Cytoplasm, cytoskeleton, microtubule organizing center, centrosome:Cytoplasm:Cytoplasm, cytoskeleton, microtubule organizing center, centrosome, centriolar satellite:Nucleus:Cytoplasm, cytoskeleton, microtubule organizing center, centrosome, centriole:Cell projection, cilium:Cytoplasm, cytoskeleton, cilium basal body:Cytoplasmic vesicle",1
"Cytoplasm, cytoskeleton, microtubule organizing center, centrosome:Endoplasmic reticulum-Golgi intermediate compartment:Golgi apparatus, cis-Golgi network:Cytoplasm:Cytoplasm:Cytoplasm:Cytoplasm, cytoskeleton, microtubule organizing center, centrosome:Nucleus",1
"Cytoplasm:Golgi apparatus, Golgi stack",1
"Cytoplasm, cytoskeleton, microtubule organizing center, centrosome:Golgi apparatus:Cytoplasm:Cytoplasm, cytoskeleton",1
"Cytoplasm, cytoskeleton, microtubule organizing center, spindle pole body:Bud neck:Nucleus",1
Cytoplasm:Endosome membrane:Endomembrane system,1
"Cytoplasm, cytoskeleton, microtubule organizing center, spindle pole body:Cytoplasm, cytoskeleton, microtubule organizing center",1
Cytoplasm:Endosome membrane:Nucleus envelope,1
"Cytoplasm:Endosome membrane:Nucleus, nucleoplasm",1
Cytoplasm:Endosome membrane:Nucleus:Cell membrane:Synapse,1
"Cytoplasm:Endosome membrane:Nucleus:Endosome, multivesicular body",1
Cytoplasm:Endosome membrane:Preautophagosomal structure membrane,1
"Cytoplasm, cytoskeleton, microtubule organizing center, spindle pole body:Chromosome, telomere",1
"Cytoplasm:Endosome membrane:Prevacuolar compartment membrane:Golgi apparatus, trans-Golgi network membrane:Late endosome membrane",1
"Cytoplasm:Endosome, multivesicular body",1
"Cytoplasm, cytoskeleton, microtubule organizing center, spindle pole body:Chromosome, centromere, kinetochore",1
Cytoplasm:Endosome:Cell membrane,1
"Cytoplasm, cytoskeleton, microtubule organizing center, centrosome:Nucleus:Cytoplasm:Mitochondrion matrix",1
"Cytoplasm, cytoskeleton, microtubule organizing center, centrosome:Membrane",1
Cytoplasm:Forespore membrane,1
"Cytoplasm, cytoskeleton, microtubule organizing center, centrosome:Nucleus:Cytoplasm, cytosol:Cell membrane",1
"Cytoplasm:Golgi apparatus membrane:Cytoplasmic vesicle, COPI-coated vesicle membrane:Cell membrane:Endoplasmic reticulum-Golgi intermediate compartment:Microsome membrane",1
"Cytoplasm:Golgi apparatus membrane:Cytoplasmic vesicle, COPI-coated vesicle membrane:Endoplasmic reticulum",1
"Cytoplasm:Golgi apparatus membrane:Cytoplasmic vesicle, COPI-coated vesicle membrane:Endosome",1
"Cytoplasm:Golgi apparatus membrane:Cytoplasmic vesicle, clathrin-coated vesicle membrane",1
Cytoplasm:Golgi apparatus membrane:Endosome membrane,1
"Cytoplasm, cytoskeleton, microtubule organizing center, centrosome:Midbody:Endosome membrane:Golgi apparatus membrane",1
"Cytoplasm:Golgi apparatus membrane:Golgi apparatus, trans-Golgi network membrane:Endosome membrane",1
"Cytoplasm, cytoskeleton, microtubule organizing center, centrosome:Midbody:Cytoplasm:Nucleus:Chromosome:Chromosome, centromere, kinetochore",1
Cytoplasm:Golgi apparatus membrane:Mitochondrion outer membrane,1
Cytoplasm:Golgi apparatus membrane:Nucleus,1
Cytoplasm:Late endosome:Nucleus:Cell membrane,1
Cytoplasm:Lysosome:Cytoplasmic granule,1
Cytoplasm:Mitochondrion:Endoplasmic reticulum,1
"Cytoplasm, cytoskeleton, microtubule organizing center, centrosome:Cytoplasm, cytoskeleton:Chromosome, centromere, kinetochore",1
"Cytoplasm, cytoskeleton, microtubule organizing center, centrosome:Cytoplasm, cytoskeleton, microtubule organizing center, centrosome, centriole:Cytoplasm, cytoskeleton, spindle pole",1
"Cytoplasm, cytoskeleton, microtubule organizing center, centrosome:Cytoplasm, cytoskeleton, microtubule organizing center, centrosome, centriole:Cytoplasm, cytoskeleton, microtubule organizing center, centrosome, centriolar satellite:Cytoplasm, cytoskeleton, cilium basal body:Cytoplasm, cytoskeleton, microtubule organizing center, centrosome, centriolar satellite:Cytoplasm, cytoskeleton, microtubule organizing center, centrosome, centriolar satellite:Cytoplasm, cytoskeleton, microtubule organizing center, centrosome, centriole",1
"Cytoplasm, cytoskeleton, microtubule organizing center, centrosome:Cytoplasm, cytoskeleton, microtubule organizing center, centrosome, centriole:Cytoplasm, cytoskeleton, microtubule organizing center, centrosome, centriolar satellite:Cytoplasm, cytoskeleton, cilium basal body",1
Cytoplasm:Membrane:Nucleus:Cell membrane,1
Cytoplasm:Membrane:Nucleus:Late endosome membrane,1
"Cytoplasm, cytoskeleton, microtubule organizing center, centrosome:Cytoplasm, cytoskeleton, microtubule organizing center, centrosome, centriolar satellite:Nucleus:Cytoplasm, cytoskeleton, cilium basal body",1
Cytoplasm:Membrane:Vacuole membrane,1
"Cytoplasm:Membrane:Vacuole:Cytoplasmic vesicle, clathrin-coated vesicle",1
"Cytoplasm, cytoskeleton, microtubule organizing center, centrosome:Cytoplasm, cytoskeleton, microtubule organizing center, centrosome, centriolar satellite:Nucleus:Cell projection, cilium:Cytoplasm, cytoskeleton, cilium basal body:Cytoplasm, cytoskeleton, microtubule organizing center, centrosome, centriole:Cytoplasmic vesicle",1
Cytoplasm:Microsome membrane:Endoplasmic reticulum membrane,1
Cytoplasm:Microsome:Endoplasmic reticulum,1
"Cytoplasm:Microsome:Endoplasmic reticulum:Nucleus:Nucleus, nucleoplasm:Nucleus, nucleoplasm:Nucleus, nucleoplasm",1
Cytoplasm:Microsome:Endosome,1
Cytoplasm:Microsome:Nucleus,1
"Cytoplasm, cytoskeleton, microtubule organizing center, centrosome:Cytoplasm, cytoskeleton, cilium basal body:Cytoplasm, cytoskeleton, microtubule organizing center, centrosome, centriole",1
Cytoplasm:Mitochondrion inner membrane:Mitochondrion intermembrane space,1
"Cytoplasm:Mitochondrion intermembrane space:Cytoplasm, cytoskeleton, microtubule organizing center, centrosome:Nucleus:Cytoplasm, cytoskeleton, cilium basal body",1
Cytoplasm:Mitochondrion intermembrane space:Peroxisome matrix,1
Cytoplasm:Mitochondrion matrix:Mitochondrion inner membrane:Mitochondrion outer membrane:Cell membrane,1
"Cytoplasm:Mitochondrion matrix:Plastid, apicoplast:Nucleus",1
Cytoplasm:Mitochondrion membrane:Mitochondrion outer membrane:Mitochondrion membrane:Mitochondrion membrane:Cytoplasm:Cytoplasm:Mitochondrion membrane,1
Cytoplasm:Mitochondrion outer membrane:Mitochondrion intermembrane space,1
Cytoplasm:Mitochondrion outer membrane:Nucleus,1
"Cytoplasm:Mitochondrion:Cytoplasm, cytoskeleton, cilium axoneme",1
"Cytoplasm:Mitochondrion:Cytoplasm, perinuclear region:Golgi apparatus",1
Cytoplasm:Mitochondrion:Cytoplasm:Mitochondrion:Cell membrane,1
Cytoplasm:Mitochondrion:Cytoplasm:Nucleus,1
Cytoplasm:Membrane:Membrane:Mitochondrion outer membrane,1
Cytoplasm:Membrane:Membrane,1
Cytoplasm:Membrane:Lysosome membrane:Golgi apparatus membrane,1
"Cytoplasm:Membrane:Cytoplasm, cytoskeleton, phragmoplast",1
"Cytoplasm, cytoskeleton, microtubule organizing center, centrosome:Cytoplasm, cytoskeleton, stress fiber:Cytoplasm, myofibril, sarcomere:Nucleus",1
"Cytoplasm, cytoskeleton, microtubule organizing center, centrosome:Cytoplasm, cytoskeleton, spindle:Nucleus:Cytoplasm, cytoskeleton, microtubule organizing center, centrosome, centriole:Cytoplasm, cytoskeleton, cilium basal body",1
Cytoplasm:Melanosome:Nucleus:Secreted:Cell membrane:Dynein axonemal particle:Cell surface,1
Cytoplasm:Melanosome:Vacuole membrane,1
"Cytoplasm, cytoskeleton, microtubule organizing center, centrosome:Cytoplasm, cytoskeleton, spindle:Cytoplasm, cytosol:Lysosome:Nucleus",1
"Cytoplasm, cytoskeleton, microtubule organizing center, centrosome:Cytoplasm, cytoskeleton, spindle:Cytoplasm, cytoskeleton, microtubule organizing center:Cytoplasm, perinuclear region",1
Cytoplasm:Membrane raft:Mitochondrion,1
Cytoplasm:Membrane:Apical cell membrane,1
"Cytoplasm, cytoskeleton, microtubule organizing center, centrosome:Cytoplasm, cytoskeleton, spindle pole:Nucleus",1
"Cytoplasm, cytoskeleton, microtubule organizing center, centrosome:Cytoplasm, cytoskeleton, spindle pole:Cytoplasm, cytoskeleton, spindle",1
"Cytoplasm:Membrane:Cell projection, podosome:Cytoplasm, cell cortex",1
"Cytoplasm, cytoskeleton, microtubule organizing center, centrosome:Cytoplasm, cytoskeleton, spindle pole:Chromosome, centromere",1
"Cytoplasm:Membrane:Cytoplasm, cytoskeleton:Cytoplasm, cytoskeleton, microtubule organizing center, centrosome:Apical cell membrane",1
Cytoplasm:Membrane:Golgi apparatus:Synapse,1
"Cytoplasm:Membrane:Cytoplasm, cytoskeleton:Cytoplasm, myofibril, sarcomere, Z line",1
"Cytoplasm, cytoskeleton, microtubule organizing center, centrosome:Cytoplasm, cytoskeleton, microtubule organizing center:Cytoplasm, perinuclear region:Cytoplasm",1
"Cytoplasm:Membrane:Cytoplasm:Cell membrane:Nucleus, nucleoplasm:Nucleus membrane:Cytoplasm:Cell membrane",1
"Cytoplasm, cytoskeleton, microtubule organizing center, centrosome:Cytoplasm, cytoskeleton, microtubule organizing center:Cytoplasm, cytoskeleton, cilium basal body:Cytoplasm, cytoskeleton, cilium axoneme:Cytoplasm:Cell projection, dendrite",1
Cytoplasm:Membrane:Endomembrane system:Nucleus,1
Cytoplasm:Membrane:Endoplasmic reticulum:Endoplasmic reticulum membrane:Cytoplasm,1
Cytoplasm:Membrane:Endoplasmic reticulum:Secreted,1
"Cytoplasm, cytoskeleton, microtubule organizing center, centrosome:Cytoplasm, cytoskeleton, microtubule organizing center:Cytoplasm, cytoskeleton, cilium axoneme:Cytoplasm, cytoskeleton, cilium basal body:Cytoplasm:Cell projection, dendrite",1
Cytoplasm:Membrane:Golgi apparatus,1
"Cytoplasm:Membrane:Golgi apparatus, Golgi stack membrane",1
"Cytoplasm, cytoskeleton, microtubule organizing center, centrosome:Cytoplasm, cytoskeleton, microtubule organizing center, centrosome, centriole:Nucleus:Nucleus envelope:Nucleus, nuclear pore complex",1
"Cytoplasm, cytoskeleton, microtubule organizing center, centrosome:Cytoplasm, cytoskeleton, microtubule organizing center, centrosome, centriole:Nucleus envelope:Nucleus, nuclear pore complex:Nucleus",1
"Cytoplasm, cytoskeleton, cilium basal body:Cytoplasm, cytoskeleton, cilium axoneme:Cytoplasm, cytoskeleton, flagellum axoneme:Apical cell membrane",1
"Cytoplasm:Nucleus:Cytoplasm, myofibril, sarcomere",1
Cytoplasm:Endosome membrane:Cytoplasmic vesicle,1
"Cytoplasmic vesicle membrane:Cytoplasm, cytoskeleton:Nucleus:Cell projection, dendrite",1
Cytoplasm:Secreted:Host cell surface,1
Cytoplasm:Secreted:Lipid droplet,1
"Cytoplasm, P-body:Nucleus:Cytoplasm:Cytoplasm, Cytoplasmic ribonucleoprotein granule:Cytoplasm, Stress granule",1
"Cytoplasm:Secreted:Secreted, cell wall:Cell surface",1
"Cytoplasm, P-body:Nucleus:Cytoplasm",1
"Cytoplasm:Synapse:Cell junction, focal adhesion:Cell projection, lamellipodium:Cytoplasm, cytoskeleton, microtubule organizing center, centrosome:Cytoplasm, cytoskeleton, spindle pole",1
"Cytoplasm:Synapse:Cytoplasmic vesicle, secretory vesicle, synaptic vesicle",1
"Cytoplasm, P-body:Cytoplasm:Nucleus:Nucleus, PML body:Nucleus speckle",1
"Cytoplasm:Synapse:Postsynaptic density:Cell projection, dendritic spine",1
"Cytoplasm:Synapse:Postsynaptic density:Cell projection, dendritic spine:Cell projection, dendrite",1
"Cytoplasm:Target cell, target cell cytoplasm",1
Cytoplasm:Vacuole lumen,1
"Cytoplasm, P-body:Cytoplasm:Cytoplasm:Nucleus",1
"Cytoplasm, P-body:Cytoplasm, cytoskeleton, microtubule organizing center, centrosome, centriolar satellite",1
"Cytoplasm, P-body:Cytoplasm, Stress granule:Nucleus",1
Cytoplasmic granule:Cytoplasm,1
Cytoplasmic granule:Golgi apparatus membrane,1
Cytoplasmic granule:Lysosome,1
"Cytoplasmic granule:Nucleus membrane:Nucleus, nuclear pore complex:Nucleus envelope:Chromosome",1
Cytoplasmic granule:Nucleus speckle,1
"Cytoplasmic granule:Nucleus, nucleolus",1
Cytoplasmic granule:Peroxisome,1
Cytoplasmic granule:Secreted:Cell membrane:Membrane raft,1
"Cytoplasm, P-body:Cytoplasm, Cytoplasmic ribonucleoprotein granule:Cytoplasm, Stress granule:Nucleus:Cytoplasm",1
"Cytoplasm, Cytoplasmic ribonucleoprotein granule:Postsynapse:Synapse",1
Cytoplasmic vesicle membrane:Apical cell membrane:Cytoplasmic vesicle membrane,1
"Cytoplasm, Cytoplasmic ribonucleoprotein granule:Cytoplasm:Perikaryon:Cell projection, neuron projection:Synapse:Cytoplasm, Stress granule",1
Cytoplasm:Secreted:Host cell membrane,1
"Cytoplasm, Stress granule:Cytoplasm",1
Cytoplasm:Secreted:Cytoplasmic granule,1
"Cytoplasm, cell cortex:Cell projection, filopodium:Cytoplasm, cytoskeleton",1
Cytoplasm:Peroxisome membrane:Endoplasmic reticulum membrane,1
Cytoplasm:Peroxisome:Endoplasmic reticulum:Mitochondrion:Peroxisome,1
"Cytoplasm, cell cortex:Chromosome, centromere, kinetochore:Cytoplasm, cytoskeleton, spindle",1
Cytoplasm:Plastid membrane,1
"Cytoplasm, cell cortex:Chromosome, centromere, kinetochore",1
"Cytoplasm:Plastid, chloroplast outer membrane:Peroxisome:Cytoplasm, cytosol",1
"Cytoplasm:Plastid, chloroplast stroma",1
"Cytoplasm, cell cortex:Cell tip:Cell septum",1
"Cytoplasm:Postsynaptic density:Basolateral cell membrane:Cell junction, tight junction",1
"Cytoplasm:Postsynaptic density:Cell projection, axon:Cell projection, dendrite:Golgi apparatus",1
"Cytoplasm, cell cortex:Cell projection, ruffle membrane:Cytoplasm:Nucleus:Cytoplasm:Nucleus:Cytoplasm:Nucleus",1
"Cytoplasm, cell cortex:Cell projection, ruffle membrane:Cytoplasm:Nucleus",1
"Cytoplasm, cell cortex:Cell projection, filopodium:Cell junction, focal adhesion:Cytoplasm, cytoskeleton",1
"Cytoplasm:Secreted, extracellular space, extracellular matrix:Vacuole",1
Cytoplasm:Preautophagosomal structure membrane:Vacuole membrane,1
"Cytoplasm:Presynapse:Postsynapse:Postsynaptic density:Cell junction, focal adhesion:Cell projection, lamellipodium:Cytoplasm, cytoskeleton, microtubule organizing center, centrosome:Cytoplasm, cytoskeleton, spindle pole",1
"Cytoplasm:Presynaptic active zone:Cytoplasm, cytoskeleton:Cytoplasmic vesicle, secretory vesicle, synaptic vesicle membrane",1
"Cytoplasm:Prevacuolar compartment membrane:Late endosome:Endosome, multivesicular body:Nucleus",1
Cytoplasm:Recycling endosome membrane:Basolateral cell membrane:Apical cell membrane:Cell membrane,1
"Cytoplasm, cell cortex:Cell membrane:Cytoplasm:Cell projection, growth cone",1
"Cytoplasm, cell cortex:Cell membrane:Cell junction:Cytoplasm",1
"Cytoplasm, cell cortex:Cell junction",1
"Cytoplasm:Secreted, capsule:Cell surface:Extracellular vesicle, bacterial extracellular vesicle",1
"Cytoplasm, cell cortex:Apicolateral cell membrane",1
"Cytoplasm:Secreted, cell wall:Host cell membrane",1
"Cytoplasm:Secreted, cell wall:Spore wall",1
"Cytoplasm, Cytoplasmic ribonucleoprotein granule:Cytoplasm:Nucleus, nuclear body",1
"Cytoplasmic vesicle membrane:Cytoplasmic vesicle, COPI-coated vesicle membrane:Golgi apparatus membrane",1
Cytoplasm:Periplasm:Cell surface,1
"Cytoplasm, Cytoplasmic ribonucleoprotein granule:Cytoplasm, cytosol:Cell projection, dendrite:Cell projection, lamellipodium:Cytoplasm, cytosol",1
"Cytoplasmic vesicle, COPI-coated vesicle membrane:Endoplasmic reticulum membrane:Golgi apparatus membrane:Membrane",1
"Chromosome:Nucleus:Cytoplasm, cytoskeleton, spindle pole",1
"Cytoplasmic vesicle, COPI-coated vesicle:Golgi apparatus:Secreted",1
"Cytoplasmic vesicle, COPII-coated vesicle membrane:Cytoplasm:Endoplasmic reticulum membrane:Golgi apparatus membrane",1
"Cytoplasmic vesicle, COPII-coated vesicle membrane:Cytoplasmic vesicle, secretory vesicle membrane:Golgi apparatus, Golgi stack membrane:Golgi apparatus, trans-Golgi network membrane:Membrane",1
"Chromosome:Nucleus, nucleoplasm:Nucleus membrane:Nucleus, nuclear pore complex:Nucleus:Nucleus, nuclear pore complex:Nucleus, nuclear pore complex",1
"Cytoplasmic vesicle, COPII-coated vesicle membrane:Endoplasmic reticulum membrane:Golgi apparatus membrane:Cytoplasm, cytosol",1
"Chromosome:Cytoplasm:Nucleus:Chromosome, centromere, kinetochore:Cytoplasm, cytoskeleton, spindle:Cytoplasm, cytoskeleton, microtubule organizing center",1
"Cytoplasmic vesicle, COPII-coated vesicle membrane:Endoplasmic reticulum membrane:Nucleus, nuclear pore complex:Vacuole membrane",1
"Cytoplasmic vesicle, COPII-coated vesicle membrane:Golgi apparatus membrane:Membrane",1
"Chromosome:Cytoplasm, cytoskeleton:Midbody",1
"Chromosome:Cytoplasm, cytoskeleton, spindle:Midbody",1
"Chromosome:Cytoplasm, cytoskeleton, microtubule organizing center, centrosome:Nucleus speckle:Nucleus, nucleoplasm:Nucleus speckle:Cytoplasm:Cell membrane",1
"Chromosome:Cytoplasm, cytoskeleton, microtubule organizing center, centrosome:Nucleus speckle",1
"Chromosome:Cytoplasm, cytoskeleton, microtubule organizing center, centrosome:Mitochondrion:Nucleus",1
"Cytoplasmic vesicle, autophagosome membrane:Late endosome membrane:Golgi apparatus membrane",1
"Chromosome:Cytoplasm, cytoskeleton, cilium basal body",1
"Cytoplasmic vesicle, autophagosome membrane:Membrane",1
"Chromosome:Chromosome, centromere:Nucleus",1
"Cytoplasmic vesicle, autophagosome:Cytoplasm:Cell membrane",1
"Chromosome, telomere:Nucleus:Cytoplasm",1
"Chromosome, telomere:Nucleus, PML body",1
"Cytoplasmic vesicle, autophagosome:Nucleus",1
"Chromosome, telomere:Membrane:Nucleus",1
"Chromosome, centromere:Nucleus:Chromosome",1
"Chromosome, centromere:Cytoplasm:Nucleus, PML body:Nucleus, nucleolus:Nucleus, nucleoplasm",1
"Chromosome, centromere:Cytoplasm, cytoskeleton, spindle:Nucleus:Cleavage furrow",1
"Cytoplasmic vesicle, COPI-coated vesicle membrane:Endoplasmic reticulum membrane",1
"Cytoplasmic vesicle, COPI-coated vesicle membrane:Early endosome:Endosome:Golgi apparatus, trans-Golgi network membrane:Membrane",1
"Chromosome:Nucleus:Nucleus, nucleolus",1
"Cytoplasmic vesicle membrane:Golgi apparatus membrane:Golgi apparatus, trans-Golgi network membrane:Endosome membrane:Recycling endosome membrane:Cytoplasmic vesicle, phagosome membrane:Cytoplasm, cytoskeleton, cilium basal body:Endoplasmic reticulum membrane:Cytoplasm, perinuclear region:Lysosome",1
"Cytoplasmic vesicle membrane:Cytoplasmic vesicle, phagosome membrane:Secreted",1
"Cytoplasmic vesicle membrane:Cytoplasmic vesicle, secretory vesicle membrane:Cytoplasmic vesicle, secretory vesicle, synaptic vesicle membrane",1
"Cytoplasmic vesicle membrane:Cytoplasmic vesicle, secretory vesicle, synaptic vesicle membrane:Lipid droplet",1
Cytoplasmic vesicle membrane:Early endosome membrane:Endosome membrane:Lysosome membrane:Membrane,1
"Cytoplasm, Cytoplasmic ribonucleoprotein granule:Cytoplasm, Stress granule:Nucleus:Nucleus, nucleolus:Chromosome, centromere:Chromosome:Cytoplasm:Cytoplasm, perinuclear region:Perikaryon:Cell projection, neuron projection:Cell projection, axon:Cell projection, dendrite:Cell projection, dendritic spine:Synapse, synaptosome:Cell projection, filopodium:Cell projection, growth cone:Cell projection, filopodium tip:Synapse:Postsynaptic cell membrane:Presynaptic cell membrane:Cell membrane:Nucleus:Nucleus, nucleoplasm",1
Cytoplasmic vesicle membrane:Early endosome:Endosome:Membrane,1
"Cytoplasm, Cytoplasmic ribonucleoprotein granule:Cytoplasm, Stress granule:Cytoplasm:Perikaryon:Cytoplasm, perinuclear region:Cell projection, neuron projection:Cell projection, axon:Cell projection, dendrite:Cell projection, dendritic spine:Synapse, synaptosome:Cell projection, growth cone:Cell projection, filopodium tip:Synapse:Postsynaptic cell membrane:Presynaptic cell membrane:Nucleus:Nucleus, nucleolus:Chromosome, centromere:Chromosome:Cell membrane:Cytoplasm:Cytoplasm, perinuclear region:Cytoplasm:Nucleus:Nucleus, Cajal body:Nucleus:Nucleus, Cajal body",1
Cytoplasmic vesicle membrane:Endosome membrane,1
Cytoplasmic vesicle membrane:Endosome membrane:Contractile vacuole membrane,1
Cytoplasmic vesicle membrane:Endosome membrane:Vacuole membrane:Lysosome membrane,1
Cytoplasmic vesicle membrane:Golgi apparatus membrane,1
"Cytoplasmic vesicle membrane:Golgi apparatus membrane:Cytoplasm, cytosol",1
"Cytoplasmic vesicle membrane:Golgi apparatus, trans-Golgi network membrane:Endosome membrane:Recycling endosome membrane:Cytoplasmic vesicle, phagosome membrane:Cell projection, cilium:Endoplasmic reticulum membrane:Cytoplasm, perinuclear region:Lysosome",1
"Chromosome:Nucleus:Nucleus, nucleolus:Cytoplasm, cytosol",1
"Cytoplasmic vesicle membrane:Golgi apparatus, trans-Golgi network membrane:Endosome membrane:Recycling endosome membrane:Cytoplasmic vesicle, phagosome membrane:Cytoplasm, cytoskeleton, cilium basal body:Endoplasmic reticulum membrane:Cytoplasm, perinuclear region:Lysosome",1
Contractile vacuole:Membrane,1
"Cytoplasmic vesicle membrane:Late endosome membrane:Early endosome membrane:Golgi apparatus, trans-Golgi network membrane:Lysosome membrane",1
Contractile vacuole membrane:Endosome membrane:Golgi apparatus membrane,1
Contractile vacuole membrane:Cytoplasm,1
Contractile vacuole membrane:Cell membrane,1
Cleavage furrow:Cytoplasmic vesicle:Endosome membrane:Membrane:Midbody:Recycling endosome membrane:Vesicle,1
Cleavage furrow:Cytoplasm:Midbody:Nucleus,1
"Cleavage furrow:Cytoplasm, cytoskeleton, microtubule organizing center, centrosome",1
Cytoplasmic vesicle membrane:Membrane:Presynapse,1
"Cytoplasmic vesicle membrane:Perikaryon:Cell projection, axon:Cell projection, dendrite",1
"Cytoplasmic vesicle membrane:Perikaryon:Golgi apparatus, trans-Golgi network membrane:Recycling endosome membrane:Lysosome membrane:Cytoplasmic vesicle, phagosome:Cell projection, axon:Cell projection, dendrite:Postsynaptic density:Cytoplasmic vesicle, clathrin-coated vesicle membrane:Perikaryon",1
"Cytoplasm, cell cortex:Cytoplasm, cytoskeleton, phragmoplast",1
Cytoplasm:Perikaryon:Endoplasmic reticulum:Golgi apparatus:Nucleus envelope:Membrane:Secreted:Secreted,1
"Cytoplasm, cytoskeleton, cilium basal body:Cell projection, cilium:Apical cell membrane:Cytoplasm, cytoskeleton, cilium axoneme:Cytoplasm, cytoskeleton, flagellum axoneme",1
"Cytoplasm:Nucleus:Nucleus envelope:Nucleus, nuclear pore complex:Nucleus, nucleoplasm:Chromosome",1
Cytoplasm:Nucleus:Endosome membrane,1
Cytoplasm:Nucleus:Endosome membrane:Vacuole membrane,1
"Cytoplasm:Nucleus:Endosome, multivesicular body membrane:Prevacuolar compartment membrane",1
"Cytoplasm:Nucleus:Endosome:Cytoplasm, cytoskeleton, microtubule organizing center, centrosome:Late endosome membrane",1
Cytoplasm:Nucleus:Forespore membrane,1
"Cytoplasm:Nucleus:Golgi apparatus, trans-Golgi network membrane:Endosome membrane",1
Cytoplasm:Nucleus:Golgi apparatus:Endosome,1
Cytoplasm:Nucleus:Inflammasome,1
"Cytoplasm, cytoskeleton, cilium axoneme:Cytoplasm, cytoskeleton, cilium basal body:Cytoplasm, cytoskeleton, microtubule organizing center, centrosome, centriole",1
Cytoplasm:Nucleus:Lysosome:Cytoplasm,1
"Cytoplasm, cytoskeleton, cilium axoneme:Cell projection, cilium",1
"Cytoplasm, cytoskeleton, cilium axoneme:Cell membrane:Cytoplasm",1
"Cytoplasm, cytoskeleton, actin patch:Cytoplasm, cytoskeleton:Nucleus",1
Cytoplasm:Nucleus:Membrane:Cell junction,1
"Cytoplasm, cytoskeleton, actin patch:Cytoplasm, cytoskeleton:Cell membrane",1
"Cytoplasm, cytoskeleton, actin patch:Bud:Bud tip:Cytoplasm, cytoskeleton",1
"Cytoplasm:Nucleus:Membrane:Cell projection, ruffle",1
"Cytoplasm, cell cortex:Presynapse:Cytoplasm",1
"Cytoplasm, cell cortex:Nucleus:Golgi apparatus:Cell projection, lamellipodium:Cytoplasm:Cell junction, focal adhesion:Cytoplasm, cytoskeleton:Cytoplasm, cytoskeleton, spindle pole:Cell projection, cilium:Cytoplasm, cytoskeleton, cilium basal body:Basolateral cell membrane:Cytoplasm, cytoskeleton, spindle",1
"Cytoplasm, cell cortex:Nucleus:Golgi apparatus:Cell projection, lamellipodium:Cytoplasm:Cell junction, focal adhesion:Cytoplasm, cytoskeleton:Cytoplasm, cytoskeleton, spindle pole:Cell projection, cilium:Cytoplasm, cytoskeleton, cilium basal body:Basolateral cell membrane",1
Cytoplasm:Nucleus:Mitochondrion outer membrane:Mitochondrion inner membrane,1
"Cytoplasm:Nucleus:Mitochondrion:Cytoplasm, cytoskeleton, spindle:Cytoplasm, cytoskeleton, microtubule organizing center, centrosome",1
"Cytoplasm:Nucleus:Mitochondrion:Cytoplasm, cytoskeleton, spindle:Cytoplasm, cytoskeleton, microtubule organizing center, centrosome:Nucleus:Cytoplasm:Nucleus:Cytoplasm",1
"Cytoplasm, cell cortex:Nucleus:Cytoplasm",1
Cytoplasm:Nucleus:Mitochondrion:Nucleus:Nucleus,1
Cytoplasm:Nucleus:Nucleus,1
"Cytoplasm, cell cortex:Nucleus:Chromosome, centromere, kinetochore",1
"Cytoplasm, cytoskeleton, cilium axoneme:Cytoplasm, cytoskeleton, flagellum axoneme:Cytoplasm, cytoskeleton, cilium basal body:Cytoplasm, cytoskeleton, flagellum basal body:Cell projection, axon:Cell projection, dendrite:Cytoplasm, cytoskeleton, microtubule organizing center, centrosome",1
Cytoplasm:Nucleus:Endoplasmic reticulum:Mitochondrion inner membrane:Lysosome membrane,1
Cytoplasm:Nucleus:Endoplasmic reticulum:Golgi apparatus,1
"Cytoplasm:Nucleus:Cytoplasm:Nucleus:Mitochondrion:Cytoplasm, cytoskeleton, spindle:Cytoplasm, cytoskeleton, microtubule organizing center, centrosome:Nucleus:Cytoplasm",1
"Cytoplasm, cytoskeleton, cilium basal body:Cell projection, cilium:Apical cell membrane:Cytoplasm, cytoskeleton, cilium axoneme",1
"Cytoplasm:Nucleus:Cytoplasm, perinuclear region:Cell membrane",1
"Cytoplasm:Nucleus:Cytoplasm, perinuclear region:Cell membrane:Mitochondrion:Endomembrane system",1
"Cytoplasm:Nucleus:Cytoplasm, perinuclear region:Cytoplasm, Cytoplasmic ribonucleoprotein granule",1
"Cytoplasm, cytoskeleton, cilium basal body:Cell junction, adherens junction:Cytoplasm, cytoskeleton, microtubule organizing center, centrosome, centriole",1
"Cytoplasm:Nucleus:Cytoplasm:Cytoplasm, perinuclear region:Nucleus:Cytoplasm, cytoskeleton, spindle:Cytoplasm, cytoskeleton, microtubule organizing center, centrosome",1
Cytoplasm:Nucleus:Cytoplasm:Cytoplasm:Nucleus,1
Cytoplasm:Nucleus:Cytoplasm:Cytoplasm:Nucleus:Cytoplasm:Nucleus,1
"Cytoplasm, cytoskeleton, cilium axoneme:Golgi apparatus, Golgi stack membrane:Cell projection, ruffle:Cell membrane:Cytoplasm:Nucleus",1
"Cytoplasm:Nucleus:Cytoplasm:Nucleus, nucleolus",1
"Cytoplasm:Nucleus:Cytoplasm:Nucleus:Cytoplasm, cytoskeleton, microtubule organizing center, centrosome:Cytoplasm, cytoskeleton, spindle pole",1
Cytoplasm:Nucleus:Cytoplasm:Nucleus:Cytoplasm:Nucleus,1
Cytoplasm:Nucleus:Cytoplasmic vesicle,1
"Cytoplasm:Nucleus:Endoplasmic reticulum:Cytoplasmic vesicle, autophagosome:Cell membrane",1
Cytoplasm:Nucleus:Cytoplasmic vesicle membrane,1
"Cytoplasm:Nucleus:Cytoplasmic vesicle, phagosome",1
"Cytoplasm, cytoskeleton, cilium axoneme:Cytoplasm, cytoskeleton, flagellum axoneme:Cytoplasm:Cytoplasm, cytoskeleton",1
"Cytoplasm:Nucleus:Early endosome:Cytoplasmic vesicle, autophagosome",1
"Cytoplasm:Nucleus:Early endosome:Early endosome membrane:Cell projection, ruffle membrane:Cytoplasm, cytoskeleton",1
Cytoplasm:Nucleus:Early endosome:Late endosome:Recycling endosome,1
"Cytoplasm, cytoskeleton, cilium axoneme:Cytoplasm, cytoskeleton, flagellum axoneme:Cytoplasm, cytoskeleton, microtubule organizing center, centrosome, centriole:Cytoplasm, cytoskeleton, microtubule organizing center, centrosome, centriolar satellite:Cytoplasm, cytoskeleton, spindle pole:Cytoplasm, cytoskeleton",1
Cytoplasm:Nucleus:Endomembrane system,1
"Cytoplasm, cytoskeleton, cilium axoneme:Cytoplasm, cytoskeleton, flagellum axoneme:Cytoplasm, cytoskeleton, microtubule organizing center, centrosome, centriolar satellite:Cytoplasm, cytoskeleton, spindle pole:Cytoplasm, cytoskeleton",1
Cytoplasm:Nucleus:Endoplasmic reticulum membrane:Cell membrane:Mitochondrion:Cell membrane,1
"Cytoplasm, cytoskeleton, cilium axoneme:Cytoplasm, cytoskeleton, flagellum axoneme:Cytoplasm, cytoskeleton, cilium basal body:Cytoplasm, cytoskeleton, flagellum basal body:Cell projection, axon:Cell projection, dendrite:Cytoplasm, cytoskeleton, microtubule organizing center, centrosome:Cytoplasm, cytoskeleton, microtubule organizing center, centrosome, centriolar satellite",1
Cytoplasm:Nucleus:Endoplasmic reticulum membrane:Golgi apparatus membrane,1
"Cytoplasm:Nucleus:Nucleus envelope:Nucleus matrix:Chromosome, centromere, kinetochore:Nucleus, nucleoplasm:Nucleus, nuclear pore complex",1
Cytoplasm:Nucleus:Nucleus inner membrane,1
"Cytoplasm:Perikaryon:Cell projection, dendrite:Early endosome:Cytoplasm, cell cortex:Basolateral cell membrane",1
"Cytoplasm:Nucleus:Nucleus matrix:Microsome:Cytoplasm:Nucleus matrix:Microsome:Cytoplasm:Nucleus, nucleoplasm:Nucleus speckle:Chromosome",1
"Cytoplasm:Nucleus:Nucleus:Cytoplasm:Nucleus:Nucleus, nucleolus:Nucleus:Cytoplasm:Nucleus",1
"Cytoplasm, cell cortex:Cytoplasm, cytoskeleton:Mitochondrion:Spore, perispore:Nucleus, nucleolus",1
Cytoplasm:Nucleus:Photoreceptor inner segment,1
"Cytoplasm:Nucleus:Plastid, chloroplast stroma",1
"Cytoplasm:Nucleus:Postsynaptic density:Cell projection, dendritic spine:Nucleus",1
"Cytoplasm:Nucleus:Postsynaptic density:Cell projection, dendritic spine:Nucleus:Nucleus, Cajal body",1
"Cytoplasm:Nucleus:Postsynaptic density:Cell projection, dendritic spine:Nucleus:Nucleus, Cajal body:Nucleus:Nucleus",1
"Cytoplasm, cell cortex:Cytoplasm, cytoskeleton:Cytoplasmic vesicle:Membrane:Vesicle",1
"Cytoplasm, cell cortex:Cytoplasm, cytoskeleton:Cytoplasm, cytoskeleton, stress fiber:Cytoplasm, myofibril, sarcomere, Z line:Cytoplasm, cytoskeleton, stress fiber:Cytoplasm, cytoskeleton, stress fiber:Cytoplasm, cytoskeleton",1
Cytoplasm:Nucleus:Preautophagosomal structure membrane:Vacuole membrane,1
Cytoplasm:Nucleus:Preautophagosomal structure:Mitochondrion,1
Cytoplasm:Nucleus:Presynapse,1
Cytoplasm:Nucleus:Prospore membrane,1
"Cytoplasm, cell cortex:Cytoplasm, cytoskeleton:Cytoplasm, cytoskeleton, stress fiber:Cytoplasm, myofibril, sarcomere, Z line",1
"Cytoplasm, cell cortex:Cytoplasm, cytoskeleton:Cytoplasm, cytoskeleton, spindle:Midbody:Cleavage furrow",1
"Cytoplasm:Nucleus:Secreted:Endoplasmic reticulum:Golgi apparatus:Secreted, extracellular space, extracellular matrix:Secreted:Secreted:Cell membrane",1
"Cytoplasm:Nucleus:Secreted:Endoplasmic reticulum:Golgi apparatus:Secreted, extracellular space, extracellular matrix:Secreted:Secreted:Secreted",1
Cytoplasm:Nucleus:Secreted:Secreted:Secreted,1
"Cytoplasm, cell cortex:Cytoplasm, cytoskeleton, spindle:Cytoplasm, cytoskeleton, phragmoplast:Cytoplasm, cytoskeleton",1
"Cytoplasm:Nucleus:Synapse, synaptosome",1
"Cytoplasm:Nucleus:Synapse:Cell projection, axon:Perikaryon",1
"Cytoplasm, cell cortex:Cytoplasm, cytoskeleton, spindle:Chromosome, centromere, kinetochore:Cytoplasm, cytoskeleton, microtubule organizing center, centrosome",1
Cytoplasm:Nucleus:Vesicle,1
Cytoplasm:Parasitophorous vacuole:Host cell membrane:Host cytoplasm,1
Cytoplasm:Perikaryon,1
"Cytoplasm:Perikaryon:Cell projection, dendrite:Cell projection, axon",1
"Cytoplasm:Perikaryon:Cell projection, dendrite:Cell projection, axon:Endosome",1
Cytoplasm:Nucleus:Nucleus:Cytoplasm:Nucleus,1
"Cytoplasm:Nucleus:Nucleus:Cytoplasm:Cytoplasm, cytosol:Nucleus:Cytoplasm, cytosol:Cytoplasm, Stress granule:Nucleus",1
"Cytoplasm, cell cortex:Cytoplasm, cytoskeleton:Nucleus",1
"Cytoplasm:Nucleus:Nucleus, PML body:Nucleus speckle",1
"Cytoplasm, cell cortex:Membrane:Cleavage furrow",1
"Cytoplasm, cell cortex:Membrane",1
"Cytoplasm, cell cortex:Forespore membrane",1
"Cytoplasm:Nucleus:Nucleus speckle:Nucleus, Cajal body",1
"Cytoplasm, cell cortex:Early endosome:Recycling endosome:Cytoplasmic granule",1
"Cytoplasm, cell cortex:Cytoplasm:Nucleus:Cell membrane",1
"Cytoplasm:Nucleus:Nucleus, Cajal body:Nucleus speckle",1
"Cytoplasm, cell cortex:Cytoplasm:Cytoplasmic vesicle:Lysosome:Cell membrane:Cytoplasm, cytoskeleton:Membrane, clathrin-coated pit",1
"Cytoplasm:Nucleus:Nucleus, PML body:Cell projection, dendritic spine:Postsynaptic density",1
"Cytoplasm:Nucleus:Nucleus, PML body:Cell projection, dendritic spine:Postsynaptic density:Secreted",1
"Cytoplasm:Nucleus:Nucleus, PML body:Cytoplasm:Nucleus:Nucleus:Nucleus",1
"Cytoplasm:Nucleus:Nucleus, PML body:Endoplasmic reticulum:Mitochondrion matrix:Cytoplasm, cytoskeleton, microtubule organizing center, centrosome:Nucleus:Cytoplasm:Nucleus:Cytoplasm:Nucleus:Cytoplasm:Nucleus:Cytoplasm:Nucleus:Cytoplasm:Nucleus:Cytoplasm:Cytoplasm",1
"Cytoplasm:Nucleus:Nucleus, PML body:Synapse, synaptosome:Cell projection, dendritic spine:Postsynaptic density",1
"Cytoplasm:Nucleus:Nucleus:Cytoplasm, P-body:Cytoplasm, Stress granule",1
"Cytoplasm, cell cortex:Cytoplasm:Cell junction:Cytoplasm, cytoskeleton",1
"Cytoplasm, cell cortex:Cytoplasm, perinuclear region:Cytoplasmic vesicle, clathrin-coated vesicle:Nucleus",1
"Cytoplasm, cell cortex:Cytoplasm, perinuclear region:Cytoplasmic vesicle, clathrin-coated vesicle",1
"Cytoplasm:Nucleus:Nucleus, nucleolus:Cytoplasm, cytosol:Cytoplasmic vesicle, clathrin-coated vesicle:Recycling endosome",1
"Cytoplasm, cell cortex:Cytoplasm, perinuclear region",1
"Cytoplasm:Nucleus:Nucleus, nucleolus:Nucleus speckle",1
"Cytoplasm:Nucleus:Nucleus, nucleolus:Nucleus, gem",1
"Cytoplasm, cell cortex:Cytoplasm, cytosol:Cell projection, rhabdomere",1
"Cytoplasm:Nucleus:Nucleus, nucleolus:Nucleus, nucleoplasm:Nucleus speckle:Chromosome, centromere, kinetochore:Cleavage furrow:Midbody:Mitochondrion:Cytoplasm, cytoskeleton, microtubule organizing center",1
"Cytoplasm:Nucleus:Nucleus, nucleolus:Nucleus, nucleoplasm:Nucleus, nucleolus:Nucleus, nucleolus:Nucleus",1
"Cytoplasm:Nucleus:Nucleus, nucleoplasm:Nucleus, PML body",1
"Cytoplasm:Nucleus:Nucleus, nucleoplasm:Nucleus:Nucleus:Cytoplasm:Nucleus:Nucleus, nucleoplasm",1
"Cytoplasm, cytoskeleton, microtubule organizing center, spindle pole body:Cytoplasm, cytoskeleton, microtubule organizing center, centrosome:Cytoplasm, cytoskeleton, microtubule organizing center:Cytoplasm, perinuclear region",1
"Cytoplasm, cytoskeleton, microtubule organizing center, spindle pole body:Cytoplasm, cytoskeleton, spindle",1
Mitochondrion inner membrane:Mitochondrion inner membrane:Mitochondrion inner membrane,1
"Cytoplasm, cytoskeleton:Cytoplasm, myofibril, sarcomere, Z line:Cytoplasm, myofibril, sarcomere:Cytoplasm, cytoskeleton, perinuclear theca, calyx",1
Cytoplasm:Barrier septum:Forespore membrane:Ascus epiplasm,1
"Cytoplasm:Basolateral cell membrane:Cell junction, tight junction:Postsynaptic density",1
Cytoplasm:Bud,1
"Cytoplasm, cytoskeleton:Cytoplasm:Cytoplasm, cytoskeleton, spindle:Cytoplasm, cytoskeleton, microtubule organizing center:Midbody",1
Cytoplasm:Bud neck:Cell membrane,1
Cytoplasm:Bud neck:Cell tip,1
Cytoplasm:Bud:Bud neck:Bud tip,1
"Cytoplasm:Bud:Bud neck:Cytoplasm, cell cortex",1
"Cytoplasm, cytoskeleton:Cytoplasm:Cell projection, axon:Cell projection, dendrite:Perikaryon",1
"Cytoplasm:Cell inner membrane:Cytoplasm, cytoskeleton",1
"Cytoplasm, cytoskeleton:Cytoplasm:Cell membrane:Mitochondrion:Cell junction, desmosome",1
"Cytoplasm:Cell junction, adherens junction:Cell membrane",1
"Cytoplasm, cytoskeleton:Cytoplasm:Cell membrane:Mitochondrion",1
"Cytoplasm:Cell junction, focal adhesion:Cell membrane:Cytoplasmic granule:Cell projection",1
"Cytoplasm, cytoskeleton:Cytoplasm:Cell junction, tight junction:Golgi apparatus:Cytoplasm, cytoskeleton, spindle:Cell projection, ruffle membrane:Cytoplasmic vesicle",1
"Cytoplasm:Cell junction, focal adhesion:Cytoplasm, cytoskeleton:Cell membrane",1
"Cytoplasm:Cell junction, focal adhesion:Cytoplasm, cytoskeleton:Cytoplasm, cytoskeleton, stress fiber:Cell membrane",1
"Cytoplasm, cytoskeleton:Cytoplasm:Cell junction, desmosome:Nucleus:Cytoplasm:Cell junction, desmosome:Nucleus:Cytoplasm:Cell junction, desmosome:Nucleus",1
"Cytoplasm:Cell junction, focal adhesion:Nucleus",1
"Cytoplasm, cytoskeleton:Cytoplasm, perinuclear region:Cytoplasmic vesicle, autophagosome membrane:Membrane",1
"Cytoplasm:Cell junction, plasmodesma:Cytoplasm, cytoskeleton:Endomembrane system:Cell junction",1
"Cytoplasm:Cell junction:Cell junction, adherens junction",1
"Cytoplasm:Cell junction:Cytoplasmic vesicle:Cytoplasmic vesicle, clathrin-coated vesicle:Cytoplasm, cytoskeleton",1
"Cytoplasm, cytoskeleton:Cytoplasm, perinuclear region:Cell membrane:Golgi apparatus:Postsynaptic density:Cytoplasm, cytoskeleton:Cytoplasm, cell cortex:Cell membrane",1
"Cytoplasm:Cell membrane:Apicolateral cell membrane:Cell projection, axon",1
"Cytoplasm:Cell membrane:Basolateral cell membrane:Cytoplasm, cytoskeleton:Cell junction, septate junction",1
Cytoplasm:Cell membrane:Bud neck:Bud tip,1
"Cytoplasm:Autolysosome membrane:Cytoplasmic vesicle, autophagosome membrane:Presynaptic cell membrane:Cell projection, axon",1
"Cytoplasm:Apicolateral cell membrane:Cell junction, septate junction",1
"Cytoplasm:Apical cell membrane:Endomembrane system:Cell projection, filopodium:Cell projection, ruffle:Cell projection, microvillus",1
"Cytoplasm, cytoskeleton:Cytoplasmic vesicle, secretory vesicle, synaptic vesicle membrane:Lysosome",1
"Cytoplasm, cytoskeleton:Endoplasmic reticulum membrane:Golgi apparatus membrane",1
"Cytoplasm, perinuclear region:Cytoplasm, myofibril, sarcomere, Z line:Apical cell membrane:Cell junction, focal adhesion:Cell projection, lamellipodium:Cytoplasm, cytoskeleton",1
"Cytoplasm, perinuclear region:Cytoplasm, perinuclear region:Cell projection, ruffle membrane:Cytoplasm, cytosol:Membrane:Cytoplasm, perinuclear region:Cytoplasm, cytosol:Membrane",1
"Cytoplasm, perinuclear region:Cytoplasm:Cytoplasmic granule",1
"Cytoplasm, perinuclear region:Cytoplasmic granule:Cytoplasm",1
"Cytoplasm, perinuclear region:Cytoplasmic granule:Cytoplasm:Cytoplasm, P-body",1
"Cytoplasm, perinuclear region:Cytoplasmic vesicle:Nucleus, nucleolus",1
"Cytoplasm, perinuclear region:Endomembrane system",1
"Cytoplasm, perinuclear region:Endoplasmic reticulum",1
"Cytoplasm, cytoskeleton:Endomembrane system:Cytoplasm, myofibril, sarcomere, M line:Cytoplasm, cytosol:Cell membrane:Cytoplasm:Cell membrane",1
"Cytoplasm, perinuclear region:Endoplasmic reticulum-Golgi intermediate compartment:Nucleus:Cytoplasm",1
"Cytoplasm, cytoskeleton:Cytoplasmic vesicle:Golgi apparatus membrane:Golgi apparatus membrane:Golgi apparatus membrane",1
"Cytoplasm, cytoskeleton:Cytoplasmic vesicle, clathrin-coated vesicle:Cell projection, uropodium:Endosome:Cytoplasm, cytoskeleton, microtubule organizing center, centrosome:Cytoplasm, cytoskeleton, microtubule organizing center, centrosome, centriole:Recycling endosome:Cell projection, phagocytic cup:Cytoplasmic vesicle, phagosome membrane:Cell projection, podosome:Cytoplasm:Cell junction:Postsynaptic density:Synapse, synaptosome:Midbody:Membrane, clathrin-coated pit:Cytoplasmic vesicle, clathrin-coated vesicle:Membrane, clathrin-coated pit:Cell membrane",1
"Cytoplasm, cytoskeleton:Cytoplasm:Golgi apparatus:Cell membrane:Cell projection, ruffle membrane:Cytoplasm:Golgi apparatus",1
"Cytoplasm, cytoskeleton:Cytoplasmic vesicle, clathrin-coated vesicle:Cell membrane",1
"Cytoplasm, cytoskeleton:Cytoplasmic vesicle, autophagosome membrane",1
"Cytoplasm, perinuclear region:Membrane:Synapse, synaptosome",1
"Cytoplasm, cytoskeleton:Cytoplasmic vesicle membrane:Cell junction, adherens junction:Cytoplasm, cytoskeleton, microtubule organizing center, centrosome",1
"Cytoplasm, perinuclear region:Nucleus matrix:Chromosome, centromere, kinetochore:Cytoplasm, cytoskeleton, spindle",1
"Cytoplasm, cytoskeleton:Cytoplasmic vesicle membrane",1
"Cytoplasm, perinuclear region:Nucleus:Chromosome:Chromosome, centromere",1
"Cytoplasm, perinuclear region:Nucleus:Cytoplasm:Cytoplasm, cytoskeleton, microtubule organizing center, centrosome",1
"Cytoplasm, cytoskeleton:Cytoplasm:Nucleus:Early endosome:Early endosome membrane:Cell projection, ruffle membrane",1
"Cytoplasm, cytoskeleton:Cytoplasm:Nucleus envelope",1
"Cytoplasm, perinuclear region:Nucleus:Nucleus envelope:Chromosome:Cytoplasm",1
"Cytoplasm, perinuclear region:Sarcoplasmic reticulum:Membrane",1
"Cytoplasm:Cell membrane:Cell junction, adherens junction",1
"Cytoplasm:Cell membrane:Cell junction, tight junction:Cytoplasm:Cell membrane:Nucleus",1
"Cytoplasm, cytoskeleton:Endoplasmic reticulum:Cytoplasm, cytosol:Nucleus",1
Cytoplasm:Cell membrane:Cell membrane,1
"Cytoplasm:Cell membrane:Mitochondrion membrane:Microsome membrane:Vacuole:Cytoplasmic vesicle, clathrin-coated vesicle",1
"Cytoplasm, cytoskeleton:Cytoplasm, cytoskeleton, spindle:Nucleus",1
"Cytoplasm, cytoskeleton:Cytoplasm, cytoskeleton, spindle:Cytoplasm:Membrane:Cytoplasm:Perikaryon:Cytoplasm, cell cortex:Cell projection, axon",1
"Cytoplasm, cytoskeleton:Cytoplasm, cytoskeleton, spindle:Cytoplasm:Cytoplasm, cytoskeleton, microtubule organizing center:Midbody",1
"Cytoplasm, cytoskeleton:Cytoplasm, cytoskeleton, spindle:Cytoplasm, cytoskeleton, phragmoplast:Cytoplasm, cell cortex",1
"Cytoplasm:Cell membrane:Nucleus:Cytoplasm, cytoskeleton, microtubule organizing center, centrosome:Cytoplasm:Cell membrane",1
"Cytoplasm:Cell membrane:Nucleus:Golgi apparatus, trans-Golgi network",1
"Cytoplasm, cytoskeleton:Cytoplasm, cytoskeleton, spindle:Cytoplasm, cytoskeleton, phragmoplast",1
"Cytoplasm:Cell membrane:Nucleus:Mitochondrion:Membrane:Cell projection, cilium, flagellum:Cytoplasmic vesicle, secretory vesicle, acrosome",1
"Cytoplasm, cytoskeleton:Cytoplasm, cytoskeleton, spindle:Cytoplasm, cytoskeleton, microtubule organizing center, spindle pole body",1
"Cytoplasm:Cell membrane:Presynapse:Cytoplasm, cytoskeleton:Membrane raft",1
"Cytoplasm:Cell membrane:Presynapse:Cytoplasm, cytoskeleton:Membrane raft:Mitochondrion",1
"Cytoplasm, cytoskeleton:Cytoplasm, cytoskeleton, spindle:Bud neck",1
Cytoplasm:Cell membrane:Secreted,1
"Cytoplasm:Cell membrane:Secreted, cell wall:Cell envelope",1
"Cytoplasm, cytoskeleton:Cytoplasm, cytoskeleton, spindle pole:Nucleus",1
"Cytoplasm:Cell projection, axon:Cell projection, dendrite:Cell projection, cilium",1
"Cytoplasm:Cell projection, axon:Cell projection, rhabdomere",1
"Cytoplasm:Cell projection, axon:Presynapse:Cytoplasm, cytoskeleton:Cell projection, dendritic spine:Cell projection, dendrite:Lysosome:Endoplasmic reticulum:Mitochondrion:Nucleus:Cytoplasmic vesicle, autophagosome:Early endosome:Cell projection, growth cone:Cell projection, neuron projection:Cytoplasmic vesicle, secretory vesicle, synaptic vesicle",1
"Cytoplasm:Cell projection, axon:Secreted:Secreted, extracellular exosome",1
"Cytoplasm:Cell projection, axon:Secreted:Secreted, extracellular exosome:Mitochondrion:Cytoplasm:Cytoplasm:Cell projection, axon",1
"Cytoplasm, cytoskeleton:Cytoplasm, cytoskeleton, phragmoplast",1
"Cytoplasm:Cell projection, cilium, flagellum:Cell projection, cilium, flagellum",1
"Cytoplasm:Cell projection, cilium, flagellum:Cytoplasmic vesicle, secretory vesicle:Cell projection, axon:Cell projection, dendrite:Perikaryon",1
"Cytoplasm:Cell projection, cilium, flagellum:Cytoplasmic vesicle, secretory vesicle:Cell projection, axon:Cell projection, dendrite:Perikaryon:Synapse:Cytoplasm:Mitochondrion:Cytoplasm, cytosol",1
"Cytoplasm:Cell projection, cilium, flagellum:Cytoplasmic vesicle, secretory vesicle:Cell projection, axon:Cell projection, dendrite:Perikaryon:Synapse:Mitochondrion:Nucleus",1
"Cytoplasm:Cell projection, cilium, photoreceptor outer segment:Photoreceptor inner segment",1
"Cytoplasm, cytoskeleton:Cytoplasm, cytoskeleton, stress fiber:Cell projection, axon:Cytoplasm, cytoskeleton:Cytoplasm, myofibril, sarcomere, Z line:Cytoplasm, myofibril, sarcomere, H zone:Cytoplasm, cytoskeleton:Cytoplasm, cytoskeleton:Cell junction, hemidesmosome:Nucleus:Nucleus envelope:Membrane:Endoplasmic reticulum membrane:Cytoplasm, cytoskeleton:Cytoplasm, cytoskeleton, stress fiber:Cytoplasm, cytoskeleton:Cell projection, axon:Membrane:Cytoplasm, cytoskeleton:Cytoplasm, cell cortex:Cell membrane",1
"Cytoplasm:Cell membrane:Membrane raft:Presynapse:Cytoplasm, cytoskeleton",1
"Cytoplasm:Cell membrane:Membrane raft:Cytoplasm, cytoskeleton:Membrane",1
Cytoplasm:Cell membrane:Cytoplasm:Endomembrane system:Cytoplasm:Cell membrane,1
"Cytoplasm, cytoskeleton:Cytoplasm, myofibril, sarcomere, M line:Perikaryon:Cell projection, axon",1
Cytoplasm:Cell membrane:Cell membrane:Cell membrane,1
"Cytoplasm:Cell membrane:Cell projection, dendrite",1
"Cytoplasm, cytoskeleton:Cytoplasm, myofibril, sarcomere, M line:Cytoplasm, cytosol:Cell membrane:Cell membrane",1
"Cytoplasm:Cell membrane:Cell projection, ruffle:Cell junction, tight junction:Cytoplasm, cytoskeleton, microtubule organizing center, centrosome, centriolar satellite:Cytoplasm, cytoskeleton, microtubule organizing center, centrosome",1
"Cytoplasm:Cell membrane:Cell projection, uropodium:Cytoplasm, cytoskeleton:Cytoplasm, perinuclear region:Cell projection, lamellipodium:Cleavage furrow",1
"Cytoplasm:Cell membrane:Cytoplasm, cell cortex:Cell junction",1
"Cytoplasm, cytoskeleton:Cytoplasm, cytosol:Membrane:Cytoplasmic vesicle membrane",1
"Cytoplasm, cytoskeleton:Cytoplasm, cytosol:Cytoplasm, perinuclear region:Nucleus:Nucleus, nucleolus:Cell membrane:Cytoplasmic vesicle membrane:Cytoplasm, cell cortex",1
"Cytoplasm:Cell membrane:Cytoplasm, cytoskeleton, microtubule organizing center, centrosome:Membrane",1
"Cytoplasm:Cell membrane:Cytoplasm, cytoskeleton:Cell projection, lamellipodium:Cell projection, ruffle",1
"Cytoplasm:Cell membrane:Cytoplasm, myofibril, sarcomere, M line:Nucleus",1
Cytoplasm:Cell membrane:Cytoplasm:Nucleus:Nucleus,1
"Cytoplasm:Cell membrane:Membrane raft:Cytoplasm, cytoskeleton:Cell membrane",1
"Cytoplasm:Cell membrane:Cytoplasmic vesicle membrane:Cytoplasmic vesicle, secretory vesicle, synaptic vesicle:Synapse",1
"Cytoplasm:Cell membrane:Cytoplasmic vesicle membrane:Synapse:Cytoplasmic vesicle, secretory vesicle, synaptic vesicle",1
"Cytoplasm:Cell membrane:Cytoplasmic vesicle, phagosome",1
"Cytoplasm:Cell membrane:Cytoplasmic vesicle, phagosome:Cytoplasm, cell cortex:Cell projection, bleb",1
"Cytoplasm:Cell membrane:Cytoplasmic vesicle, secretory vesicle, acrosome",1
Cytoplasm:Cell membrane:Cytoplasmic vesicle:Cytoplasm,1
Cytoplasm:Cell membrane:Cytoplasmic vesicle:Late endosome,1
"Cytoplasm, cytoskeleton:Cytoplasm, cytosol:Cytoplasm, perinuclear region:Nucleus:Nucleus, nucleolus:Cell membrane:Cytoplasm, cell cortex:Cytoplasmic vesicle membrane",1
Cytoplasm:Cell membrane:Endoplasmic reticulum:Nucleus:Cytoplasm:Nucleus,1
"Cytoplasm, cytoskeleton:Cytoplasm, cytosol:Cell membrane",1
"Cytoplasm, cytoskeleton:Cytoplasm, cytoskeleton:Cytoplasm, cytoskeleton, stress fiber:Cytoplasm, cytoskeleton",1
"Cytoplasm:Cell membrane:Membrane raft:Cytoplasm, cytoskeleton",1
"Cytoplasm, perinuclear region:Cytoplasm, cytoskeleton, spindle pole",1
"Cytoplasm, perinuclear region:Cytoplasm, cytoskeleton, phragmoplast",1
"Cytoplasm:Cell projection, cilium:Cytoplasm, cytoskeleton, microtubule organizing center, centrosome:Cytoplasm, cytoskeleton, microtubule organizing center, centrosome, centriole",1
"Cytoplasm, cytosol:Nucleus:Cell membrane",1
"Cytoplasm, cytosol:Golgi apparatus:Mitochondrion",1
"Cytoplasm, cytosol:Inflammasome:Cell membrane:Nucleus membrane",1
"Cytoplasm, cytosol:Cell projection, lamellipodium:Cell projection, ruffle:Cytoplasm, cytoskeleton:Cell projection, filopodium tip:Cytoplasm, cell cortex:Cell projection, filopodium membrane:Cell membrane",1
"Cytoplasm, cytosol:Late endosome membrane:Midbody",1
"Cytoplasm, cytosol:Cell projection, cilium:Nucleus:Cytoplasm, cytoskeleton, cilium basal body",1
"Cytoplasm, cytosol:Cell projection, cilium:Cytoplasm, cytoskeleton, microtubule organizing center, centrosome, centriole",1
"Cytoplasm, cytosol:Cell membrane:Mitochondrion membrane",1
"Cytoplasm, cytosol:Membrane:Endoplasmic reticulum:Mitochondrion",1
"Cytoplasm, cytosol:Membrane:Endosome membrane:Golgi apparatus, trans-Golgi network membrane",1
"Cytoplasm, cytosol:Membrane:Golgi apparatus membrane",1
"Cytoplasm, cytosol:Membrane:Membrane",1
"Cytoplasm, cytosol:Membrane:Nucleus",1
"Cytoplasm, cytosol:Membrane:Nucleus membrane",1
"Cytoplasm, cytosol:Microsome:Endoplasmic reticulum",1
"Cytoplasm, cytosol:Mitochondrion intermembrane space:Nucleus",1
"Cytoplasm, cytosol:Cell membrane:Early endosome",1
"Cytoplasm, cytosol:Mitochondrion matrix:Nucleus",1
"Cytoplasm, cytosol:Mitochondrion matrix:Nucleus:Mitochondrion matrix",1
"Cytoplasm, cytosol:Mitochondrion membrane:Early endosome membrane",1
"Cytoplasm, cytosol:Mitochondrion membrane:Early endosome membrane:Cytoplasm, cytosol",1
"Cytoplasm, cytosol:Cell membrane:Cytoplasm, cytoskeleton:Membrane:Cell junction, adherens junction:Cell junction, focal adhesion:Nucleus",1
"Cytoplasm, cytosol:Cell membrane:Cytoplasm, cytoskeleton, phragmoplast:Secreted, extracellular exosome",1
"Cytoplasm, cytosol:Mitochondrion:Nucleus:Cytoplasm, cytoskeleton",1
"Cytoplasm, cytosol:Mitochondrion:Nucleus:Nucleus",1
"Cytoplasm, cytosol:Cell membrane:Cytoplasm, cytoskeleton, phragmoplast:Secreted, cell wall:Secreted, extracellular exosome",1
"Cytoplasm, cytosol:Cell membrane:Cytoplasm, cytoskeleton",1
"Cytoplasm, cytosol:Nucleus speckle",1
"Cytoplasm, cytosol:Golgi apparatus:Endomembrane system:Mitochondrion outer membrane:Peroxisome:Membrane, clathrin-coated pit:Cytoplasmic vesicle, secretory vesicle, synaptic vesicle membrane:Lysosome:Late endosome:Cell membrane:Mitochondrion outer membrane:Postsynaptic density",1
"Cytoplasm, cytosol:Golgi apparatus, trans-Golgi network membrane:Early endosome membrane",1
"Cytoplasm, cytosol:Golgi apparatus, trans-Golgi network membrane:Cytoplasm, perinuclear region:Cytoplasmic vesicle, clathrin-coated vesicle",1
"Cytoplasm, cytosol:Cytoplasmic vesicle membrane:Golgi apparatus membrane:Cytoplasmic vesicle, phagosome membrane:Endosome membrane",1
"Cytoplasm, cytosol:Cytoplasm:Cytoplasmic vesicle",1
"Cytoplasm, cytosol:Cytoplasm, perinuclear region:Golgi apparatus membrane:Endoplasmic reticulum membrane",1
"Cytoplasm, cytosol:Cytoplasm:Endoplasmic reticulum membrane:Mitochondrion:Inflammasome:Secreted",1
"Cytoplasm, cytosol:Cytoplasm:Nucleus:Cell membrane",1
"Cytoplasm, cytosol:Cytoplasm:Nucleus:Cell membrane:Secreted:Mitochondrion",1
"Cytoplasm, cytosol:Cytoplasm:Nucleus:Inflammasome",1
"Cytoplasm, cytosol:Cytoplasm:Nucleus:Inflammasome:Nucleus",1
"Cytoplasm, cytosol:Cytoplasm:Preautophagosomal structure:Perikaryon:Cell projection, axon",1
"Cytoplasm, cytosol:Cytoplasm, perinuclear region:Cytoplasm, cytoskeleton, phragmoplast:Secreted, cell wall:Cell membrane",1
"Cytoplasm, cytosol:Cytoplasm, perinuclear region:Contractile vacuole membrane",1
"Cytoplasm, cytosol:Cytoplasm, cytosol:Nucleus:Nucleus",1
"Cytoplasm, cytosol:Cytoplasm, cytosol:Mitochondrion:Mitochondrion",1
"Cytoplasm, cytosol:Cytoplasmic vesicle, autophagosome:Mitochondrion",1
"Cytoplasm, cytosol:Cytoplasm, cell cortex:Cytoplasm, cytoskeleton:Cytoplasm, cytoskeleton, stress fiber:Cell projection, filopodium:Cell projection, invadopodium:Cell projection, microvillus:Cell junction",1
"Cytoplasm, cytosol:Endoplasmic reticulum membrane:Cell membrane",1
"Cytoplasm, cytosol:Endoplasmic reticulum membrane:Mitochondrion:Inflammasome:Secreted",1
"Cytoplasm, cytosol:Endoplasmic reticulum membrane:Nucleus envelope:Cell membrane:Endosome membrane",1
"Cytoplasm, cytosol:Endoplasmic reticulum membrane:Nucleus membrane",1
"Cytoplasm, cytosol:Endoplasmic reticulum-Golgi intermediate compartment membrane:Golgi apparatus membrane:Cytoplasmic vesicle, COPI-coated vesicle membrane",1
"Cytoplasm, cytosol:Endoplasmic reticulum-Golgi intermediate compartment:Early endosome membrane:Membrane:Cytoplasmic vesicle, phagosome membrane",1
"Cytoplasm, cytosol:Endoplasmic reticulum-Golgi intermediate compartment:Early endosome membrane:Membrane:Cytoplasmic vesicle, phagosome membrane:Golgi apparatus",1
"Cytoplasm, cytosol:Endoplasmic reticulum:Mitochondrion",1
"Cytoplasm, cytosol:Endoplasmic reticulum:Nucleus:Cytoplasm, Stress granule:Nucleus",1
"Cytoplasm, cytosol:Cytoplasm, cytoskeleton, phragmoplast:Cell membrane:Secreted, cell wall",1
"Cytoplasm, cytosol:Endosome membrane:Cell membrane",1
"Cytoplasm, cytosol:Golgi apparatus membrane:Cytoplasm, cytoskeleton, phragmoplast:Cytoplasmic vesicle, clathrin-coated vesicle",1
"Cytoplasm, cytosol:Cell membrane:Cell projection, axon",1
"Cytoplasm, cytosol:Nucleus:Cell projection, axon:Cell projection, dendrite",1
"Cytoplasm, perinuclear region:Cytoplasm, cytoskeleton, microtubule organizing center, centrosome:Golgi apparatus",1
"Cytoplasm, cytosol:Nucleus:Cell projection, axon:Cell projection, dendrite:Synapse",1
"Cytoplasm, myofibril, sarcomere, M line:Basal cell membrane",1
"Cytoplasm, myofibril, sarcomere, M line:Cytoplasm, myofibril, sarcomere",1
"Cytoplasm, myofibril, sarcomere, M line:Cytoplasm, myofibril, sarcomere, I band",1
"Cytoplasm, myofibril, sarcomere, M line:Cytoplasm, myofibril, sarcomere, Z line:Cytoplasm, myofibril, sarcomere, M line:Cytoplasm, myofibril, sarcomere, Z line:Cell membrane, sarcolemma:Nucleus",1
"Cytoplasm, cytoskeleton:Membrane:Cytoplasm, myofibril, sarcomere, M line:Apical cell membrane:Cell membrane:Postsynaptic cell membrane:Early endosome:Recycling endosome:Lysosome:Mitochondrion:Cytoplasm, myofibril, sarcomere, Z line:Cell membrane, sarcolemma, T-tubule",1
"Cytoplasm, myofibril, sarcomere, Z line:Cytoplasm, myofibril, sarcomere, A band:Cytoplasm, perinuclear region",1
"Cytoplasm, cytoskeleton:Membrane:Cell projection, dendrite:Postsynaptic density",1
"Cytoplasm, myofibril, sarcomere:Cell membrane",1
"Cytoplasm, myofibril, sarcomere:Cell membrane:Cytoplasm, myofibril",1
"Cytoplasm, cytoskeleton:Lysosome membrane:Nucleus membrane:Nucleus membrane",1
"Cytoplasm, myofibril, sarcomere:Cytoplasm, myofibril, sarcomere, A band",1
"Cytoplasm, myofibril, sarcomere:Cytoplasm:Cytoplasm, cytosol:Membrane, caveola:Cell membrane, sarcolemma:Cell membrane",1
"Cytoplasm, myofibril, sarcomere:Cytoplasm:Membrane, caveola",1
"Cytoplasm, myofibril:Cytoplasm, myofibril, sarcomere, A band",1
"Cytoplasm, myofibril:Cytoplasm, myofibril, sarcomere, I band:Cytoplasm, myofibril, sarcomere, M line:Nucleus",1
"Cytoplasm, cytoskeleton:Golgi apparatus:Cytoplasm:Nucleus",1
"Cytoplasm, nucleoid:Cell membrane",1
"Cytoplasm, nucleoid:Secreted, cell wall",1
"Cytoplasm, nucleoid:Secreted, cell wall:Cell surface",1
"Cytoplasm, perinuclear region:Cell junction:Nucleus",1
"Cytoplasm, cytoskeleton:Golgi apparatus:Cytoplasm:Cytoplasm, cytoskeleton, cilium basal body",1
"Cytoplasm, cytoskeleton:Golgi apparatus:Cell projection, cilium, flagellum",1
"Cytoplasm, cytoskeleton:Golgi apparatus membrane:Midbody:Secreted",1
"Cytoplasm, perinuclear region:Cytoplasm, cell cortex",1
"Cytoplasm, cytoskeleton:Endosome:Synapse",1
"Cytoplasm, perinuclear region:Cytoplasm, cytoskeleton, microtubule organizing center, centrosome, centriole:Cytoplasm, cytoskeleton, cilium basal body:Cell projection, cilium, photoreceptor outer segment:Photoreceptor inner segment",1
"Cytoplasm, perinuclear region:Cytoplasm, cytoskeleton, microtubule organizing center, centrosome, centriole:Cytoplasm, cytoskeleton, microtubule organizing center, centrosome:Cytoplasm, cytoskeleton, cilium basal body:Cell projection, cilium, photoreceptor outer segment:Photoreceptor inner segment",1
"Cytoplasm, cytoskeleton:Membrane:Cytoplasm, myofibril, sarcomere, M line:Sarcoplasmic reticulum:Sarcoplasmic reticulum:Sarcoplasmic reticulum",1
"Cytoplasm, myofibril, sarcomere, I band:Cytoplasm, myofibril, sarcomere, M line:Nucleus",1
"Cytoplasm, cytoskeleton:Membrane:Nucleus",1
"Cytoplasm, cytoskeleton:Nucleus:Mitochondrion:Nucleus membrane",1
"Cytoplasm, cytosol:Nucleus:Cell projection, cilium, photoreceptor outer segment:Photoreceptor inner segment:Nucleus",1
"Cytoplasm, cytosol:Nucleus:Cell projection, dendrite:Perikaryon",1
"Cytoplasm, cytosol:Nucleus:Chromosome:Secreted, extracellular space, extracellular matrix:Cell membrane:Mitochondrion:Cytoplasm, perinuclear region",1
"Cytoplasm, cytosol:Nucleus:Cytoplasm, cytoskeleton, microtubule organizing center, centrosome:Cytoplasm, cytoskeleton, spindle:Cleavage furrow",1
"Cytoplasm, cytosol:Nucleus:Cytoplasm, perinuclear region:Membrane:Cytoplasm, cytoskeleton",1
"Cytoplasm, cytosol:Nucleus:Mitochondrion outer membrane",1
"Cytoplasm, cytosol:Nucleus:Nucleus",1
"Cytoplasm, cytoskeleton:Preautophagosomal structure",1
"Cytoplasm, cytosol:Nucleus:Nucleus, PML body:Cytoplasmic vesicle, autophagosome:Cytoplasm",1
"Cytoplasm, cytosol:Nucleus:Secreted",1
"Cytoplasm, cytosol:Nucleus:Secreted:Lysosome",1
"Cytoplasm, cytosol:Perikaryon:Nucleus:Cell projection, dendrite:Cell projection, axon",1
"Cytoplasm, cytoskeleton:Nucleus:Mitochondrion",1
"Cytoplasm, myofibril, sarcomere, I band",1
"Cytoplasm, cytoskeleton:Nucleus:Cytoplasm:Cytoplasm, perinuclear region:Cell projection, lamellipodium:Cell projection, dendritic spine:Early endosome membrane:Recycling endosome membrane:Synapse, synaptosome:Cytoplasm",1
"Cytoplasm, cytosol:Plastid, chloroplast",1
"Cytoplasm, cytoskeleton:Nucleus:Cytoplasm, cytoskeleton, spindle:Cytoplasm, cytoskeleton, microtubule organizing center, centrosome",1
"Cytoplasm, cytosol:Presynapse:Perikaryon",1
"Cytoplasm, cytosol:Presynapse:Synapse",1
"Cytoplasm, cytoskeleton:Nucleus:Cytoplasm, cytoskeleton, microtubule organizing center, centrosome:Cytoplasm, cytoskeleton, spindle:Cell projection, growth cone:Cleavage furrow",1
"Cytoplasm, cytoskeleton:Nucleus:Cell projection, dendritic spine:Postsynaptic density:Synapse:Cell junction, adherens junction:Cytoplasm:Cell membrane:Cell projection, lamellipodium:Cell projection, filopodium:Cell projection, ruffle membrane",1
"Cytoplasm, cytoskeleton:Nucleus membrane",1
"Cytoplasm, cytosol:Vacuole membrane",1
"Cytoplasm, cytoskeleton:Nucleus envelope:Cytoplasmic granule",1
"Cytoplasm, cytoskeleton:Nucleus envelope:Cytoplasm, cytoskeleton, microtubule organizing center, spindle pole body",1
"Cytoplasm, cytoskeleton:Membrane:Sarcoplasmic reticulum",1
"Cytoplasm:Cell projection, cilium:Cytoplasm, cytoskeleton, microtubule organizing center, centrosome, centriole",1
"Cytoplasm:Cell projection, cilium:Dynein axonemal particle",1
"Cytoplasm, cytoskeleton, microtubule organizing center, spindle pole body:Cytoplasm, cytoskeleton, spindle:Chromosome, centromere, kinetochore",1
"Cytoplasm, cytoskeleton, spindle:Nucleus, nucleolus:Chromosome",1
"Cytoplasm:Cytoplasm, perinuclear region:Midbody:Cytoplasm, cytoskeleton, cilium basal body:Cytoplasm, cytoskeleton, microtubule organizing center, centrosome, centriole",1
"Cytoplasm:Cytoplasm, perinuclear region:Nucleus:Chromosome:Cytoplasm, cytoskeleton, phragmoplast",1
"Cytoplasm, cytoskeleton:Cell junction, adherens junction:Cell membrane:Cell junction:Cytoplasm:Nucleus:Cell membrane",1
"Cytoplasm, cytoskeleton:Cell junction, adherens junction:Cell membrane:Cell junction:Cytoplasm:Nucleus",1
"Cytoplasm, cytoskeleton:Cell junction, adherens junction:Cell membrane:Cell junction:Cell junction, focal adhesion",1
"Cytoplasm:Cytoplasm, perinuclear region:Nucleus:Nucleus speckle:Cytoplasm, Stress granule:Cell projection, dendrite",1
"Cytoplasm:Cytoplasm:Cytoplasm, cytoskeleton, microtubule organizing center, centrosome:Cytoplasm, cytoskeleton, microtubule organizing center, centrosome, centriole:Nucleus, nucleolus:Chromosome",1
Cytoplasm:Cytoplasm:Cytoplasm:Cell membrane,1
Cytoplasm:Cytoplasm:Mitochondrion,1
"Cytoplasm:Cytoplasm:Nucleus:Cytoplasm, cytoskeleton, microtubule organizing center, centrosome:Cytoplasm, cytoskeleton, spindle pole",1
"Cytoplasm:Cytoplasm:Nucleus:Nucleus:Cytoplasm, cytosol",1
"Cytoplasm, cytoskeleton:Bud neck:Bud tip:Cell septum",1
"Cytoplasm, cytoskeleton:Bud neck",1
"Cytoplasm:Cytoplasmic granule:Cell projection, cilium, flagellum:Cytoplasm:Cytoplasmic granule",1
"Cytoplasm:Cytoplasmic granule:Cytoplasm, cytoskeleton, microtubule organizing center, centrosome",1
"Cytoplasm, cytoskeleton:Apical cell membrane:Cell junction, hemidesmosome:Cell junction, adherens junction",1
"Cytoplasm:Cytoplasmic granule:Cytoplasm, perinuclear region:Endoplasmic reticulum",1
"Cytoplasm:Cytoplasmic granule:Nucleus:Cytoplasm, Stress granule:Inflammasome:Cell membrane:Cell projection, lamellipodium",1
Cytoplasm:Cytoplasmic vesicle membrane,1
"Cytoplasm:Cytoplasmic vesicle membrane:Cytoplasmic vesicle, secretory vesicle, synaptic vesicle membrane:Endosome membrane:Melanosome membrane:Nucleus:Postsynaptic density:Endoplasmic reticulum",1
"Cytoplasm:Cytoplasmic vesicle membrane:Cytoplasmic vesicle, secretory vesicle, synaptic vesicle membrane:Endosome membrane:Melanosome membrane:Nucleus:Postsynaptic density:Presynaptic cell membrane:Endoplasmic reticulum",1
Cytoplasm:Cytoplasmic vesicle membrane:Endosome,1
"Cytoplasm:Cytoplasmic vesicle membrane:Endosome membrane:Melanosome membrane:Postsynaptic density:Endoplasmic reticulum:Nucleus:Cytoplasm:Cytoplasmic vesicle membrane:Cytoplasmic vesicle, secretory vesicle, synaptic vesicle membrane:Endosome membrane:Melanosome membrane:Postsynaptic cell membrane:Endoplasmic reticulum",1
"Cytoplasm:Cytoplasmic vesicle membrane:Endosome membrane:Melanosome membrane:Postsynaptic density:Endoplasmic reticulum:Nucleus:Cytoplasm:Cytoplasmic vesicle membrane:Cytoplasmic vesicle, secretory vesicle, synaptic vesicle membrane:Endosome membrane:Melanosome membrane:Postsynaptic cell membrane:Endoplasmic reticulum:Nucleus:Cytoplasm:Cytoplasmic vesicle membrane:Cytoplasmic vesicle, secretory vesicle, synaptic vesicle membrane:Endosome membrane:Melanosome membrane:Postsynaptic cell membrane:Endoplasmic reticulum",1
"Cytoplasm:Cytoplasmic vesicle, COPI-coated vesicle",1
"Cytoplasm, cytoskeleton, spindle:Vesicle:Midbody:Cytoplasm",1
"Cytoplasm, cytoskeleton, spindle:Nucleus:Cytoplasm:Midbody",1
"Cytoplasm:Cytoplasm, perinuclear region:Midbody, Midbody ring",1
"Cytoplasm:Cytoplasm, perinuclear region:Lysosome membrane:Cytoplasmic vesicle, secretory vesicle, acrosome",1
"Cytoplasm:Cytoplasm, perinuclear region:Lysosome membrane",1
"Cytoplasm:Cytoplasm, myofibril, sarcomere, M line:Cytoplasm, myofibril, sarcomere, A band:Cytoplasm, cytoskeleton",1
"Cytoplasm, cytoskeleton:Cell projection, axon:Cell membrane, sarcolemma:Postsynaptic cell membrane:Lysosome:Cell membrane, sarcolemma, T-tubule",1
"Cytoplasm:Cytoplasm, cytosol:Apicolateral cell membrane:Cytoplasm, cell cortex:Endosome",1
"Cytoplasm:Cytoplasm, cytosol:Cell membrane:Cell projection:Synapse, synaptosome:Synapse:Cytoplasmic vesicle membrane:Cell projection, ruffle membrane:Membrane",1
"Cytoplasm, cytoskeleton:Cell membrane:Cytoplasm:Cell junction",1
"Cytoplasm:Cytoplasm, cytosol:Cytoplasm, cytoskeleton:Cell projection, bleb",1
"Cytoplasm:Cytoplasm, cytosol:Cytoplasm, perinuclear region:Cytoplasm, Cytoplasmic ribonucleoprotein granule",1
"Cytoplasm:Cytoplasm, cytosol:Endomembrane system",1
"Cytoplasm:Cytoplasm, cytosol:Inflammasome",1
"Cytoplasm:Cytoplasm, cytosol:Membrane, caveola",1
"Cytoplasm:Cytoplasm, cytosol:Nucleus:Cell membrane:Vacuole",1
"Cytoplasm, cytoskeleton:Cell membrane:Cell junction, plasmodesma",1
"Cytoplasm:Cytoplasm, myofibril, sarcomere, I band",1
"Cytoplasm:Cytoplasm, perinuclear region:Cell membrane:Cell projection, lamellipodium:Cytoplasm, cell cortex:Nucleus:Cell junction, focal adhesion",1
"Cytoplasm:Cytoplasm, perinuclear region:Golgi apparatus:Golgi apparatus, trans-Golgi network:Cytoplasmic vesicle:Recycling endosome:Cytoplasmic vesicle, autophagosome",1
"Cytoplasm, cytoskeleton:Cell junction:Cell membrane:Cytoplasm",1
"Cytoplasm:Cytoplasm, perinuclear region:Cell projection",1
"Cytoplasm:Cytoplasm, perinuclear region:Cell projection, growth cone:Cell projection, axon:Membrane:Endosome:Golgi apparatus:Cell projection, lamellipodium",1
"Cytoplasm:Cytoplasm, perinuclear region:Cell projection, growth cone:Cell projection, axon:Membrane:Golgi apparatus:Endosome:Cell projection, lamellipodium",1
"Cytoplasm:Cytoplasm, perinuclear region:Cell projection, growth cone:Membrane:Cell projection, axon:Golgi apparatus:Endosome:Cell projection, lamellipodium",1
"Cytoplasm, cytoskeleton:Cell junction, hemidesmosome:Cell projection, podosome",1
"Cytoplasm:Cytoplasm, perinuclear region:Cell projection, lamellipodium:Cleavage furrow:Cytoplasm, cytoskeleton:Cell membrane:Cell projection, uropodium",1
"Cytoplasm:Cytoplasm, perinuclear region:Chromosome, centromere, kinetochore:Cytoplasm, cytoskeleton, spindle",1
"Cytoplasm, cytoskeleton:Cell junction, hemidesmosome:Cell junction, tight junction:Cell projection:Apicolateral cell membrane:Basolateral cell membrane:Cell junction",1
"Cytoplasm:Cytoplasm, perinuclear region:Cytoplasmic vesicle, clathrin-coated vesicle:Nucleus",1
"Cytoplasm:Cytoplasm, perinuclear region:Endoplasmic reticulum:Cytoplasmic granule",1
"Cytoplasm:Cytoplasm, perinuclear region:Golgi apparatus:Golgi apparatus, trans-Golgi network membrane:Nucleus:Nucleus, nucleolus:Nucleus matrix",1
"Cytoplasm:Cytoplasmic vesicle, COPII-coated vesicle membrane:Endoplasmic reticulum membrane:Cytoplasm, cytosol",1
"Cytoplasm, cytoskeleton, spindle:Mitochondrion",1
"Cytoplasm, cytoskeleton:Cell projection, axon:Cell membrane, sarcolemma:Postsynaptic cell membrane:Lysosome:Cell membrane, sarcolemma, T-tubule:Cytoplasm, cytoskeleton:Golgi apparatus",1
"Cytoplasm:Cytoplasmic vesicle, clathrin-coated vesicle:Cell membrane:Late endosome:Cytoplasmic vesicle, autophagosome membrane",1
"Cytoplasm, cytoskeleton, microtubule organizing center:Cytoplasm, cytoskeleton, spindle",1
"Cytoplasm, cytoskeleton, microtubule organizing center, spindle pole body:Nucleus:Cytoplasm, cytoskeleton:Chromosome:Cytoplasm, cytoskeleton, spindle",1
Cytoplasm:Endoplasmic reticulum membrane:Membrane:Nucleus inner membrane,1
"Cytoplasm, cytoskeleton, microtubule organizing center, spindle pole body:Nucleus:Cytoplasm, cytoskeleton",1
Cytoplasm:Endoplasmic reticulum membrane:Mitochondrion inner membrane:Microsome membrane:Endoplasmic reticulum membrane:Mitochondrion inner membrane:Microsome membrane,1
Cytoplasm:Endoplasmic reticulum membrane:Mitochondrion membrane:Nucleus envelope,1
Cytoplasm:Endoplasmic reticulum membrane:Mitochondrion membrane:Nucleus envelope:Cytoplasm:Nucleus,1
"Cytoplasm, cytoskeleton, microtubule organizing center, spindle pole body:Nucleus membrane:Prospore membrane",1
"Cytoplasm:Endoplasmic reticulum membrane:Nucleus membrane:Cytoplasm, cytoskeleton, microtubule organizing center, spindle pole body",1
Cytoplasm:Endoplasmic reticulum membrane:Preautophagosomal structure membrane,1
"Cytoplasm:Endoplasmic reticulum-Golgi intermediate compartment membrane:Golgi apparatus membrane:Cytoplasmic vesicle, COPI-coated vesicle membrane",1
"Cytoplasm:Endoplasmic reticulum-Golgi intermediate compartment:Cell projection, ruffle membrane:Endoplasmic reticulum",1
"Cytoplasm:Endoplasmic reticulum-Golgi intermediate compartment:Endoplasmic reticulum:Cell projection, ruffle membrane:Cytoplasm, perinuclear region",1
Cytoplasm:Endoplasmic reticulum-Golgi intermediate compartment:Endoplasmic reticulum:Nucleus membrane:Nucleus:Cytoplasm:Cell membrane,1
Cytoplasm:Endoplasmic reticulum-Golgi intermediate compartment:Secreted,1
"Cytoplasm:Endoplasmic reticulum:Cell projection, ruffle membrane:Endoplasmic reticulum-Golgi intermediate compartment:Cytoplasm, perinuclear region",1
Cytoplasm:Endoplasmic reticulum:Endoplasmic reticulum,1
Cytoplasm:Endoplasmic reticulum:Endoplasmic reticulum membrane,1
"Cytoplasm, cytoskeleton, microtubule organizing center, spindle pole body:Nucleus membrane",1
Cytoplasm:Endoplasmic reticulum:Golgi apparatus:Membrane,1
"Cytoplasm, cytoskeleton, microtubule organizing center, spindle pole body:Nucleus envelope",1
"Cytoplasm, cytoskeleton, microtubule organizing center, spindle pole body:Nucleus",1
"Cytoplasm, cytoskeleton, microtubule organizing center, spindle pole body:Membrane:Golgi apparatus:Cytoplasmic vesicle membrane",1
"Cytoplasm:Endoplasmic reticulum:Nucleus, Cajal body",1
"Cytoplasm, cytoskeleton, microtubule organizing center, spindle pole body:Cytoplasm, cytoskeleton, spindle:Nucleus:Bud neck",1
Cytoplasm:Endoplasmic reticulum:Secreted,1
"Cytoplasm, cytoskeleton, microtubule organizing center, spindle pole body:Cytoplasm, cytoskeleton, spindle:Cytoplasm",1
"Cytoplasm:Endoplasmic reticulum membrane:Cytoplasm, perinuclear region:Cytoplasm:Nucleus",1
"Cytoplasm, cytoskeleton, microtubule organizing center:Nucleus envelope:Cytoplasm:Cytoplasm, cell cortex",1
"Cytoplasm, cytoskeleton, microtubule organizing center:Nucleus envelope:Cytoplasm:Cytoplasm, cell cortex:Cytoplasm, cytoskeleton, spindle",1
"Cytoplasm, cytoskeleton, spindle:Cytoplasm",1
"Cytoplasm:Cytoplasmic vesicle, phagosome:Nucleus:Endoplasmic reticulum:Golgi apparatus",1
"Cytoplasm, cytoskeleton, spindle:Membrane:Mitochondrion inner membrane",1
"Cytoplasm, cytoskeleton, spindle:Early endosome membrane:Endosome membrane:Late endosome membrane:Lysosome membrane:Membrane",1
"Cytoplasm, cytoskeleton, spindle:Cytoplasm:Chromosome, centromere:Chromosome, centromere, kinetochore:Endoplasmic reticulum membrane",1
"Cytoplasm, cytoskeleton, spindle:Cytoplasm, cytoskeleton:Cell junction, gap junction",1
"Cytoplasm:Cytoplasmic vesicle, secretory vesicle, microneme membrane:Cell membrane",1
"Cytoplasm, cytoskeleton, spindle:Cytoplasm, cytoskeleton, spindle pole:Cytoplasm, cytoskeleton, microtubule organizing center, centrosome:Chromosome, centromere:Chromosome, centromere, kinetochore",1
"Cytoplasm:Cytoplasmic vesicle, secretory vesicle:Cytoplasmic vesicle, secretory vesicle membrane",1
"Cytoplasm, cytoskeleton, spindle:Cytoplasm, cytoskeleton, spindle pole:Cytoplasm",1
"Cytoplasm, cytoskeleton, spindle:Cytoplasm, cytoskeleton, phragmoplast:Chromosome, centromere, kinetochore:Cytoplasm, cytoskeleton",1
Cytoplasm:Cytoplasmic vesicle:Nucleus:Golgi apparatus,1
"Cytoplasm:Dynein axonemal particle:Cell projection, cilium",1
"Cytoplasm, cytoskeleton, spindle:Chromosome, centromere, kinetochore:Cytoplasm, cytoskeleton, microtubule organizing center, centrosome:Chromosome, centromere",1
Cytoplasm:Endomembrane system:Vacuole membrane,1
"Cytoplasm, cytoskeleton, spindle:Chromosome, centromere, kinetochore:Chromosome, centromere",1
Cytoplasm:Early endosome membrane:Endosome membrane,1
"Cytoplasm, cytoskeleton, spindle pole:Membrane:Nucleus",1
"Cytoplasm, cytoskeleton, spindle pole:Cytoplasm, cytoskeleton, microtubule organizing center, centrosome:Cytoplasm:Chromosome, centromere, kinetochore:Cell projection, axon:Perikaryon",1
Cytoplasm:Early endosome:Endosome,1
"Cytoplasm, cytoskeleton, spindle pole:Cytoplasm, cytoskeleton, microtubule organizing center, centrosome:Cytoplasm",1
"Cytoplasm, cytoskeleton, spindle pole:Chromosome:Cytoplasm",1
"Cytoplasm, cytoskeleton, spindle pole:Bud neck",1
"Cytoplasm:Endomembrane system:Cell junction:Cell junction, tight junction:Cell junction, adherens junction:Cell membrane:Cytoplasm, cell cortex:Cytoplasm, cytoskeleton",1
"Cytoplasm, cytoskeleton, perinuclear theca",1
"Cytoplasm:Endomembrane system:Golgi apparatus, trans-Golgi network:Early endosome",1
Cytoplasm:Endomembrane system:Nucleus,1
"Cytoplasm:Cytoplasm, cytoskeleton:Synapse:Cell projection, dendritic spine:Cell projection, axon",1
"Cytoplasm, cytoskeleton:Cell projection, axon:Cell membrane:Cell membrane, sarcolemma:Postsynaptic cell membrane:Lysosome:Cell membrane, sarcolemma, T-tubule",1
"Cytoplasm:Cell projection, cilium:Nucleus:Cytoplasm, cytoskeleton, cilium basal body",1
"Cytoplasm:Cytoplasm, cytoskeleton, flagellum axoneme:Cytoplasm, cytoskeleton, cilium axoneme:Cell projection, cilium, flagellum",1
"Cytoplasm, cytoskeleton:Cytoplasm, cytoskeleton, actin patch",1
"Cytoplasm, cytoskeleton:Cytoplasm, cytoskeleton",1
"Cytoplasm, cytoskeleton:Cytoplasm, cell cortex:Nucleus",1
"Cytoplasm:Cytoplasm, Cytoplasmic ribonucleoprotein granule:Cytoplasm, P-body:Endoplasmic reticulum:Cell projection, dendrite",1
"Cytoplasm, cytoskeleton:Cytoplasm, cell cortex:Membrane:Apical cell membrane:Cytoplasm:Mitochondrion:Cell projection, stereocilium:Golgi apparatus:Cytoplasm, cytoskeleton, microtubule organizing center, centrosome",1
"Cytoplasm, cytoskeleton:Cytoplasm, cell cortex:Lysosome:Golgi apparatus:Cell membrane:Cell projection, phagocytic cup:Cytoplasm, perinuclear region",1
"Cytoplasm:Cytoplasm, P-body:Nucleus:Chromosome, telomere",1
"Cytoplasm, cytoskeleton:Cytoplasm, cell cortex:Lysosome:Cell membrane",1
"Cytoplasm, cytoskeleton:Cytoplasm, cell cortex:Cleavage furrow",1
"Cytoplasm:Cytoplasm, U-body",1
"Cytoplasm, cytoskeleton:Cytoplasm, cell cortex:Cell projection, dendrite:Cell projection, axon:Cell projection, growth cone",1
"Cytoplasm:Cytoplasm, cell cortex:Cell membrane",1
"Cytoplasm:Cytoplasm, cell cortex:Cell projection, microvillus",1
"Cytoplasm:Cytoplasm, cell cortex:Cell projection, ruffle membrane:Cytoplasmic vesicle:Cell projection, stereocilium membrane",1
"Cytoplasm:Cytoplasm, cell cortex:Chromosome:Cytoplasm, cytoskeleton, spindle pole",1
"Cytoplasm:Cytoplasm, cell cortex:Contractile vacuole:Cytoplasmic vesicle, phagosome",1
"Cytoplasm:Cytoplasm, cell cortex:Cytoplasm, cytoskeleton:Cell membrane:Cell junction:Cell junction, adherens junction:Cell projection",1
"Cytoplasm, cytoskeleton:Cytoplasm, cell cortex:Cell projection, axon:Cell projection, dendrite:Cell projection, growth cone",1
"Cytoplasm:Cytoplasm, cell cortex:Cytoplasm, perinuclear region",1
"Cytoplasm:Cytoplasm, cell cortex:Membrane:Cell projection, podosome",1
"Cytoplasm:Cytoplasm, cell cortex:Nucleus:Cell projection, lamellipodium:Cell projection, filopodium:Cytoplasm, cytoskeleton",1
"Cytoplasm:Cytoplasm, cell cortex:Nucleus:Chromosome:Apical cell membrane:Cell projection, cilium, flagellum membrane",1
"Cytoplasm, cytoskeleton:Cleavage furrow:Midbody",1
"Cytoplasm:Cytoplasm, cytoskeleton, cilium axoneme:Cytoplasm, cytoskeleton, flagellum axoneme:Cell projection, cilium, flagellum",1
"Cytoplasm, cytoskeleton:Cleavage furrow:Apical cell membrane",1
"Cytoplasm, cytoskeleton:Chromosome:Midbody:Cytoplasm, cytoskeleton, spindle",1
"Cytoplasm:Cytoplasm, cytoskeleton, cilium basal body:Cytoplasm, cytoskeleton, cilium axoneme:Cell projection, cilium:Cytoplasm, cytoskeleton, microtubule organizing center, centrosome:Cell projection, filopodium",1
Cytoplasm:Cleavage furrow:Midbody,1
Cytoplasm:Chromosome:Nucleus,1
"Cytoplasm:Chromosome:Cytoplasmic granule:Cytoplasm, cytoskeleton:Cytoplasm, cytoskeleton, microtubule organizing center, centrosome:Cytoplasm, cytoskeleton, spindle:Cleavage furrow:Midbody",1
"Cytoplasm, cytoskeleton:Cytoplasm, cytoskeleton, microtubule organizing center, centrosome:Chromosome, centromere, kinetochore:Cytoplasm, cytoskeleton, spindle:Golgi apparatus:Golgi apparatus, trans-Golgi network:Cell membrane:Cell projection, ruffle membrane",1
"Cytoplasm:Cell projection, dendrite:Cell projection, cilium, flagellum",1
"Cytoplasm, cytoskeleton:Cytoplasm, cytoskeleton, microtubule organizing center, centrosome:Cytoplasm, cytoskeleton, spindle:Cytoplasm, cytoskeleton, spindle pole:Nucleus:Nucleus",1
"Cytoplasm, cytoskeleton:Cytoplasm, cytoskeleton, microtubule organizing center, centrosome:Cytoplasm, cytoskeleton, spindle:Cytoplasm, cytoskeleton, spindle pole:Nucleus",1
"Cytoplasm:Cell projection, dendrite:Cytoplasm, cell cortex:Cell junction:Cell projection, growth cone",1
"Cytoplasm, cytoskeleton:Cytoplasm, cytoskeleton, microtubule organizing center, centrosome:Cytoplasm, cytoskeleton, spindle:Cytoplasm, cytoskeleton, spindle pole",1
"Cytoplasm:Cell projection, lamellipodium:Cell projection, ruffle:Cytoplasm:Cytoplasm, perinuclear region:Nucleus:Cytoplasm:Cytoplasm, perinuclear region:Nucleus",1
"Cytoplasm:Cell projection, lamellipodium:Cell surface",1
"Cytoplasm:Cell projection, lamellipodium:Cleavage furrow:Cytoplasm, cytoskeleton, stress fiber",1
"Cytoplasm:Cell projection, lamellipodium:Cleavage furrow:Cytoplasm, cytoskeleton, stress fiber:Cytoplasm, cytoskeleton, stress fiber:Cytoplasm",1
"Cytoplasm, cytoskeleton:Cytoplasm, cytoskeleton, microtubule organizing center, centrosome:Cytoplasm, cytoskeleton, spindle pole:Chromosome, centromere, kinetochore",1
"Cytoplasm, cytoskeleton:Cytoplasm, cytoskeleton, microtubule organizing center, centrosome:Chromosome, centromere, kinetochore:Nucleus envelope",1
"Cytoplasm:Cell projection, podosome:Cell projection, invadopodium",1
"Cytoplasm:Cell projection, ruffle:Cytoplasm, cell cortex:Synapse:Postsynapse",1
"Cytoplasm:Chromosome:Cytoplasm, cytoskeleton, spindle",1
"Cytoplasm:Cell projection, stereocilium:Cell projection, growth cone:Synapse",1
"Cytoplasm, cytoskeleton:Cytoplasm, cytoskeleton, microtubule organizing center, centrosome:Chromosome, centromere, kinetochore:Cytoplasm, cytoskeleton, spindle:Cytoplasm, cytoskeleton, spindle pole:Golgi apparatus:Golgi apparatus, trans-Golgi network:Cell membrane:Cell projection, ruffle membrane:Cytoplasm, cell cortex",1
"Cytoplasm:Cell projection:Cytoplasm, cytoskeleton:Cytoplasm, cell cortex",1
"Cytoplasm, cytoskeleton:Cytoplasm, cytoskeleton, microtubule organizing center, centrosome:Chromosome, centromere, kinetochore:Cytoplasm, cytoskeleton, spindle:Cleavage furrow",1
"Cytoplasm:Cell surface:Cytoplasm, cytoskeleton, cilium basal body",1
"Cytoplasm, cytoskeleton:Cytoplasm, cytoskeleton, flagellum basal body",1
"Cytoplasm:Cell tip:Cytoplasm, cytoskeleton:Cytoplasmic vesicle",1
"Cytoplasm:Chromosome, centromere, kinetochore:Cytoplasm, cytoskeleton, spindle",1
"Cytoplasm, cytoskeleton:Cytoplasm, cytoskeleton, cilium axoneme:Cytoplasm, cytoskeleton, cilium basal body:Cytoplasm, cytoskeleton, microtubule organizing center, centrosome:Cell projection, cilium",1
"Cytoplasm, cytoskeleton:Cytoplasm, cytoskeleton, cilium axoneme:Cytoplasm, cytoskeleton, cilium basal body:Cell projection, cilium",1
"Cytoplasm, cytoskeleton:Cytoplasm, cytoskeleton, cilium axoneme:Cytoplasm, cytoskeleton, cilium basal body",1
"Cytoplasm:Chromosome, centromere:Cytoplasm, cytoskeleton, spindle pole:Cleavage furrow:Cell projection, neuron projection",1
"Cytoplasm:Cytoplasm, cytoskeleton, cilium basal body:Cytoplasm, cytoskeleton, cilium axoneme:Cytoplasm, cytoskeleton, microtubule organizing center, centrosome:Cell projection, cilium:Cell projection, filopodium",1
"Cytoplasm:Cytoplasm, cytoskeleton, flagellum axoneme:Cytoplasm, cytoskeleton:Cytoplasm, cytoskeleton, cilium axoneme",1
"Cytoplasm:Cytoplasm, cytoskeleton:Secreted:Cell surface",1
"Cytoplasm:Cytoplasm, cytoskeleton, microtubule organizing center, centrosome, centriolar satellite:Cell membrane",1
"Cytoplasm:Cytoplasm, cytoskeleton:Cell projection, filopodium:Late endosome:Lysosome",1
"Cytoplasm:Cytoplasm, cytoskeleton:Cell projection, podosome:Cell junction",1
"Cytoplasm:Cytoplasm, cytoskeleton:Cleavage furrow",1
"Cytoplasm:Cytoplasm, cytoskeleton:Cytoplasm, cell cortex:Cytoplasmic vesicle, clathrin-coated vesicle:Cytoplasm, cytoskeleton, phragmoplast",1
"Cytoplasm:Cytoplasm, cytoskeleton:Cytoplasm, cytoskeleton, microtubule organizing center, centrosome:Cytoplasm, cytoskeleton, spindle pole:Cytoplasm, cytoskeleton, spindle:Lysosome",1
"Cytoplasm:Cytoplasm, cytoskeleton:Cytoplasm, cytoskeleton, phragmoplast:Cytoplasm, cell cortex:Cytoplasmic vesicle, clathrin-coated vesicle:Cell membrane",1
"Cytoplasm:Cytoplasm, cytoskeleton:Cytoplasm, cytoskeleton, spindle pole",1
"Cytoplasm:Cytoplasm, cytoskeleton:Cytoplasm, cytoskeleton, spindle:Cell projection, cilium, flagellum",1
"Cytoplasm:Cytoplasm, cytoskeleton:Cytoplasm, cytoskeleton, spindle:Cleavage furrow:Midbody:Cytoplasm, cell cortex:Cell projection, cilium membrane:Cell projection, cilium, flagellum",1
"Cytoplasm:Cytoplasm, cytoskeleton:Cytoplasm, cytoskeleton, spindle:Cytoplasm, cytoskeleton, phragmoplast",1
"Cytoplasm:Cytoplasm, cytoskeleton:Cytoplasm, cytoskeleton, spindle:Cytoplasm, cytoskeleton, spindle pole:Chromosome, centromere, kinetochore:Midbody:Cytoplasm, cytoskeleton, microtubule organizing center, centrosome:Cytoplasmic granule:Cytoplasm, cytoskeleton, microtubule organizing center, centrosome, centriolar satellite",1
"Cytoplasm:Cytoplasm, cytoskeleton:Cytoplasm, cytoskeleton, spindle:Membrane:Nucleus:Cell projection, cilium",1
"Cytoplasm:Cytoplasm, cytoskeleton:Cytoplasm, cytoskeleton, spindle:Nucleus:Cell projection, cilium, flagellum",1
"Cytoplasm:Cytoplasm, cytoskeleton:Cytoplasm, cytoskeleton, stress fiber:Cell membrane:Cell projection, ruffle",1
"Cytoplasm:Cytoplasm, cytoskeleton:Cytoplasm:Cytoplasm, cytoskeleton",1
"Cytoplasm, cytoskeleton:Cell projection, cilium, flagellum:Nucleus:Cytoplasm:Cell projection, cilium, flagellum:Nucleus:Cytoplasm:Cell projection, cilium, flagellum:Nucleus:Cytoplasm:Cell projection, cilium, flagellum",1
"Cytoplasm:Cytoplasm, cytoskeleton:Cytoplasmic vesicle membrane:Early endosome:Recycling endosome membrane:Cell projection, ruffle membrane:Cell membrane:Cell projection:Membrane, caveola",1
"Cytoplasm:Cytoplasm, cytoskeleton:Cytoplasmic vesicle, phagosome membrane",1
"Cytoplasm:Cytoplasm, cytoskeleton:Cytoplasmic vesicle:Cytoplasm:Golgi apparatus",1
"Cytoplasm:Cytoplasm, cytoskeleton:Golgi apparatus:Cytoplasm, cytoskeleton, microtubule organizing center:Cytoplasm, perinuclear region",1
"Cytoplasm:Cytoplasm, cytoskeleton:Membrane:Nucleus:Cytoplasm, perinuclear region:Cytoplasm, cytoskeleton, spindle",1
"Cytoplasm:Cytoplasm, cytoskeleton:Midbody:Endosome membrane",1
"Cytoplasm, cytoskeleton:Cell projection, axon:Presynapse",1
"Cytoplasm, cytoskeleton:Cell projection, axon:Cytoplasm, perinuclear region:Synapse:Cell projection, neuron projection:Cytoplasmic vesicle, secretory vesicle, neuronal dense core vesicle membrane",1
"Cytoplasm:Cytoplasm, cytoskeleton:Nucleus, nucleoplasm",1
"Cytoplasm:Cytoplasm, cytoskeleton:Nucleus:Cell junction, focal adhesion",1
"Cytoplasm:Cytoplasm, cytoskeleton:Nucleus:Membrane:Cell projection, rhabdomere membrane",1
"Cytoplasm:Cytoplasm, cytoskeleton:Cell projection, filopodium:Cell projection, stereocilium:Cell projection, stereocilium membrane:Apical cell membrane:Cytoplasm:Cytoplasm",1
"Cytoplasm:Cytoplasm, cytoskeleton:Cell projection, filopodium:Cell projection, stereocilium:Cell projection, stereocilium membrane:Apical cell membrane",1
"Cytoplasm:Cytoplasm, cytoskeleton:Cell projection, bleb",1
"Cytoplasm, cytoskeleton:Cell projection, ruffle:Cell projection, lamellipodium:Nucleus:Cytoplasm:Cytoplasmic vesicle, autophagosome:Nucleus",1
"Cytoplasm, cytoskeleton:Cell projection:Cell junction:Cell projection, ruffle membrane",1
"Cytoplasm:Cytoplasm, cytoskeleton, microtubule organizing center, centrosome, centriole:Cell projection, cilium:Nucleus:Mitochondrion inner membrane",1
"Cytoplasm:Cytoplasm, cytoskeleton, microtubule organizing center, centrosome, centriole:Cytoplasm, cytoskeleton, cilium basal body:Cell projection, cilium:Nucleus:Mitochondrion inner membrane",1
"Cytoplasm:Cytoplasm, cytoskeleton, microtubule organizing center, centrosome, centriole:Cytoplasm, cytoskeleton, cilium basal body:Cell projection, cilium:Nucleus:Mitochondrion inner membrane:Nucleus",1
"Cytoplasm, cytoskeleton:Cell projection, stereocilium:Cell projection, microvillus:Cell junction:Cytoplasm, cytoskeleton:Cell projection, dendritic spine:Cytoplasm, cytoskeleton:Cell projection, dendritic spine:Cytoplasm, cytoskeleton:Cell projection, dendritic spine:Cytoplasm, cytoskeleton:Cell projection, dendritic spine:Cytoplasm, cytoskeleton:Cell junction",1
"Cytoplasm:Cytoplasm, cytoskeleton, microtubule organizing center, centrosome, centriole:Cytoplasmic vesicle, secretory vesicle, acrosome",1
"Cytoplasm, cytoskeleton:Cell projection, stereocilium:Cell projection, microvillus:Cell junction:Cytoplasm, cytoskeleton:Cell junction:Cytoplasm, cytoskeleton:Cell projection, microvillus:Cytoplasm, cytoskeleton:Cell projection, dendritic spine:Cytoplasm, cytoskeleton:Cell projection, dendritic spine:Cytoplasm, cytoskeleton:Cell projection, dendritic spine:Cytoplasm, cytoskeleton:Cell projection, dendritic spine",1
"Cytoplasm:Cytoplasm, cytoskeleton, microtubule organizing center, centrosome, centriole:Nucleus",1
"Cytoplasm, cytoskeleton:Cell projection, stereocilium:Cell projection, microvillus",1
"Cytoplasm:Cytoplasm, cytoskeleton, microtubule organizing center, centrosome:Cytoplasm, cytoskeleton, cilium basal body:Cytoplasm, cytoskeleton, spindle pole",1
"Cytoplasm:Cytoplasm, cytoskeleton, microtubule organizing center, centrosome:Cytoplasm, cytoskeleton, flagellum basal body:Cytoplasm, cytoskeleton, microtubule organizing center:Cytoplasm, perinuclear region",1
"Cytoplasm:Cytoplasm, cytoskeleton, microtubule organizing center, centrosome:Cytoplasm, cytoskeleton, microtubule organizing center, centrosome, centriole:Cytoplasm, cytoskeleton, microtubule organizing center, centrosome, centriolar satellite",1
"Cytoplasm:Cytoplasm, cytoskeleton, microtubule organizing center, centrosome:Cytoplasm, cytoskeleton, spindle:Midbody:Nucleus:Cytoplasm:Nucleus",1
"Cytoplasm, cytoskeleton:Cell projection, lamellipodium:Cell projection, ruffle:Cell projection, microvillus:Cell projection, filopodium tip:Cell projection, filopodium",1
"Cytoplasm, cytoskeleton:Cell projection, pseudopodium tip:Cell projection, filopodium tip",1
"Cytoplasm, cytoskeleton:Cell projection, pseudopodium",1
"Cytoplasm:Cytoplasm, cytoskeleton, microtubule organizing center, spindle pole body:Chromosome, centromere",1
"Cytoplasm:Cytoplasm, cytoskeleton, microtubule organizing center:Cytoplasm, cytoskeleton, microtubule organizing center, spindle pole body",1
"Cytoplasm:Cytoplasm, cytoskeleton, phragmoplast",1
"Cytoplasm, cytoskeleton:Cell projection, neuron projection:Cell projection, axon:Cell projection, lamellipodium:Cell junction, focal adhesion",1
"Cytoplasm:Cytoplasm, cytoskeleton, spindle:Cytoplasm, cytoskeleton, spindle pole:Chromosome, centromere, kinetochore:Midbody:Cytoplasm, cytoskeleton, microtubule organizing center, centrosome:Cytoplasm, cytoskeleton, microtubule organizing center, centrosome, centriolar satellite",1
"Cytoplasm, cytoskeleton:Cell projection, microvillus:Cell projection, lamellipodium:Cell projection, ruffle:Cell projection, filopodium tip:Cell projection, filopodium",1
"Cytoplasm:Cytoplasm, cytoskeleton:Cell junction, focal adhesion:Nucleus",1
"Cytoplasm, cytoskeleton:Cell projection, lamellipodium:Cleavage furrow:Midbody",1
"Cytoplasm:Cytoplasm, cytoskeleton:Cell membrane:Cell projection:Cell junction:Membrane:Nucleus:Cytoplasm, cell cortex:Nucleus",1
"Cytoplasm, cytoskeleton:Cell projection, lamellipodium:Cell projection, ruffle:Cytoplasm, cell cortex:Cytoplasm, cytosol:Cell membrane:Synapse:Perikaryon:Cell projection, neuron projection:Cell projection, dendrite:Postsynaptic density:Golgi apparatus membrane:Cytoplasmic vesicle, clathrin-coated vesicle membrane:Cell projection, podosome:Early endosome",1
"Cytoplasmic vesicle, clathrin-coated vesicle membrane:Cytoplasmic vesicle, secretory vesicle",1
"Chromosome, centromere:Cytoplasm, cytoskeleton, spindle:Nucleus:Chromosome, centromere, kinetochore:Midbody",1
"Chromosome, centromere:Cytoplasm, cytoskeleton, spindle pole",1
Late endosome membrane:Cytoplasm,1
"Golgi apparatus:Golgi apparatus, Golgi stack:Endoplasmic reticulum:Preautophagosomal structure:Lipid droplet:Mitochondrion",1
"Cell membrane:Membrane, clathrin-coated pit",1
"Cell membrane:Membrane, caveola:Membrane:Nucleus membrane",1
"Golgi apparatus:Golgi apparatus, trans-Golgi network:Golgi outpost:Cytoplasm, cytoskeleton, microtubule organizing center",1
"Golgi apparatus:Golgi apparatus, trans-Golgi network:Golgi outpost:Cytoplasm, cytoskeleton, microtubule organizing center:Endoplasmic reticulum-Golgi intermediate compartment:Cytoplasm, cytoskeleton:Cytoplasm",1
"Golgi apparatus:Golgi apparatus, trans-Golgi network:Golgi outpost:Cytoplasm, cytoskeleton, microtubule organizing center:Endoplasmic reticulum-Golgi intermediate compartment:Cytoplasm, cytoskeleton:Cytoplasm:Cell surface",1
Golgi apparatus:Membrane:Cytoplasm:Secreted:Endoplasmic reticulum:Nucleus envelope:Secreted,1
"Cell membrane:Membrane, caveola:Cytoplasm, cytoskeleton:Golgi apparatus",1
"Golgi apparatus:Prevacuolar compartment:Cytoplasm:Cytoplasmic vesicle, clathrin-coated vesicle:Cytoplasm, cytoskeleton",1
"Cell membrane:Membrane, caveola:Cell membrane:Membrane, caveola:Cell membrane:Membrane, caveola",1
"Host cell membrane:Host cell membrane:Host cytoplasm:Cytoplasmic vesicle, secretory vesicle, rhoptry",1
"Host cell membrane:Host cell membrane:Parasitophorous vacuole membrane:Cytoplasm:Cytoplasmic vesicle, secretory vesicle, rhoptry",1
"Host cell membrane:Host cell membrane:Parasitophorous vacuole membrane:Host cytoplasm:Cytoplasm:Cytoplasmic vesicle, secretory vesicle, rhoptry",1
Host cell membrane:Host cytoplasmic vesicle membrane,1
Host cell membrane:Membrane:Secreted,1
Host cytoplasm:Secreted,1
Host cytoplasm:Vesicle:Membrane,1
Host endoplasmic reticulum,1
Host membrane,1
Host membrane:Membrane,1
Cell membrane:Membrane raft:Secreted:Secreted:Secreted:Secreted:Secreted,1
Host nucleus:Secreted,1
"Cell membrane:Membrane raft:Secreted:Cytoplasmic granule membrane:Cell projection, lamellipodium",1
Inner membrane complex,1
Inner membrane complex:Cell membrane:Endoplasmic reticulum membrane,1
Cell membrane:Membrane raft:Secreted,1
Late endosome lumen:Recycling endosome lumen:Lysosome lumen:Secreted,1
"Golgi apparatus:Golgi apparatus, Golgi stack membrane:Golgi apparatus, trans-Golgi network membrane:Mitochondrion intermembrane space:Cell membrane:Endosome",1
"Golgi apparatus:Golgi apparatus, Golgi stack",1
"Cell membrane:Membrane, clathrin-coated pit:Cytoplasm",1
"Golgi apparatus:Cytoplasm:Cell projection, cilium:Cytoplasm, cytoskeleton, cilium basal body:Cytoplasm, cytoskeleton, cilium axoneme:Cytoplasm, cytoskeleton, microtubule organizing center, centrosome",1
Golgi apparatus:Cell membrane,1
"Golgi apparatus:Cell membrane:Endomembrane system:Cell junction, tight junction:Cell junction, adherens junction:Cell projection, axon:Perikaryon:Apical cell membrane:Endoplasmic reticulum-Golgi intermediate compartment:Golgi apparatus",1
"Golgi apparatus:Cell projection, cilium",1
Cell membrane:Membrane:Nematocyst:Target cell membrane,1
Cell membrane:Membrane:Endoplasmic reticulum membrane:Golgi apparatus membrane:Nucleus envelope,1
"Cell membrane:Membrane:Cell projection, axon:Synapse:Synapse, synaptosome:Presynaptic cell membrane:Cell projection, dendrite:Endoplasmic reticulum membrane:Cell projection, lamellipodium membrane:Endosome:Perikaryon:Cell junction, paranodal septate junction",1
"Golgi apparatus:Cytoplasm, cytoskeleton, microtubule organizing center, centrosome:Cell projection, cilium:Cytoplasm, cytoskeleton, cilium basal body:Cytoplasm, cytoskeleton, cilium axoneme:Cytoplasm, cytoskeleton, flagellum axoneme",1
"Golgi apparatus:Cytoplasm, cytoskeleton, microtubule organizing center, centrosome:Cytoplasm, cytoskeleton, microtubule organizing center, centrosome:Cytoplasm, cytoskeleton:Golgi apparatus",1
"Golgi apparatus:Cytoplasm, cytoskeleton:Cytoplasm:Nucleus envelope:Nucleus, nuclear pore complex",1
"Golgi apparatus:Cytoplasm, cytoskeleton:Cytoplasm:Nucleus, nuclear pore complex:Nucleus envelope",1
"Cell membrane:Membrane:Cell projection, axon:Synapse:Endoplasmic reticulum membrane:Cell projection, lamellipodium membrane:Synapse, synaptosome:Presynaptic cell membrane:Cell projection, dendrite:Perikaryon:Cell junction, paranodal septate junction",1
"Cell membrane:Membrane:Cell projection, axon:Synapse:Endoplasmic reticulum membrane:Cell projection, lamellipodium membrane:Synapse, synaptosome:Presynaptic cell membrane:Cell projection, dendrite:Cell junction, paranodal septate junction",1
"Golgi apparatus:Cytoplasm:Cytoplasm, cytoskeleton, microtubule organizing center, centrosome",1
"Golgi apparatus:Endosome:Golgi apparatus, trans-Golgi network:Early endosome",1
"Cell membrane:Membrane:Cell projection, axon:Cytoplasmic vesicle:Perikaryon:Endoplasmic reticulum:Cell projection, dendrite:Cell junction:Synapse:Presynaptic cell membrane:Presynapse",1
Golgi apparatus:Cytoplasm:Cytoplasmic granule,1
"Cell membrane:Membrane:Cell projection, axon:Cytoplasmic vesicle:Perikaryon:Endoplasmic reticulum:Cell projection, dendrite:Cell junction:Synapse:Presynapse:Presynaptic cell membrane",1
"Cell membrane:Membrane, coated pit:Golgi apparatus, trans-Golgi network membrane",1
"Golgi apparatus:Cytoplasmic vesicle, COPI-coated vesicle:Secreted",1
"Cell membrane:Membrane, coated pit:Cell membrane:Membrane, coated pit:Cytoplasm:Nucleus:Golgi outpost:Cytoplasm, cytoskeleton, microtubule organizing center",1
"Golgi apparatus:Cytoplasmic vesicle, clathrin-coated vesicle membrane:Cell projection, dendrite",1
"Golgi apparatus:Cytoplasmic vesicle, phagosome:Cytoplasmic vesicle, phagosome membrane",1
Golgi apparatus:Endomembrane system:Mitochondrion outer membrane:Rough endoplasmic reticulum membrane:Golgi apparatus membrane,1
Golgi apparatus:Endoplasmic reticulum:Nucleus envelope:Membrane:Cytoplasm:Secreted:Secreted,1
"Golgi apparatus:Endoplasmic reticulum:Nucleus envelope:Nucleus, nuclear pore complex",1
Golgi apparatus:Endosome,1
"Late endosome membrane:Cell membrane:Early endosome membrane:Recycling endosome membrane:Cytoplasmic vesicle, phagosome membrane",1
Late endosome membrane:Cytoplasm:Nucleus envelope,1
"Golgi apparatus, trans-Golgi network:Secreted, extracellular space, extracellular matrix:Secreted",1
"Cell membrane:Membrane raft:Mitochondrion outer membrane:Cell projection, axon:Presynapse",1
Lipid droplet:Microsome membrane:Endoplasmic reticulum membrane,1
Lipid droplet:Mitochondrion,1
Lipid droplet:Mitochondrion outer membrane:Endoplasmic reticulum,1
Lipid droplet:Mitochondrion outer membrane:Endosome membrane:Cytoplasmic granule membrane,1
Cell membrane:Lysosome:Membrane:Nucleus,1
Cell membrane:Lysosome membrane:Recycling endosome membrane,1
Lysosome lumen:Endoplasmic reticulum lumen:Secreted,1
"Cell membrane:Lysosome membrane:Late endosome membrane:Cell projection, axon:Cell projection, dendrite:Perikaryon:Cytoplasm",1
Cell membrane:Lysosome membrane:Endosome membrane,1
"Cell membrane:Lateral cell membrane:Cytoplasm, cytoskeleton:Cytoplasm:Cell projection, dendrite",1
"Cell membrane:Lateral cell membrane:Cytoplasm, cytoskeleton:Cell projection, dendrite:Cytoplasm",1
"Lysosome membrane:Cytoplasm, perinuclear region:Cytoplasm:Nucleus",1
Lysosome membrane:Cytoplasm:Cell membrane:Endoplasmic reticulum:Nucleus:Mitochondrion inner membrane,1
Lysosome membrane:Cytoplasm:Cytoplasmic granule,1
"Lysosome membrane:Cytoplasmic vesicle, phagosome",1
"Cell membrane:Lateral cell membrane:Basolateral cell membrane:Cytoplasm, myofibril, sarcomere, M line:Cell junction, focal adhesion",1
Lysosome membrane:Early endosome membrane:Late endosome membrane:Cell membrane:Zymogen granule membrane,1
"Cell membrane:Lateral cell membrane:Apical cell membrane:Basal cell membrane:Cell junction:Cell junction, adherens junction:Secreted:Secreted:Secreted:Cell membrane:Cell membrane:Cell membrane:Cell membrane:Cytoplasmic vesicle, secretory vesicle membrane:Lateral cell membrane:Apical cell membrane:Basal cell membrane:Cell junction:Cell junction, adherens junction:Cell projection, microvillus membrane:Apical cell membrane",1
Lysosome membrane:Endosome membrane:Cell membrane,1
Lysosome membrane:Endosome membrane:Cell membrane:Secreted,1
"Lysosome membrane:Endosome membrane:Cytoplasmic vesicle, autophagosome membrane:Cell membrane",1
Cell membrane:Late endosome membrane:Lysosome membrane:Recycling endosome membrane,1
"Lysosome membrane:Endosome membrane:Endomembrane system:Cell membrane:Lysosome membrane:Cytoplasm, cytosol",1
Cell membrane:Golgi apparatus:Secreted:Secreted,1
Lysosome membrane:Late endosome membrane:Cell membrane:Early endosome membrane:Early endosome membrane:Late endosome membrane:Cell membrane,1
Lysosome membrane:Late endosome membrane:Early endosome membrane:Cell membrane:Zymogen granule membrane,1
Lysosome membrane:Late endosome membrane:Early endosome membrane:Midbody:Cell membrane:Zymogen granule membrane,1
Lipid droplet:Microsome membrane,1
Lipid droplet:Membrane:Peroxisome,1
"Lipid droplet:Endoplasmic reticulum:Membrane:Microsome:Cytoplasm, cytosol",1
Late endosome:Membrane,1
"Cell membrane:Membrane raft:Membrane, caveola:Golgi apparatus membrane:Mitochondrion:Secreted, extracellular exosome",1
"Late endosome membrane:Lysosome membrane:Cytoplasm, cytoskeleton, spindle:Early endosome membrane",1
"Late endosome membrane:Lysosome membrane:Cytoplasmic vesicle, autophagosome",1
"Late endosome membrane:Lysosome membrane:Cytoplasmic vesicle, autophagosome membrane:Lipid droplet:Cytoplasmic vesicle",1
Cell membrane:Membrane raft:Golgi apparatus membrane:Late endosome membrane,1
Cell membrane:Membrane raft:Endosome membrane,1
Cell membrane:Membrane raft:Endoplasmic reticulum membrane,1
"Cell membrane:Membrane raft:Cytoplasm, cytosol",1
"Cell membrane:Membrane raft:Cell projection, neuron projection:Perikaryon",1
Late endosome membrane:Nucleus envelope,1
"Late endosome:Cell membrane:Cytoplasm, cytosol",1
Late endosome:Lysosome:Cell membrane:Secreted,1
Late endosome:Vacuole membrane,1
Lipid droplet:Endoplasmic reticulum:Lipid droplet,1
Cell membrane:Membrane raft:Cell membrane,1
Cell membrane:Melanosome:Secreted,1
Cell membrane:Melanosome:Photoreceptor inner segment,1
Lipid droplet:Cell membrane,1
Cell membrane:Melanosome:Membrane,1
Lipid droplet:Cell membrane:Peroxisome membrane:Peroxisome,1
Lipid droplet:Cytoplasm:Endoplasmic reticulum:Golgi apparatus,1
"Cell membrane:Melanosome:Cytoplasmic vesicle, phagosome:Cytoplasmic vesicle, phagosome membrane:Melanosome membrane",1
Lipid droplet:Cytoplasm:Vacuole:Endoplasmic reticulum:Golgi apparatus:Mitochondrion outer membrane,1
Cell membrane:Melanosome:Cytoplasm:Nucleus,1
Lipid droplet:Endoplasmic reticulum membrane:Golgi apparatus membrane,1
Lipid droplet:Endoplasmic reticulum:Cytoplasm,1
"Golgi apparatus, trans-Golgi network:Secreted, extracellular space, extracellular matrix:Secreted:Secreted",1
"Golgi apparatus, trans-Golgi network:Recycling endosome:Prevacuolar compartment",1
Cell membrane:Golgi apparatus:Nucleus membrane,1
"Golgi apparatus, cis-Golgi network membrane:Cytoplasm, cytoskeleton:Endoplasmic reticulum-Golgi intermediate compartment membrane",1
"Golgi apparatus membrane:Perikaryon:Cell projection, axon:Secreted:Synaptic cleft",1
Golgi apparatus membrane:Perikaryon:Secreted,1
Golgi apparatus membrane:Peroxisome membrane,1
Cell membrane:Nucleus:Cytoplasm:Cytoplasm:Cell membrane:Cell junction,1
Golgi apparatus membrane:Presynaptic cell membrane,1
Golgi apparatus membrane:Prevacuolar compartment membrane,1
"Cell membrane:Nucleus:Cytoplasm:Cytoplasm, Stress granule:Inflammasome:Cell projection, lamellipodium:Cytoplasm, cytoskeleton, microtubule organizing center, centrosome",1
"Cell membrane:Nucleus:Cytoplasm:Cytoplasm, Stress granule:Inflammasome:Cell projection, lamellipodium",1
Golgi apparatus membrane:Secreted:Secreted:Secreted:Secreted,1
"Cell membrane:Nucleus:Cytoplasm, perinuclear region",1
Golgi apparatus membrane:Synapse:Perikaryon,1
"Cell membrane:Nucleus:Cytoplasm, cytosol:Cytoplasmic vesicle:Cell membrane:Cell membrane",1
"Cell membrane:Nucleus:Cytoplasm, cytoskeleton",1
"Golgi apparatus, Golgi stack membrane:Cytoplasmic vesicle, COPII-coated vesicle membrane:Cytoplasmic vesicle, secretory vesicle membrane:Golgi apparatus, trans-Golgi network membrane:Endoplasmic reticulum membrane:Cell membrane:Apical cell membrane",1
"Cell membrane:Nucleus:Cytoplasm, cell cortex",1
"Cell membrane:Nucleus:Cell membrane:Secreted, cell wall",1
"Cell membrane:Nucleus:Cell junction, tight junction",1
"Cell membrane:Nucleus, nucleoplasm:Cytoplasm:Cytoplasm, cytoskeleton, spindle",1
"Golgi apparatus, Golgi stack membrane:Golgi apparatus, trans-Golgi network membrane:Cytoplasm:Synapse:Perikaryon",1
"Golgi apparatus, Golgi stack membrane:Golgi apparatus:Secreted",1
Cell membrane:Nucleus membrane:Vacuole membrane,1
"Golgi apparatus, Golgi stack:Cytoplasm, cytoskeleton",1
"Golgi apparatus, Golgi stack:Cytoplasm:Nucleus",1
"Golgi apparatus, Golgi stack:Endoplasmic reticulum",1
Cell membrane:Nucleus membrane:Endomembrane system,1
"Golgi apparatus, Golgi stack:Golgi apparatus, trans-Golgi network:Nucleus:Cytoplasm:Cytoplasmic vesicle",1
"Golgi apparatus, Golgi stack:Golgi apparatus:Endoplasmic reticulum:Lipid droplet:Preautophagosomal structure:Mitochondrion",1
Golgi apparatus membrane:Nucleus outer membrane:Endoplasmic reticulum membrane:Vacuole membrane,1
Golgi apparatus membrane:Nucleus,1
"Golgi apparatus membrane:Midbody:Golgi apparatus membrane:Midbody:Cytoplasm:Nucleus, nucleolus",1
"Cell membrane:Perikaryon:Cell projection, dendrite:Cell projection, axon:Postsynaptic cell membrane:Synapse:Synapse, synaptosome:Membrane:Lateral cell membrane:Cell membrane, sarcolemma",1
"Cell membrane:Perikaryon:Cell projection:Synapse:Cytoplasmic vesicle, secretory vesicle, synaptic vesicle",1
Cell membrane:Perikaryon:Cell projection:Cytoplasmic vesicle:Lysosome:Cell membrane:Cell membrane:Cell membrane,1
"Cell membrane:Perikaryon:Cell projection:Cell projection, axon:Perikaryon:Cell projection:Secreted",1
Golgi apparatus membrane:Early endosome:Late endosome:Lysosome lumen,1
"Golgi apparatus membrane:Endomembrane system:Cytoplasm, cytoskeleton",1
Golgi apparatus membrane:Endoplasmic reticulum membrane:Endoplasmic reticulum membrane,1
"Cell membrane:Perikaryon:Cell projection, dendrite:Cell projection, dendritic spine:Cell membrane, sarcolemma:Cytoplasm, sarcoplasm:Cell junction:Mitochondrion outer membrane:Endoplasmic reticulum membrane:Cytoplasm, perinuclear region",1
Golgi apparatus membrane:Endoplasmic reticulum membrane:Nucleus membrane,1
"Cell membrane:Perikaryon:Cell projection, dendrite:Cell projection, dendritic spine:Cell membrane, sarcolemma:Cytoplasm, sarcoplasm:Cell junction:Mitochondrion outer membrane:Cytoplasm, perinuclear region:Endoplasmic reticulum membrane:Cell membrane:Cell membrane",1
"Cell membrane:Perikaryon:Cell projection, dendrite:Cell projection, dendritic spine:Cell membrane, sarcolemma:Cytoplasm, sarcoplasm:Cell junction:Mitochondrion outer membrane:Cytoplasm, perinuclear region:Endoplasmic reticulum membrane",1
Golgi apparatus membrane:Endosome membrane:Cytoplasm,1
Golgi apparatus membrane:Golgi apparatus,1
"Cell membrane:Perikaryon:Cell projection, dendrite:Cell projection, axon:Cell projection, cilium",1
"Cell membrane:Nucleus:Endosome:Cell junction, adherens junction:Cytoplasmic vesicle membrane:Cytoplasmic vesicle, clathrin-coated vesicle:Membrane, clathrin-coated pit:Cytoplasm, perinuclear region:Cytoplasm, cytosol",1
"Golgi apparatus membrane:Golgi apparatus, Golgi stack membrane:Membrane:Secreted",1
"Cell membrane:Perikaryon:Cell projection, cilium",1
"Cell membrane:Perikaryon:Cell projection, axon:Synapse:Cytoplasm",1
"Golgi apparatus membrane:Golgi apparatus, trans-Golgi network",1
"Golgi apparatus membrane:Golgi apparatus, trans-Golgi network membrane:Cell membrane",1
"Golgi apparatus membrane:Golgi apparatus, trans-Golgi network membrane:Cytoplasmic vesicle, secretory vesicle, acrosome",1
"Golgi apparatus membrane:Golgi apparatus, trans-Golgi network membrane:Endoplasmic reticulum membrane",1
"Cell membrane:Perikaryon:Cell projection, axon",1
"Golgi apparatus membrane:Golgi apparatus, trans-Golgi network membrane:Plastid, chloroplast",1
"Cell membrane:Nucleus:Nucleus speckle:Nucleus matrix:Cytoplasm, cytoskeleton:Nucleus:Cytoplasm:Cell membrane",1
"Cell membrane:Nucleus:Golgi apparatus, trans-Golgi network:Early endosome",1
Golgi apparatus membrane:Membrane:Nucleus,1
Cell membrane:Nucleus membrane:Cytoplasm:Cytoplasm:Cytoplasm,1
"Golgi apparatus, cis-Golgi network membrane:Cytoplasm:Endosome",1
Cell membrane:Membrane:Nucleus membrane,1
"Golgi apparatus, cis-Golgi network membrane:Cytoplasmic vesicle, COPII-coated vesicle:Endoplasmic reticulum membrane",1
"Golgi apparatus, trans-Golgi network membrane:Golgi apparatus:Nucleus:Cytoplasm, perinuclear region:Membrane, clathrin-coated pit:Cytoplasmic vesicle, clathrin-coated vesicle:Cell projection, filopodium:Cell projection, ruffle membrane:Cell projection, microvillus:Cytoplasm, cytosol",1
"Golgi apparatus, trans-Golgi network membrane:Golgi apparatus:Nucleus:Cytoplasm, perinuclear region:Membrane, clathrin-coated pit:Cytoplasmic vesicle, clathrin-coated vesicle:Cell projection, filopodium:Cell projection, ruffle membrane:Cell projection, microvillus:Cytoplasm, cytosol:Cytoplasmic vesicle, autophagosome:Endosome:Cytoplasmic vesicle, clathrin-coated vesicle membrane:Cytoplasmic vesicle, clathrin-coated vesicle membrane:Cell projection, ruffle membrane",1
"Golgi apparatus, trans-Golgi network membrane:Late endosome membrane",1
"Golgi apparatus, trans-Golgi network membrane:Late endosome:Golgi apparatus membrane:Cytoplasm:Mitochondrion",1
"Golgi apparatus, trans-Golgi network membrane:Lysosome membrane:Cytoplasmic vesicle membrane:Late endosome membrane:Early endosome membrane:Cell membrane",1
"Cell membrane:Membrane:Plastid, chloroplast thylakoid membrane",1
"Golgi apparatus, trans-Golgi network membrane:Membrane raft:Cell projection, dendrite:Presynaptic cell membrane:Synapse, synaptosome:Mitochondrion:Endosome:Endosome membrane:Cytoplasmic vesicle:Membrane:Cell membrane:Perikaryon:Cell projection, neuron projection",1
"Golgi apparatus, trans-Golgi network membrane:Membrane raft:Endosome:Cytoplasmic vesicle:Cell projection, dendrite:Presynaptic cell membrane:Synapse, synaptosome:Mitochondrion:Membrane:Cell membrane:Perikaryon:Cell projection, neuron projection",1
"Cell membrane:Membrane:Perikaryon:Cell projection, neuron projection",1
"Golgi apparatus, trans-Golgi network membrane:Prevacuolar compartment membrane:Cell membrane",1
"Golgi apparatus, trans-Golgi network membrane:Prevacuolar compartment membrane:Vacuole membrane",1
"Cell membrane:Membrane:Perikaryon:Cell projection, growth cone:Membrane, clathrin-coated pit:Early endosome:Cytoplasmic vesicle:Golgi apparatus, trans-Golgi network:Early endosome:Endoplasmic reticulum:Golgi apparatus:Early endosome:Secreted:Cell surface:Nucleus:Cytoplasm",1
"Golgi apparatus, trans-Golgi network membrane:Vacuole membrane",1
"Golgi apparatus, trans-Golgi network:Cell membrane:Cell membrane:Membrane raft:Cytoplasm:Apical cell membrane:Golgi apparatus, trans-Golgi network:Late endosome",1
"Golgi apparatus, trans-Golgi network:Cytoplasm:Cytoplasmic vesicle membrane",1
"Cell membrane:Membrane:Perikaryon:Cell projection, growth cone:Membrane, clathrin-coated pit:Early endosome:Cytoplasmic vesicle:Endoplasmic reticulum:Golgi apparatus:Early endosome:Early endosome:Secreted:Cell surface:Cell surface:Nucleus:Cytoplasm",1
"Golgi apparatus, trans-Golgi network:Cytoplasmic vesicle membrane:Cytoplasm",1
"Golgi apparatus, trans-Golgi network:Cytoplasmic vesicle, clathrin-coated vesicle",1
"Cell membrane:Membrane:Perikaryon:Cell projection, growth cone:Membrane, clathrin-coated pit:Early endosome:Cytoplasmic vesicle:Endoplasmic reticulum:Golgi apparatus:Early endosome:Early endosome:Cell surface:Nucleus:Cytoplasm:Secreted",1
"Cell membrane:Membrane:Perikaryon:Cell projection, axon:Synapse:Synapse, synaptosome:Cell projection, dendrite:Postsynaptic cell membrane:Presynaptic cell membrane:Apical cell membrane:Apical cell membrane:Basolateral cell membrane",1
"Golgi apparatus, trans-Golgi network:Early endosome:Cytoplasmic vesicle membrane",1
"Golgi apparatus, trans-Golgi network:Endosome:Cytoplasmic vesicle, clathrin-coated vesicle",1
"Golgi apparatus, trans-Golgi network:Golgi apparatus, trans-Golgi network membrane:Early endosome:Cytoplasmic vesicle, phagosome:Cytoplasmic vesicle, phagosome membrane",1
"Golgi apparatus, trans-Golgi network:Late endosome:Early endosome",1
Cell membrane:Membrane:Nucleus outer membrane,1
"Golgi apparatus, trans-Golgi network:Membrane:Sarcoplasmic reticulum",1
"Golgi apparatus, trans-Golgi network:Perikaryon:Cytoplasm, perinuclear region",1
"Golgi apparatus, trans-Golgi network membrane:Golgi apparatus, cis-Golgi network membrane:Golgi apparatus, cis-Golgi network membrane",1
"Cytoplasm, cytosol:Cytoplasm:Cytoplasm, cell cortex:Nucleus:Membrane",1
Cell membrane:Membrane:Synapse,1
"Golgi apparatus, trans-Golgi network membrane:Cell membrane:Melanosome membrane:Early endosome membrane:Cell projection, axon:Cell projection, dendrite:Postsynaptic density:Cytoplasm, cytosol:Endoplasmic reticulum",1
"Golgi apparatus, cis-Golgi network membrane:Endoplasmic reticulum membrane:Endoplasmic reticulum membrane",1
"Cell membrane:Myelin membrane:Basolateral cell membrane:Cell projection, dendritic spine membrane:Cell projection, axon",1
Cell membrane:Mitochondrion:Mitochondrion membrane,1
Cell membrane:Mitochondrion:Bud,1
"Golgi apparatus, cis-Golgi network:Cell projection, dendrite:Perikaryon",1
"Golgi apparatus, cis-Golgi network:Cytoplasm, cytoskeleton, microtubule organizing center, centrosome, centriole:Cell projection, cilium:Golgi apparatus:Cytoplasmic vesicle, secretory vesicle, acrosome:Cytoplasm",1
"Golgi apparatus, cis-Golgi network:Endoplasmic reticulum-Golgi intermediate compartment",1
"Golgi apparatus, cis-Golgi network:Endoplasmic reticulum:Cytoplasm:Nucleus",1
Cell membrane:Mitochondrion outer membrane:Endomembrane system:Cytoplasm,1
Cell membrane:Mitochondrion membrane:Mitochondrion,1
"Cell membrane:Mitochondrion membrane:Endosome membrane:Recycling endosome membrane:Cytoplasmic vesicle, secretory vesicle, synaptic vesicle membrane:Cell projection, cilium, flagellum membrane:Basolateral cell membrane:Apical cell membrane",1
"Cell membrane:Mitochondrion membrane:Endosome membrane:Lysosome membrane:Recycling endosome membrane:Cytoplasmic vesicle, secretory vesicle, synaptic vesicle membrane:Cell projection, cilium, flagellum membrane:Basolateral cell membrane:Apical cell membrane",1
Cell membrane:Mitochondrion matrix:Mitochondrion inner membrane:Mitochondrion outer membrane:Cytoplasm:Mitochondrion,1
"Golgi apparatus, trans-Golgi network membrane:Endosome:Cytoplasm, cytoskeleton, spindle pole:Cytoplasm, cytoskeleton, microtubule organizing center, centrosome:Midbody, Midbody ring",1
"Golgi apparatus, trans-Golgi network membrane:Cytoplasmic vesicle, secretory vesicle, acrosome",1
"Cell membrane:Mitochondrion inner membrane:Nucleus:Cytoplasm, cytoskeleton:Cell junction, focal adhesion:Cytoplasm, perinuclear region",1
Cell membrane:Mitochondrion inner membrane:Nucleus:Cytoplasm,1
"Golgi apparatus, trans-Golgi network membrane:Early endosome membrane",1
"Golgi apparatus, trans-Golgi network membrane:Early endosome membrane:Cytoplasmic vesicle, clathrin-coated vesicle membrane",1
"Golgi apparatus, trans-Golgi network membrane:Early endosome membrane:Late endosome membrane",1
"Golgi apparatus, trans-Golgi network membrane:Early endosome membrane:Recycling endosome membrane:Cell membrane:Golgi apparatus, trans-Golgi network membrane:Early endosome membrane:Late endosome membrane:Lysosome membrane:Cell membrane:Apical cell membrane:Mitochondrion outer membrane:Extracellular vesicle membrane",1
"Golgi apparatus, trans-Golgi network membrane:Early endosome membrane:Recycling endosome membrane:Late endosome membrane:Lysosome membrane:Apical cell membrane:Mitochondrion outer membrane:Extracellular vesicle membrane",1
"Golgi apparatus, trans-Golgi network membrane:Endosome membrane:Cytoplasm, cytoskeleton",1
"Golgi apparatus, trans-Golgi network membrane:Endosome membrane:Mitochondrion membrane",1
"Golgi apparatus, trans-Golgi network membrane:Endosome membrane:Perikaryon:Cytoplasm, perinuclear region",1
"Cell membrane:Membrane:Synapse, synaptosome",1
Lysosome membrane:Late endosome membrane:Golgi apparatus membrane:Cell membrane,1
"Lysosome membrane:Late endosome:Lysosome:Golgi apparatus:Golgi apparatus membrane:Golgi apparatus, Golgi stack:Golgi apparatus, trans-Golgi network:Cell membrane:Recycling endosome:Membrane raft:Membrane, caveola:Early endosome membrane:Synapse, synaptosome:Late endosome membrane:Cytoplasmic vesicle, autophagosome",1
"Chromosome, centromere:Cytoplasm, cytoskeleton, microtubule organizing center, centrosome, centriolar satellite:Cytoplasm, cytoskeleton, cilium basal body:Cytoplasmic vesicle, secretory vesicle, acrosome",1
"Cell membrane:Endoplasmic reticulum membrane:Cell junction, focal adhesion:Secreted, extracellular space, extracellular matrix:Microsome membrane:Secreted:Synapse, synaptosome",1
Membrane:Membrane:Membrane:Secreted:Secreted,1
Membrane:Membrane:Mitochondrion inner membrane,1
Membrane:Membrane:Mitochondrion membrane,1
"Membrane:Membrane:Secreted, cell wall:Secreted",1
Membrane:Membrane:Secreted:Secreted:Secreted:Secreted,1
"Cell membrane:Endoplasmic reticulum membrane:Golgi apparatus, trans-Golgi network:Endosome:Lysosome:Secreted:Late endosome:Lysosome",1
"Cell membrane:Endoplasmic reticulum membrane:Golgi apparatus, trans-Golgi network membrane:Lysosome membrane",1
Membrane:Microsome membrane:Endoplasmic reticulum membrane,1
Cell membrane:Endoplasmic reticulum membrane:Golgi apparatus membrane:Nucleus membrane:Endosome:Endosome membrane:Nucleus:Secreted,1
Cell membrane:Endoplasmic reticulum membrane:Golgi apparatus membrane:Nucleus membrane:Endosome:Endosome membrane:Nucleus,1
Cell membrane:Endoplasmic reticulum membrane:Golgi apparatus membrane:Membrane,1
Cell membrane:Endoplasmic reticulum membrane:Golgi apparatus membrane:Early endosome membrane:Late endosome membrane:Cell membrane:Endoplasmic reticulum membrane:Cell membrane:Endoplasmic reticulum membrane:Secreted,1
"Cell membrane:Endoplasmic reticulum membrane:Endoplasmic reticulum-Golgi intermediate compartment membrane:Golgi apparatus, cis-Golgi network membrane:Membrane",1
Cell membrane:Endoplasmic reticulum membrane:Endoplasmic reticulum membrane,1
"Cell membrane:Endoplasmic reticulum membrane:Early endosome membrane:Secreted:Cell membrane:Cell membrane:Cell membrane:Secreted:Early endosome:Secreted:Secreted:Cell projection, filopodium membrane",1
Membrane:Nucleus envelope:Membrane:Nucleus envelope:Cytoplasm,1
Cell membrane:Endoplasmic reticulum membrane:Early endosome membrane:Late endosome membrane:Lysosome membrane:Autolysosome membrane,1
"Membrane:Nucleus membrane:Cell surface:Endoplasmic reticulum membrane:Golgi apparatus membrane:Cytoplasmic vesicle membrane:Membrane:Endoplasmic reticulum membrane:Golgi apparatus membrane:Cytoplasmic vesicle membrane:Membrane:Endoplasmic reticulum membrane:Golgi apparatus membrane:Cytoplasmic vesicle membrane:Membrane:Endoplasmic reticulum membrane:Golgi apparatus membrane:Cytoplasmic vesicle membrane:Membrane:Secreted, extracellular space",1
"Membrane:Nucleus membrane:Cell surface:Secreted, extracellular space",1
"Cell membrane:Endoplasmic reticulum membrane:Cytoplasm, cytoskeleton:Sarcoplasmic reticulum",1
"Membrane:Nucleus, nuclear pore complex",1
"Cell membrane:Endoplasmic reticulum membrane:Cell projection, dendrite:Cell projection, cilium membrane:Cell projection, dendritic spine",1
"Membrane:Nucleus:Cytoplasm, cytoskeleton, microtubule organizing center, centrosome:Cytoplasm, cytoskeleton, spindle",1
"Cell membrane:Endoplasmic reticulum membrane:Cell projection, cilium:Cytoplasm, cytoskeleton, cilium basal body",1
Membrane:Perikaryon:Cell projection,1
Membrane:Photoreceptor outer segment membrane:Endoplasmic reticulum membrane,1
Cell membrane:Endoplasmic reticulum membrane:Cell junction:Apical cell membrane,1
Membrane:Membrane:Cytoplasm:Cytoplasm,1
"Cell membrane:Endoplasmic reticulum membrane:Microsome membrane:Mitochondrion inner membrane:Mitochondrion outer membrane:Cell projection, neuron projection:Lysosome lumen",1
"Cell membrane:Endoplasmic reticulum membrane:Microsome membrane:Mitochondrion membrane:Cell projection, neuron projection:Mitochondrion inner membrane:Mitochondrion outer membrane:Lysosome lumen",1
Membrane:Golgi apparatus membrane:Endomembrane system,1
Membrane:Endoplasmic reticulum:Golgi apparatus,1
Membrane:Endoplasmic reticulum:Golgi apparatus:Vacuole,1
"Membrane:Endoplasmic reticulum:Midbody:Cytoplasm, cytoskeleton, microtubule organizing center, centrosome:Cytoplasm, cytoskeleton:Cytoplasm, perinuclear region:Nucleus:Cytoplasm, cytoskeleton, spindle:Cytoplasm:Cell projection, axon",1
"Membrane:Endoplasmic reticulum:Midbody:Cytoplasm, cytoskeleton, microtubule organizing center, centrosome:Cytoplasm, cytoskeleton:Cytoplasm, perinuclear region:Nucleus:Cytoplasm, cytoskeleton, spindle:Cytoplasm:Cell projection, axon:Endoplasmic reticulum membrane:Nucleus membrane:Lipid droplet:Cytoplasm, cytoskeleton:Endosome:Cytoplasm:Endosome:Nucleus membrane",1
"Membrane:Endoplasmic reticulum:Midbody:Cytoplasm, cytoskeleton, microtubule organizing center, centrosome:Cytoplasm, cytoskeleton:Cytoplasm, perinuclear region:Nucleus:Cytoplasm, cytoskeleton, spindle:Cytoplasm:Cell projection, axon:Endoplasmic reticulum membrane:Nucleus membrane:Lipid droplet:Cytoplasm, cytoskeleton:Endosome:Cytoplasm:Endosome:Nucleus membrane:Cytoplasm, cytoskeleton, microtubule organizing center, centrosome",1
Cell membrane:Endoplasmic reticulum:Golgi apparatus,1
Membrane:Endoplasmic reticulum:Nucleus:Cytoplasm,1
"Membrane:Endosome membrane:Lysosome membrane:Cytoplasm, cytosol:Nucleus",1
Membrane:Endosome:Membrane,1
Cell membrane:Endoplasmic reticulum:Cytoplasm,1
Cell membrane:Endoplasmic reticulum-Golgi intermediate compartment,1
Membrane:Golgi apparatus membrane:Cell membrane,1
"Membrane:Golgi apparatus, Golgi stack membrane",1
Membrane:Lysosome membrane,1
Cell membrane:Endoplasmic reticulum membrane:Vesicle:Apical cell membrane:Golgi apparatus membrane:Secreted,1
"Membrane:Golgi apparatus, cis-Golgi network:Golgi apparatus, trans-Golgi network",1
"Cell membrane:Endoplasmic reticulum membrane:Synapse, synaptosome:Cell junction, focal adhesion:Secreted, extracellular space, extracellular matrix:Microsome membrane:Secreted",1
Cell membrane:Endoplasmic reticulum membrane:Secreted,1
"Membrane:Golgi apparatus, trans-Golgi network:Cytoplasmic vesicle, secretory vesicle, synaptic vesicle:Early endosome:Recycling endosome:Late endosome:Cytoplasmic vesicle, autophagosome",1
"Membrane:Golgi apparatus:Cytoplasmic vesicle, secretory vesicle membrane:Apical cell membrane:Photoreceptor inner segment:Cell projection, cilium, photoreceptor outer segment",1
Cell membrane:Endoplasmic reticulum membrane:Peroxisome membrane,1
Membrane:Host cell membrane,1
Membrane:Late endosome membrane:Cytoplasm,1
Membrane:Late endosome membrane:Membrane raft:Cell membrane:Cytoplasmic vesicle,1
Membrane:Late endosome membrane:Vacuole lumen:Cytoplasmic vesicle membrane,1
Cell membrane:Endoplasmic reticulum membrane:Mitochondrion membrane:Lipid droplet,1
"Cell membrane:Endoplasmic reticulum membrane:Cell junction, focal adhesion:Secreted, extracellular space, extracellular matrix:Synapse, synaptosome:Microsome membrane:Secreted",1
Cell membrane:Endoplasmic reticulum lumen:Membrane,1
"Membrane:Endoplasmic reticulum:Cell projection, cilium, photoreceptor outer segment",1
"Membrane:Plastid, chloroplast stroma",1
Cell membrane:Early endosome membrane:Golgi apparatus membrane:Basal cell membrane:Late endosome membrane,1
Microsome membrane:Endoplasmic reticulum membrane:Vacuole membrane,1
Microsome membrane:Mitochondrion membrane:Cytoplasm:Endoplasmic reticulum membrane,1
"Microsome membrane:Plastid, chloroplast membrane:Lipid droplet",1
"Microsome:Cell membrane:Cytoplasm, cytosol:Nucleus:Endoplasmic reticulum",1
Microsome:Cytoplasm:Mitochondrion:Nucleus,1
Cell membrane:Early endosome membrane:Endosome membrane:Late endosome membrane:Lysosome membrane:Membrane:Zymogen granule membrane,1
Microsome:Endoplasmic reticulum:Cytoplasm,1
Microsome:Mitochondrion,1
Microsome:Mitochondrion inner membrane:Endoplasmic reticulum,1
Cell membrane:Cytoplasmic vesicle:Secreted,1
"Midbody, Midbody ring:Midbody:Cytoplasm, cytoskeleton, spindle",1
Cell membrane:Cytoplasmic vesicle:Endoplasmic reticulum:Membrane:Microsome:Vesicle,1
Midbody:Recycling endosome membrane,1
Cell membrane:Cytoplasmic vesicle:Endoplasmic reticulum:Cell membrane:Secreted:Cell membrane,1
Mitochondrion envelope,1
Cell membrane:Cytoplasmic vesicle:Endoplasmic reticulum,1
"Mitochondrion inner membrane:Cell projection, neuron projection",1
"Cell membrane:Cytoplasmic vesicle:Cytoplasm, cytoskeleton:Nucleus",1
"Mitochondrion inner membrane:Cytoplasm, cytosol",1
"Mitochondrion inner membrane:Cytoplasm, myofibril, sarcomere:Cytoplasm, myofibril, sarcomere, Z line",1
Mitochondrion inner membrane:Cytoplasm:Nucleus:Cell membrane:Mitochondrion inner membrane:Mitochondrion inner membrane,1
"Cell membrane:Cytoplasmic vesicle, secretory vesicle, synaptic vesicle:Golgi apparatus:Vesicle:Cell membrane:Early endosome:Recycling endosome:Endoplasmic reticulum membrane",1
"Cell membrane:Cytoplasmic vesicle, secretory vesicle, synaptic vesicle:Golgi apparatus:Vesicle",1
"Cell membrane:Cytoplasmic vesicle, secretory vesicle, synaptic vesicle membrane:Presynaptic cell membrane:Endosome:Cell membrane:Cytoplasmic vesicle, secretory vesicle, synaptic vesicle:Cell membrane:Cytoplasmic vesicle, secretory vesicle, synaptic vesicle:Cell membrane:Cytoplasmic vesicle, secretory vesicle, synaptic vesicle",1
Mitochondrion inner membrane:Mitochondrion inner membrane:Cytoplasm:Mitochondrion inner membrane:Mitochondrion inner membrane:Lipid droplet,1
Mitochondrion inner membrane:Mitochondrion inner membrane:Lipid droplet:Endoplasmic reticulum membrane,1
Microsome membrane:Endoplasmic reticulum membrane:Mitochondrion outer membrane:Secreted,1
Microsome membrane:Endoplasmic reticulum membrane:Lipid droplet,1
"Cell membrane:Early endosome membrane:Golgi apparatus, trans-Golgi network membrane:Lysosome membrane:Secreted",1
Membrane:Secreted:Cell membrane:Nucleus membrane,1
Cell membrane:Endomembrane system:Mitochondrion membrane,1
"Membrane:Plastid, chloroplast:Vacuole membrane",1
"Membrane:Postsynaptic cell membrane:Recycling endosome:Cytoplasm:Cytoplasm, cytoskeleton, microtubule organizing center, centrosome:Nucleus:Nucleus, nucleolus:Cytoplasm:Cytoplasm, cytoskeleton, microtubule organizing center, centrosome:Nucleus, nucleolus:Nucleus",1
"Membrane:Postsynaptic cell membrane:Recycling endosome:Cytoplasm:Nucleus:Nucleus, nucleolus:Cytoplasm:Cytoplasm, cytoskeleton, microtubule organizing center, centrosome:Nucleus, nucleolus:Nucleus",1
"Membrane:Postsynaptic cell membrane:Recycling endosome:Cytoplasm:Nucleus:Nucleus, nucleolus:Membrane:Membrane:Cytoplasm:Cytoplasm, cytoskeleton, microtubule organizing center, centrosome:Nucleus, nucleolus:Nucleus",1
Membrane:Postsynaptic density,1
Cell membrane:Endomembrane system:Cytoplasm:Cell membrane,1
"Cell membrane:Endomembrane system:Cytoplasm:Cell junction, focal adhesion:Cell junction, adherens junction:Cell projection, ruffle membrane:Cell projection, phagocytic cup:Cell projection, uropodium:Cytoplasm:Nucleus",1
Cell membrane:Early endosome:Lysosome,1
"Cell membrane:Early endosome:Late endosome:Perikaryon:Cell projection, axon",1
"Membrane:Secreted, extracellular space:Cell projection, dendrite:Cell projection, axon",1
Membrane:Secreted:Cell membrane,1
"Cell membrane:Early endosome:Golgi apparatus, trans-Golgi network:Vacuole",1
"Cell membrane:Early endosome membrane:Late endosome membrane:Lysosome membrane:Cytoplasmic vesicle, autophagosome membrane",1
Membrane:Secreted:Endoplasmic reticulum membrane:Golgi apparatus membrane:Cell membrane,1
Membrane:Secreted:Secreted:Secreted:Secreted,1
Membrane:Spore coat,1
Cell membrane:Early endosome membrane:Recycling endosome membrane:Nucleus:Cell membrane:Endomembrane system:Secreted,1
Cell membrane:Early endosome membrane:Recycling endosome membrane:Endoplasmic reticulum,1
Membrane:Vacuole lumen:Periplasm,1
Membrane:Vacuole lumen:Vacuole membrane,1
Membrane:Vacuole:Cytoplasmic vesicle membrane,1
Membrane:Vesicle:Endosome membrane,1
Membrane:Vesicle:Golgi apparatus membrane,1
Membrane:Zymogen granule membrane,1
Cell membrane:Early endosome membrane:Lysosome membrane,1
"Membrane:Endoplasmic reticulum:Cytoplasmic vesicle:Cell projection, cilium, photoreceptor outer segment",1
"Cell membrane:Endoplasmic reticulum:Golgi apparatus:Synapse:Cell projection, dendritic spine:Cell projection, filopodium:Cell projection, growth cone:Postsynaptic cell membrane:Synapse, synaptosome:Cell membrane:Nucleus, PML body",1
"Lysosome membrane:Late endosome:Lysosome:Membrane raft:Golgi apparatus, trans-Golgi network:Synapse, synaptosome:Early endosome membrane:Late endosome membrane:Cytoplasmic vesicle, autophagosome",1
Cell membrane:Endosome:Secreted:Secreted:Secreted:Cytoplasm:Cytoplasm:Cytoplasm,1
Lytic vacuole:Nucleus,1
"Cell membrane:Golgi apparatus, trans-Golgi network membrane:Endoplasmic reticulum membrane",1
Melanosome membrane:Cell membrane,1
"Melanosome:Cell membrane:Photoreceptor inner segment:Cell projection, cilium, photoreceptor outer segment:Cell membrane:Endosome:Endoplasmic reticulum membrane:Basolateral cell membrane:Cell membrane:Cell membrane",1
"Melanosome:Cytoplasm, myofibril, sarcomere, Z line:Cytoplasm, myofibril, sarcomere, A band:Cytoplasm, perinuclear region",1
Cell membrane:Golgi apparatus membrane:Secreted:Secreted,1
Cell membrane:Golgi apparatus membrane:Secreted,1
"Cell membrane:Golgi apparatus membrane:Membrane, caveola:Membrane raft:Membrane",1
"Membrane, clathrin-coated pit:Cytoplasm:Cell membrane:Cytoplasm",1
"Membrane, clathrin-coated pit:Cytoplasmic vesicle, clathrin-coated vesicle membrane",1
"Cell membrane:Golgi apparatus membrane:Golgi outpost:Cytoplasm, cytoskeleton, microtubule organizing center",1
"Cell membrane:Golgi apparatus membrane:Golgi apparatus, trans-Golgi network membrane:Early endosome",1
"Cell membrane:Golgi apparatus membrane:Golgi apparatus, trans-Golgi network membrane:Cytoplasmic vesicle",1
"Membrane:Apical cell membrane:Cell junction, adherens junction:Lateral cell membrane:Cytoplasm",1
"Cell membrane:Golgi apparatus membrane:Golgi apparatus, trans-Golgi network membrane:Cytoplasm",1
"Cell membrane:Golgi apparatus membrane:Early endosome membrane:Cytoplasm:Cell projection, ruffle membrane:Cell projection, phagocytic cup:Cytoplasm:Endoplasmic reticulum",1
"Cell membrane:Golgi apparatus membrane:Early endosome membrane:Cytoplasm:Cell projection, ruffle membrane:Cell projection, phagocytic cup",1
"Cell membrane:Golgi apparatus membrane:Early endosome membrane:Cell projection, ruffle membrane:Cell projection, phagocytic cup:Cytoplasm",1
"Membrane:Cell junction, tight junction:Cell junction, adherens junction",1
"Membrane:Cell junction:Cell junction, adherens junction",1
Membrane:Cell junction:Cell membrane,1
Membrane:Cell junction:Secreted,1
"Cell membrane:Golgi apparatus membrane:Cytoplasmic vesicle, secretory vesicle membrane",1
"Membrane:Cell membrane, sarcolemma:Cell membrane:Apical cell membrane:Cell projection, ruffle membrane:Cell projection, filopodium tip:Cell projection, growth cone:Cell projection, lamellipodium:Cytoplasm:Cytoplasm, cytoskeleton:Cytoplasm, cytoskeleton, microtubule organizing center, centrosome:Cytoplasm, perinuclear region:Nucleus:Cell projection, neuron projection:Perikaryon:Cytoplasm, perinuclear region:Golgi apparatus, trans-Golgi network",1
"Cell membrane:Golgi apparatus membrane:Cytoplasm, perinuclear region",1
"Membrane:Cell membrane:Cytoplasmic vesicle, secretory vesicle membrane",1
Cell membrane:Fimbrium,1
Lysosome:Secreted:Nucleus:Cytoplasm,1
"Cell membrane:Golgi apparatus, trans-Golgi network membrane:Golgi apparatus membrane",1
Lysosome:Secreted:Cell membrane:Membrane raft,1
"Cell membrane:Golgi apparatus:Endomembrane system:Cytoplasm, cytoskeleton",1
Cell membrane:Golgi apparatus:Membrane,1
Lysosome membrane:Lysosome lumen:Cell membrane:Cytoplasmic vesicle:Lysosome,1
Lysosome membrane:Melanosome membrane,1
Lysosome membrane:Melanosome membrane:Lysosome membrane:Cell membrane,1
"Cell membrane:Golgi apparatus:Golgi apparatus membrane:Nucleus:Cytoplasm:Cytoplasm, perinuclear region",1
Lysosome membrane:Mitochondrion inner membrane,1
Lysosome membrane:Peroxisome,1
"Cell membrane:Golgi apparatus:Endosome membrane:Recycling endosome membrane:Cell projection, cilium:Cytoplasmic vesicle, phagosome:Cytoplasmic vesicle, phagosome membrane:Cytoplasm, cytoskeleton, microtubule organizing center, centrosome, centriole:Cytoplasm, cytoskeleton, cilium basal body:Midbody:Cytoplasm, cytoskeleton, cilium axoneme:Cytoplasm:Lysosome",1
"Lysosome membrane:Synapse:Cell projection, axon:Perikaryon",1
"Lysosome:Apical cell membrane:Cytoplasmic vesicle, secretory vesicle, chromaffin granule:Secreted, extracellular space:Secreted",1
"Lysosome:Apical cell membrane:Cytoplasmic vesicle, secretory vesicle, chromaffin granule:Secreted, extracellular space:Secreted:Nucleus",1
"Lysosome:Apical cell membrane:Secreted, extracellular space:Secreted:Cytoplasmic vesicle, secretory vesicle, chromaffin granule",1
Lysosome:Cytoplasm,1
Lysosome:Nucleus,1
"Lysosome:Cytoplasm, perinuclear region",1
"Lysosome:Cytoplasmic vesicle, autophagosome",1
Cell membrane:Golgi apparatus:Cytoplasmic vesicle:Cell membrane:Cell membrane:Secreted:Secreted,1
"Lysosome:Cytoplasmic vesicle, secretory vesicle, synaptic vesicle membrane:Synapse, synaptosome",1
Lysosome:Early endosome:Late endosome:Apical cell membrane,1
Lysosome:Endoplasmic reticulum,1
Lysosome:Lysosome,1
"Cell membrane:Golgi apparatus:Cell projection, cilium:Cytoplasm",1
"Lysosome:Lysosome membrane:Endosome, multivesicular body membrane:Endosome membrane",1
"Cell membrane:Golgi apparatus, trans-Golgi network:Endoplasmic reticulum:Endosome:Late endosome:Early endosome:Cell surface:Cytoplasmic vesicle membrane:Membrane raft:Lysosome:Recycling endosome:Cell projection, axon:Cell projection, dendrite",1
"Cell membrane:Golgi apparatus, trans-Golgi network:Endoplasmic reticulum:Cytoplasmic vesicle",1
"Lysosome:Membrane:Cell projection, podosome membrane:Cytoplasm, cytosol:Cell membrane:Membrane, caveola:Cell junction, focal adhesion:Cytoplasm, cytoskeleton:Golgi apparatus:Cytoplasmic vesicle:Lysosome:Nucleus:Cytoplasmic vesicle, secretory vesicle:Cytoplasm, cytosol",1
"Membrane:Cell projection, axon:Cell projection, growth cone membrane",1
"Membrane:Cell projection, cilium, flagellum membrane",1
Cell membrane:Endoplasmic reticulum:Membrane,1
"Cell membrane:Endosome:Nucleus:Endoplasmic reticulum:Golgi apparatus, trans-Golgi network:Early endosome",1
"Membrane:Cytoplasm:Cytoplasm, cytoskeleton",1
Cell membrane:Endosome membrane:Lysosome,1
"Membrane:Cytoplasm:Cytoplasm, perinuclear region",1
"Membrane:Cytoplasm:Cytoplasm, perinuclear region:Cell projection, dendrite:Cell projection, axon:Cell projection, growth cone:Membrane:Membrane",1
Cell membrane:Endosome membrane:Late endosome membrane:Lysosome membrane:Membrane,1
Membrane:Cytoplasm:Endoplasmic reticulum,1
"Cell membrane:Endosome membrane:Golgi apparatus, trans-Golgi network membrane:Cell septum:Bud",1
"Membrane:Cytoplasm:Microsome:Nucleus:Cytoplasm, perinuclear region:Mitochondrion",1
Cell membrane:Endosome membrane:Golgi apparatus membrane:Cytoplasm:Nucleus,1
Cell membrane:Endosome membrane:Endoplasmic reticulum membrane:Cytoplasm,1
"Cell membrane:Endosome membrane:Cytoplasmic vesicle, phagosome membrane",1
Membrane:Cytoplasm:Vacuole membrane:Late endosome,1
Membrane:Cytoplasm:Vesicle,1
Membrane:Cytoplasmic granule,1
Membrane:Cytoplasmic granule membrane,1
Membrane:Cytoplasmic vesicle membrane:Late endosome membrane:Lysosome membrane,1
Membrane:Cytoplasmic vesicle membrane:Late endosome membrane:Lysosome membrane:Recycling endosome membrane,1
"Membrane:Cytoplasmic vesicle, clathrin-coated vesicle",1
"Membrane:Cytoplasmic vesicle, phagosome membrane",1
"Membrane:Cytoplasmic vesicle, phagosome membrane:Membrane raft",1
"Membrane:Cytoplasmic vesicle, secretory vesicle membrane:Cytoplasmic vesicle, clathrin-coated vesicle membrane:Endosome membrane:Endoplasmic reticulum membrane",1
"Membrane:Cytoplasmic vesicle, secretory vesicle, acrosome membrane",1
"Membrane:Cytoplasmic vesicle, secretory vesicle, rhoptry",1
"Membrane:Cytoplasmic vesicle, secretory vesicle, synaptic vesicle membrane:Cytoplasmic vesicle, clathrin-coated vesicle membrane:Golgi apparatus membrane",1
Membrane:Cytoplasmic vesicle:Cell membrane:Late endosome membrane:Membrane raft,1
"Membrane:Cytoplasmic vesicle:Perikaryon:Cell projection, dendrite:Cytoplasm:Endomembrane system:Postsynaptic cell membrane:Postsynaptic density:Endoplasmic reticulum membrane",1
Membrane:Early endosome,1
"Cell membrane:Endosome membrane:Lysosome membrane:Cell membrane:Endosome membrane:Lysosome membrane:Cell projection, cilium membrane",1
"Membrane:Cytoplasm, perinuclear region:Sarcoplasmic reticulum",1
"Membrane:Cytoplasm, perinuclear region:Golgi apparatus, trans-Golgi network:Secreted:Secreted",1
"Membrane:Cytoplasm, cytoskeleton, microtubule organizing center, centrosome:Cytoplasm, cytoskeleton",1
"Membrane:Cell projection, dendrite:Perikaryon",1
"Membrane:Cell projection, dendrite:Secreted",1
Cell membrane:Endosome:Endoplasmic reticulum:Secreted,1
"Membrane:Cell projection, lamellipodium membrane:Cell projection, filopodium membrane:Cell projection, microvillus membrane:Cell projection, ruffle membrane:Membrane raft:Apical cell membrane:Basolateral cell membrane:Cell projection, invadopodium:Cytoplasm, cytosol",1
"Membrane:Cell projection, phagocytic cup:Cytoplasmic vesicle, phagosome membrane",1
"Membrane:Cell projection, stereocilium membrane",1
"Membrane:Cell projection, uropodium",1
Membrane:Cell surface,1
Membrane:Cell surface:Cell junction:Cytoplasm,1
"Membrane:Cytoplasm, cell cortex:Cytoplasm, perinuclear region",1
Cell membrane:Endosome membrane:Vacuole membrane,1
"Membrane:Cytoplasm, cytoskeleton, cilium basal body:Cytoplasm, cytoskeleton, microtubule organizing center, centrosome, centriole",1
"Membrane:Cytoplasm, cytoskeleton, microtubule organizing center, centrosome:Cytoplasm, cytoskeleton:Chromosome:Lipid droplet",1
"Membrane:Cytoplasm, perinuclear region:Endoplasmic reticulum membrane",1
"Membrane:Cytoplasm, cytoskeleton, microtubule organizing center, centrosome:Cytoplasm, cytoskeleton:Cytoplasm, perinuclear region:Nucleus",1
"Membrane:Cytoplasm, cytoskeleton, microtubule organizing center:Cytoplasm, perinuclear region",1
"Membrane:Cytoplasm, cytoskeleton:Cell junction",1
"Membrane:Cytoplasm, cytoskeleton:Cytoplasm, perinuclear region",1
"Membrane:Cytoplasm, cytoskeleton:Membrane:Cytoplasm, cytoskeleton:Nucleus envelope:Nucleus inner membrane:Cytoplasm, cytoskeleton, flagellum axoneme",1
Cell membrane:Endosome membrane:Peroxisome membrane,1
Cell membrane:Endosome membrane:Nucleus,1
"Membrane:Cytoplasm, cytosol:Golgi apparatus",1
"Membrane:Cytoplasm, cytosol:Mitochondrion membrane:Lysosome membrane:Endoplasmic reticulum membrane",1
"Cell membrane:Endosome membrane:Lysosome membrane:Cytoplasmic vesicle, phagosome membrane",1
"Cell membrane:Endosome membrane:Lysosome membrane:Contractile vacuole membrane:Cytoplasmic vesicle, phagosome membrane",1
"Membrane:Cytoplasm, perinuclear region:Endoplasmic reticulum",1
Golgi apparatus membrane:Cytoplasmic vesicle:Cleavage furrow,1
"Golgi apparatus membrane:Cytoplasmic vesicle, secretory vesicle, acrosome membrane:Golgi apparatus membrane:Golgi apparatus membrane",1
Cell membrane:Periplasm,1
"Endomembrane system:Synapse:Cell projection, axon:Presynaptic cell membrane:Cytoplasmic vesicle, secretory vesicle, synaptic vesicle:Recycling endosome",1
"Cell projection, lamellipodium:Cytoplasm, myofibril, sarcomere",1
Early endosome:Endosome membrane:Late endosome membrane:Lysosome membrane,1
Early endosome:Endosome:Secreted,1
Early endosome:Golgi apparatus,1
Early endosome:Late endosome membrane:Lysosome membrane,1
"Early endosome:Late endosome membrane:Lysosome membrane:Cytoplasmic vesicle, autophagosome",1
"Early endosome:Late endosome membrane:Lysosome membrane:Cytoplasmic vesicle, clathrin-coated vesicle:Recycling endosome",1
Early endosome:Late endosome:Cytoplasmic vesicle membrane:Lysosome:Cell membrane:Melanosome,1
Early endosome:Late endosome:Cytoplasmic vesicle membrane:Lysosome:Cell membrane:Melanosome:Cytoplasmic vesicle,1
Early endosome:Late endosome:Prevacuolar compartment,1
"Cell projection, lamellipodium:Cytoplasm, cytoskeleton:Cytoplasm, perinuclear region:Early endosome membrane:Endosome membrane:Recycling endosome membrane:Synapse, synaptosome",1
"Cell projection, lamellipodium:Cytoplasm, cytoskeleton",1
"Encapsulin nanocompartment:Cytoplasm, cytosol:Cell membrane",1
Encapsulin nanocompartment:Secreted:Cell membrane,1
"Cell projection, lamellipodium:Cell projection, filopodium:Cytoplasm, cytoskeleton:Cell junction, adherens junction:Cell projection, dendritic spine",1
"Endomembrane system:Cell junction, tight junction:Synapse:Apical cell membrane:Postsynaptic density:Cell projection, dendrite:Synapse, synaptosome",1
"Endomembrane system:Cell membrane:Cytoplasm, cytosol",1
"Cell projection, lamellipodium membrane:Cell projection, ruffle membrane",1
"Cell projection, invadopodium:Cell projection, podosome:Cytoplasm",1
"Endomembrane system:Golgi apparatus membrane:Cytoplasm, cytosol:Endoplasmic reticulum membrane",1
Endomembrane system:Late endosome membrane,1
"Cell projection, growth cone membrane:Endoplasmic reticulum membrane:Endosome membrane:Membrane:Recycling endosome membrane",1
Endomembrane system:Mitochondrion outer membrane:Rough endoplasmic reticulum membrane:Golgi apparatus:Golgi apparatus membrane,1
"Endomembrane system:Mitochondrion outer membrane:Rough endoplasmic reticulum membrane:Golgi apparatus:Golgi apparatus membrane:Cytoplasm, perinuclear region",1
Endomembrane system:Mitochondrion:Mitochondrion:Mitochondrion:Mitochondrion,1
Endomembrane system:Nucleus:Cytoplasm:Endoplasmic reticulum,1
"Endomembrane system:Prevacuolar compartment:Endosome, multivesicular body",1
Early endosome:Endoplasmic reticulum,1
"Early endosome:Early endosome membrane:Recycling endosome membrane:Cell projection, lamellipodium:Cell projection, filopodium:Cytoplasmic vesicle, autophagosome:Cytoplasm, cytoskeleton, microtubule organizing center, centrosome, centriole",1
Early endosome:Early endosome membrane:Endosome membrane,1
Early endosome membrane:Late endosome membrane:Golgi apparatus membrane:Endosome membrane,1
Early endosome membrane:Endosome membrane:Endosome membrane:Membrane:Membrane:Recycling endosome membrane,1
"Cell projection, podosome:Cytoplasm:Nucleus, nucleoplasm",1
"Cell projection, podosome:Cytoplasm:Early endosome membrane:Endosome membrane:Membrane",1
"Cell projection, podosome:Cytoplasm, cytoskeleton",1
"Cell projection, phagocytic cup:Cytoplasmic vesicle, phagosome membrane:Cytoplasm",1
"Early endosome membrane:Endosome membrane:Prevacuolar compartment membrane:Endosome, multivesicular body membrane:Cell membrane:Cytoplasm",1
"Cell projection, phagocytic cup:Cell projection, lamellipodium:Cytoplasm, cell cortex",1
"Early endosome membrane:Golgi apparatus, trans-Golgi network membrane:Cytoplasm, cytoskeleton, phragmoplast:Prevacuolar compartment membrane:Cell membrane",1
"Cell projection, phagocytic cup:Cell membrane:Recycling endosome membrane",1
"Cell projection, neuron projection:Secreted",1
Early endosome membrane:Late endosome membrane:Cell membrane,1
"Early endosome membrane:Late endosome membrane:Cytoplasmic vesicle, autophagosome membrane:Cell projection, stereocilium membrane",1
"Early endosome membrane:Late endosome membrane:Lysosome membrane:Cell membrane:Golgi apparatus membrane:Cell projection, ruffle membrane",1
Early endosome:Early endosome membrane:Cytoplasmic vesicle:Cytoplasm:Nucleus,1
"Cell projection, microvillus:Cytoplasm, cytoskeleton, spindle:Cytoplasm, cytoskeleton, spindle pole:Cleavage furrow",1
"Early endosome membrane:Late endosome membrane:Lysosome membrane:Cytoplasmic vesicle, autophagosome membrane:Autolysosome membrane:Presynapse:Perikaryon",1
"Cell projection, microvillus:Cytoplasm, cytoskeleton, spindle:Cleavage furrow",1
"Cell projection, microvillus:Cell projection, microvillus",1
"Cell projection, microvillus membrane:Cytoplasm:Apical cell membrane",1
"Cell projection, microvillus membrane:Apical cell membrane:Cytoplasm",1
"Early endosome membrane:Recycling endosome membrane:Cytoplasmic vesicle, autophagosome:Cytoplasm, cytoskeleton, microtubule organizing center, centrosome, centriole",1
"Cell projection, lamellipodium:Early endosome membrane:Endosome membrane:Membrane",1
"Early endosome:Cytoplasm, cytosol:Nucleus:Cytoplasm, cytosol:Nucleus:Cytoplasm, cytosol:Cell membrane:Cytoplasm, cytosol:Cell membrane",1
Early endosome:Cytoplasm:Cell membrane:Cytoplasm:Nucleus,1
"Cell projection, lamellipodium:Cytoplasm, perinuclear region:Nucleus:Cytoplasm, cell cortex",1
Early endosome:Early endosome membrane,1
"Endomembrane system:Synapse, synaptosome:Cell projection, lamellipodium:Cell membrane:Membrane, clathrin-coated pit:Recycling endosome:Endosome:Cytoplasmic vesicle:Cytoplasm:Endomembrane system:Nucleus envelope:Endomembrane system",1
"Cell projection, filopodium:Cell projection, microvillus:Cell projection, ruffle:Endomembrane system",1
"Cell projection, pseudopodium",1
"Cell projection, filopodium:Cell projection, microvillus:Cell projection, ruffle membrane:Cytoplasmic vesicle, clathrin-coated vesicle:Golgi apparatus, trans-Golgi network membrane:Membrane, clathrin-coated pit",1
"Endoplasmic reticulum membrane:Cytoplasm, perinuclear region:Endoplasmic reticulum-Golgi intermediate compartment membrane:Golgi apparatus membrane:Cytoplasmic vesicle, autophagosome membrane",1
"Endoplasmic reticulum membrane:Cytoplasm, perinuclear region:Endoplasmic reticulum-Golgi intermediate compartment membrane:Golgi apparatus membrane:Cytoplasmic vesicle, autophagosome membrane:Mitochondrion outer membrane:Cell membrane:Lysosome membrane",1
"Endoplasmic reticulum membrane:Cytoplasm:Cytoplasm, perinuclear region",1
Endoplasmic reticulum membrane:Cytoplasmic granule,1
"Cell projection, dendrite:Endoplasmic reticulum",1
"Endoplasmic reticulum membrane:Cytoplasmic vesicle, COPI-coated vesicle membrane:Cytoplasmic vesicle, COPII-coated vesicle membrane:Golgi apparatus membrane",1
"Cell projection, dendrite:Cytoplasm:Nucleus:Nucleus, nucleolus:Golgi apparatus:Cytoplasm, cytoskeleton, microtubule organizing center, centrosome",1
"Cell projection, dendrite:Cell projection, growth cone:Cell projection, lamellipodium",1
"Cell projection, dendrite:Cell projection, dendritic spine:Nucleus",1
"Cell projection, dendrite:Cell projection, dendritic spine:Cell projection, filopodium:Cytoplasm, cytosol:Synapse, synaptosome",1
"Endoplasmic reticulum membrane:Cytoplasmic vesicle, secretory vesicle membrane:Cytoplasm, perinuclear region",1
"Endoplasmic reticulum membrane:Cytoplasmic vesicle, secretory vesicle, acrosome inner membrane:Nucleus",1
"Endoplasmic reticulum membrane:Early endosome membrane:Lysosome:Cytoplasmic vesicle, phagosome:Golgi apparatus membrane",1
Endoplasmic reticulum membrane:Endomembrane system:Cytoplasm,1
Endoplasmic reticulum membrane:Endoplasmic reticulum,1
Endoplasmic reticulum membrane:Endoplasmic reticulum lumen,1
"Cell projection, dendrite:Cell projection, axon:Endoplasmic reticulum membrane",1
Endoplasmic reticulum membrane:Endoplasmic reticulum membrane:Golgi apparatus membrane,1
Endoplasmic reticulum membrane:Endoplasmic reticulum membrane:Golgi apparatus membrane:Cytoplasm,1
"Cell projection, cilium:Perikaryon:Cytoplasm",1
"Cell projection, cilium:Perikaryon:Cell projection, dendrite",1
Endoplasmic reticulum membrane:Endoplasmic reticulum membrane:Nucleus,1
Endoplasmic reticulum membrane:Endoplasmic reticulum membrane:Nucleus:Cytoplasm:Nucleus,1
"Cell projection, cilium:Mitochondrion:Mitochondrion inner membrane",1
"Cell projection, cilium:Golgi apparatus, cis-Golgi network",1
"Cell projection, cilium:Golgi apparatus",1
"Cell projection, cilium:Endosome",1
"Endoplasmic reticulum membrane:Cytoplasm, perinuclear region:Cytoplasmic vesicle",1
"Cell projection, dendrite:Perikaryon:Cell membrane:Cell membrane",1
"Cell projection, dendrite:Perikaryon:Cell projection, axon:Cytoplasm, cytoskeleton",1
"Endoplasmic reticulum lumen:Nucleus inner membrane:Cell projection, growth cone:Cytoplasmic vesicle membrane:Cytoplasmic vesicle, secretory vesicle:Cytoplasmic vesicle, secretory vesicle, synaptic vesicle",1
"Cell projection, filopodium:Cell projection, growth cone:Cell projection, dendrite:Cell membrane, sarcolemma:Cytoplasm:Nucleus:Cytoplasm:Nucleus:Cytoplasm:Nucleus",1
Endoplasmic reticulum lumen:Cell membrane,1
"Cell projection, filopodium:Cell projection, growth cone:Cell projection, dendrite:Cell membrane, sarcolemma:Cytoplasm:Nucleus",1
Endoplasmic reticulum lumen:Cell surface,1
"Endoplasmic reticulum lumen:Cytoplasm, cytosol:Cytolytic granule:Secreted, extracellular space, extracellular matrix:Cell surface:Sarcoplasmic reticulum lumen:Cytoplasmic vesicle, secretory vesicle, Cortical granule",1
"Cell projection, filopodium tip:Cell projection, stereocilium",1
Endoplasmic reticulum lumen:Golgi apparatus lumen,1
"Endoplasmic reticulum lumen:Golgi apparatus:Vacuole:Nucleus:Secreted, cell wall",1
Endoplasmic reticulum lumen:Lysosome lumen:Secreted,1
"Cell projection, filopodium tip:Cell projection, lamellipodium:Cell projection, microvillus:Cell projection, ruffle",1
"Cell projection, filopodium membrane:Cell projection, ruffle membrane:Nucleus:Cytoplasm, perinuclear region:Cytoplasmic granule:Cytoplasm, perinuclear region:Cytoplasmic granule:Nucleus:Cell projection, filopodium membrane:Cell projection, ruffle membrane:Cytoplasm, perinuclear region:Cytoplasmic granule:Cytoplasm, cytoskeleton",1
Endoplasmic reticulum lumen:Nucleus envelope:Cytoplasm,1
"Endoplasmic reticulum lumen:Nucleus membrane:Cell projection, growth cone:Cytoplasmic vesicle membrane:Cytoplasmic vesicle, secretory vesicle:Cytoplasmic vesicle, secretory vesicle, synaptic vesicle:Cytoplasm, cytoskeleton",1
"Cell projection, dendrite:Perikaryon:Cell projection, dendrite:Cell projection, cilium:Cell projection, cilium membrane:Cytoplasm, cytoskeleton, cilium axoneme:Cytoplasm, cytoskeleton, cilium basal body:Cell junction:Perikaryon:Cell projection, dendrite:Cell projection, cilium:Cell projection, cilium membrane:Cytoplasm, cytoskeleton, cilium axoneme:Cytoplasm, cytoskeleton, cilium basal body:Cell junction",1
"Endoplasmic reticulum lumen:Nucleus membrane:Cell projection, growth cone:Cytoplasmic vesicle membrane:Synapse, synaptosome:Cytoplasm, cytoskeleton:Cytoplasmic vesicle, secretory vesicle:Cytoplasmic vesicle, secretory vesicle, synaptic vesicle",1
"Cell projection, dendritic spine:Nucleus, PML body:Postsynaptic density",1
"Cell projection, dendritic spine:Cytoplasm, cell cortex",1
"Cell projection, dendritic spine:Cell projection, filopodium:Membrane",1
Endoplasmic reticulum lumen:Secreted:Cytoplasm,1
Endoplasmic reticulum lumen:Vacuole,1
Endoplasmic reticulum membrane:Bud tip:Bud neck,1
"Endoplasmic reticulum membrane:Cell junction, plasmodesma",1
"Cell projection, dendritic spine membrane:Membrane:Postsynaptic cell membrane:Synaptic cell membrane",1
"Endoplasmic reticulum membrane:Cell membrane:Cell junction, focal adhesion:Nucleus:Nucleus:Nucleus, nucleolus:Cytoplasm:Cytoplasm, perinuclear region:Cytoplasm:Cytoplasm, perinuclear region:Cytoplasm:Cytoplasm, perinuclear region:Cytoplasm:Cytoplasm, perinuclear region",1
"Cell projection, dendritic spine membrane:Cytoplasmic vesicle, autophagosome membrane:Cytoplasmic vesicle, clathrin-coated vesicle membrane:Cytoplasmic vesicle, secretory vesicle, synaptic vesicle membrane:Endoplasmic reticulum membrane:Lysosome membrane:Membrane",1
"Endoplasmic reticulum membrane:Cell projection, dendrite:Membrane",1
Early endosome membrane:Endosome membrane:Cell membrane:Endoplasmic reticulum,1
Early endosome membrane:Endoplasmic reticulum membrane:Golgi apparatus membrane:Membrane:Mitochondrion inner membrane,1
"Golgi apparatus membrane:Cytoplasmic vesicle, COPI-coated vesicle membrane",1
"Cytoplasmic vesicle, secretory vesicle, chromaffin granule membrane:Cytoplasmic granule:Cell membrane:Endoplasmic reticulum:Golgi apparatus",1
"Cytoplasmic vesicle, secretory vesicle lumen:Cytoplasmic vesicle, secretory vesicle, chromaffin granule lumen:Cytoplasmic vesicle, secretory vesicle membrane:Cytoplasmic vesicle, secretory vesicle, chromaffin granule membrane",1
"Chromosome, centromere, kinetochore:Cytoplasm, cytoskeleton, microtubule organizing center, spindle pole body",1
"Cytoplasmic vesicle, secretory vesicle lumen:Secreted",1
"Cytoplasmic vesicle, secretory vesicle lumen:Secreted:Nucleus:Nucleus, nucleolus",1
"Chromosome, centromere, kinetochore:Cytoplasm, cytoskeleton, cilium axoneme",1
"Chromosome, centromere, kinetochore:Cleavage furrow:Midbody:Mitochondrion:Nucleus speckle",1
"Cytoplasmic vesicle, secretory vesicle membrane:Cell membrane:Cytoplasm",1
"Cytoplasmic vesicle, secretory vesicle membrane:Cytoplasmic vesicle, secretory vesicle, chromaffin granule membrane:Cytoplasmic vesicle, secretory vesicle, synaptic vesicle membrane:Membrane",1
"Chromosome, centromere, kinetochore:Chromosome, telomere:Cytoplasm, cytoskeleton, microtubule organizing center, centrosome:Nucleus",1
Cell tip:Nucleus,1
"Cytoplasmic vesicle, secretory vesicle membrane:Cytoplasmic vesicle, secretory vesicle, synaptic vesicle membrane:Cytoplasmic vesicle, secretory vesicle membrane:Endoplasmic reticulum membrane",1
"Cell tip:Cytoplasm, cytoskeleton, actin patch",1
Cell tip:Cell membrane,1
"Cell surface:Secreted, cell wall:Secreted:Cell membrane",1
"Cytoplasmic vesicle, secretory vesicle membrane:Lysosome membrane:Late endosome membrane:Cell membrane:Early endosome membrane:Early endosome membrane:Lysosome membrane:Late endosome membrane:Cell membrane:Recycling endosome membrane:Cell membrane",1
"Cell surface:Secreted, cell wall:Secreted, capsule",1
"Cytoplasmic vesicle, secretory vesicle membrane:Membrane:Membrane:Secreted:Secreted",1
"Cytoplasmic vesicle, secretory vesicle membrane:Zymogen granule membrane:Endosome membrane:Lysosome membrane:Mitochondrion inner membrane",1
"Cytoplasmic vesicle, secretory vesicle, Cortical granule:Lysosome",1
"Cytoplasmic vesicle, secretory vesicle, acrosome inner membrane:Secreted",1
Cell surface:Membrane,1
"Cytoplasmic vesicle, secretory vesicle, acrosome membrane:Cytoplasm:Cytoplasmic vesicle membrane",1
"Cytoplasmic vesicle, secretory vesicle, acrosome membrane:Cytoplasmic vesicle, secretory vesicle, acrosome inner membrane:Cytoplasmic vesicle, secretory vesicle, acrosome outer membrane:Nucleus:Cytoplasm",1
"Cell surface:Endosome membrane:Endosome, multivesicular body:Late endosome membrane:Lysosome membrane:Melanosome:Membrane",1
"Cytoplasmic vesicle, secretory vesicle, acrosome:Cytoplasmic vesicle, secretory vesicle, acrosome",1
"Cytoplasmic vesicle, secretory vesicle, acrosome:Cytoplasmic vesicle, secretory vesicle, acrosome:Secreted",1
Cell surface:Cytoplasm:Secreted:Synapse,1
"Cytoplasmic vesicle, secretory vesicle lumen:Cytoplasmic vesicle, secretory vesicle membrane:Secreted",1
"Chromosome, centromere, kinetochore:Cytoplasm, cytoskeleton, spindle pole",1
"Cytoplasmic vesicle, phagosome:Secreted",1
"Chromosome, centromere, kinetochore:Nucleus, nucleoplasm:Nucleus, nuclear pore complex:Nucleus matrix:Cytoplasm",1
"Chromosome, centromere:Chromosome, centromere, kinetochore:Nucleus",1
"Cytoplasmic vesicle, clathrin-coated vesicle membrane:Membrane, clathrin-coated pit",1
"Cytoplasmic vesicle, clathrin-coated vesicle membrane:Membrane, clathrin-coated pit:Membrane, clathrin-coated pit:Cytoplasm:Nucleus",1
"Cytoplasmic vesicle, clathrin-coated vesicle:Cell membrane:Golgi apparatus, trans-Golgi network:Endoplasmic reticulum:Cytoplasmic vesicle",1
"Chromosome, centromere:Chromosome, centromere, kinetochore:Cytoplasm, cytoskeleton, microtubule organizing center, spindle pole body",1
"Cytoplasmic vesicle, clathrin-coated vesicle:Golgi apparatus:Cell membrane:Membrane, clathrin-coated pit:Cytoplasmic vesicle:Presynapse:Cytoplasmic vesicle, secretory vesicle, chromaffin granule",1
"Cytoplasmic vesicle, clathrin-coated vesicle:Membrane, clathrin-coated pit:Nucleus:Vesicle",1
"Cytoplasmic vesicle, cvt vesicle membrane:Cytoplasmic vesicle, autophagosome membrane:Vacuole membrane:Mitochondrion membrane",1
"Cytoplasmic vesicle, phagosome",1
"Cytoplasmic vesicle, phagosome membrane",1
"Cytoplasmic vesicle, phagosome membrane:Cytoplasm",1
"Cytoplasmic vesicle, phagosome membrane:Cytoplasmic vesicle, secretory vesicle membrane:Endoplasmic reticulum membrane:Endosome membrane:Golgi apparatus, trans-Golgi network membrane:Late endosome membrane:Lysosome membrane:Membrane:Synapse, synaptosome",1
"Cytoplasmic vesicle, phagosome membrane:Early endosome membrane:Membrane, clathrin-coated pit:Cell projection, cilium, photoreceptor outer segment:Cell projection, cilium:Cytoplasmic vesicle:Endosome:Golgi apparatus, trans-Golgi network",1
"Cytoplasmic vesicle, phagosome:Endomembrane system:Cell membrane:Vesicle",1
"Cytoplasmic vesicle, phagosome membrane:Early endosome membrane:Membrane, clathrin-coated pit:Cell projection, cilium, photoreceptor outer segment:Cell projection, cilium:Cytoplasmic vesicle:Endosome:Golgi apparatus, trans-Golgi network:Lysosome",1
"Cytoplasmic vesicle, phagosome membrane:Early endosome membrane:Membrane, clathrin-coated pit:Cell projection, cilium, photoreceptor outer segment:Cell projection, cilium:Golgi apparatus, trans-Golgi network:Endosome:Cytoplasmic vesicle",1
"Cytoplasmic vesicle, phagosome membrane:Golgi apparatus, trans-Golgi network membrane:Recycling endosome membrane",1
"Chromosome, centromere, kinetochore:Cytoplasm, cytoskeleton, spindle:Midbody:Nucleus",1
"Cytoplasmic vesicle, phagosome membrane:Membrane",1
"Cytoplasmic vesicle, phagosome membrane:Membrane raft:Membrane",1
"Cytoplasmic vesicle, phagosome:Cytoplasm:Nucleus",1
"Cytoplasmic vesicle, phagosome:Cytoplasm:Nucleus:Endomembrane system",1
"Cytoplasmic vesicle, phagosome:Cytoplasmic vesicle, phagosome membrane:Golgi apparatus",1
"Chromosome, centromere, kinetochore:Cytoplasm, cytoskeleton, spindle:Chromosome, centromere",1
"Chromosome, centromere, kinetochore:Cytoplasm, cytoskeleton, spindle pole:Cytoplasm, cytoskeleton",1
"Cytoplasmic vesicle, phagosome:Early endosome:Endosome",1
"Cytoplasmic vesicle, secretory vesicle, acrosome:Secreted, extracellular space",1
"Cytoplasmic vesicle, secretory vesicle, chromaffin granule membrane:Cytoplasmic granule:Cell membrane:Endoplasmic reticulum:Golgi apparatus:Cytoplasmic vesicle:Endomembrane system",1
Early endosome membrane:Endoplasmic reticulum membrane:Endosome membrane:Golgi apparatus membrane:Late endosome membrane:Lysosome lumen,1
"Cytoplasmic vesicle, secretory vesicle, microneme membrane:Endoplasmic reticulum membrane",1
"Cytoplasmic vesicle, secretory vesicle:Endosome:Cytoplasm, cytoskeleton, spindle:Cytoplasm, cytoskeleton, microtubule organizing center, spindle pole body:Cytoplasm, cytoskeleton, microtubule organizing center, centrosome:Apical cell membrane:Cytoplasm, cytosol:Recycling endosome membrane:Golgi apparatus membrane:Cytoplasmic granule",1
"Cell projection, stereocilium membrane:Membrane",1
"Cytoplasmic vesicle, secretory vesicle:Secreted:Vesicle",1
"Cytoplasmic vesicle, secretory vesicle:Spore coat",1
"Cell projection, ruffle:Early endosome:Endosome:Membrane",1
Cytoplasmic vesicle:Cytoplasm,1
"Cytoplasmic vesicle:Cytoplasm, cell cortex",1
"Cell projection, ruffle:Cytoplasmic vesicle, phagosome:Early endosome membrane:Endosome membrane:Nucleus",1
"Cell projection, ruffle:Cytoplasmic vesicle, phagosome:Early endosome membrane:Endosome membrane:Membrane:Nucleus",1
Cytoplasmic vesicle:Cytoplasm:Vacuole,1
"Cytoplasmic vesicle:Cytoplasmic vesicle, clathrin-coated vesicle membrane:Membrane, clathrin-coated pit",1
Cytoplasmic vesicle:Early endosome:Golgi apparatus,1
"Cell projection, ruffle membrane:Membrane:Nucleus",1
Cytoplasmic vesicle:Golgi apparatus membrane,1
"Cytoplasmic vesicle:Golgi apparatus, trans-Golgi network:Cytoplasm",1
"Cell projection, ruffle membrane:Early endosome:Endosome membrane:Membrane, caveola:Recycling endosome membrane",1
Cytoplasmic vesicle:Lysosome lumen:Lysosome membrane,1
Cytoplasmic vesicle:Membrane,1
"Cytoplasmic vesicle:Perikaryon:Cell projection, axon:Cell projection, dendrite:Golgi apparatus membrane:Endoplasmic reticulum membrane:Cytoplasmic vesicle, secretory vesicle, synaptic vesicle membrane:Endosome:Lysosome:Mitochondrion outer membrane:Cytoplasm, cytoskeleton:Cytoplasmic vesicle, phagosome",1
"Cytoplasmic vesicle:Perikaryon:Golgi apparatus membrane:Cell projection, axon:Cell projection, dendrite:Endoplasmic reticulum membrane:Cytoplasmic vesicle, secretory vesicle, synaptic vesicle membrane:Endosome:Lysosome:Mitochondrion outer membrane:Cytoplasm, cytoskeleton:Cytoplasmic vesicle, phagosome",1
"Cell projection, ruffle membrane:Cytoplasm, perinuclear region:Golgi apparatus:Endoplasmic reticulum:Cell membrane, sarcolemma:Cell projection, ruffle membrane:Cytoplasm, perinuclear region:Cytoplasm:Endoplasmic reticulum:Cytoplasm:Endoplasmic reticulum",1
"Cytoplasmic vesicle:Secreted:Secreted, extracellular space, extracellular matrix",1
"Dynein axonemal particle:Cytoplasm, cytoskeleton, cilium axoneme",1
"Cell projection, ruffle",1
"Early endosome membrane:Apical cell membrane:Late endosome membrane:Lysosome membrane:Apical cell membrane:Cell membrane:Extracellular vesicle membrane:Cell membrane:Mitochondrion outer membrane:Golgi apparatus, trans-Golgi network membrane:Recycling endosome membrane",1
"Cell projection, pseudopodium:Cytoplasmic vesicle:Postsynaptic density",1
Early endosome membrane:Cytoplasmic vesicle:Cytoplasm:Nucleus,1
"Cell projection, stereocilium membrane:Secreted",1
"Cytoplasmic vesicle, secretory vesicle:Cytoplasmic vesicle, secretory vesicle membrane",1
"Cytoplasmic vesicle, secretory vesicle, synaptic vesicle:Synapse:Cytoplasm, cytoskeleton:Cytoplasm:Cell projection, dendrite",1
"Cytoplasmic vesicle, secretory vesicle, synaptic vesicle membrane:Endosome membrane:Late endosome membrane:Lysosome membrane:Membrane:Synapse, synaptosome",1
"Cytoplasmic vesicle, secretory vesicle, rhoptry membrane",1
"Cytoplasmic vesicle, secretory vesicle, rhoptry membrane:Cell membrane:Host cell membrane",1
Cell surface:Cytoplasm:Endoplasmic reticulum:Endosome:Golgi apparatus:Lysosome,1
Cell surface:Cytoplasm,1
Cell surface:Cell outer membrane,1
Cell surface:Cell membrane:Cell surface:Cell membrane,1
"Cell surface:Cell membrane:Cell projection, lamellipodium membrane:Cell projection, invadopodium membrane:Cell projection, ruffle membrane:Membrane:Secreted:Cytoplasm",1
"Cell surface:Cell membrane:Cell projection, lamellipodium membrane:Cell projection, invadopodium membrane:Cell projection, ruffle membrane:Membrane:Secreted",1
Cell surface:Cell membrane:Cell projection,1
"Cytoplasmic vesicle, secretory vesicle, synaptic vesicle membrane:Cytoplasmic vesicle, secretory vesicle, neuronal dense core vesicle",1
"Cytoplasmic vesicle, secretory vesicle, synaptic vesicle membrane:Endosome membrane",1
"Cytoplasmic vesicle, secretory vesicle, synaptic vesicle membrane:Endosome membrane:Golgi apparatus membrane:Golgi apparatus, trans-Golgi network membrane:Membrane",1
"Cytoplasmic vesicle, secretory vesicle, synaptic vesicle membrane:Lysosome membrane",1
"Cytoplasmic vesicle, secretory vesicle, synaptic vesicle:Synapse",1
"Cell surface:Bud neck:Spore, perispore",1
Cell septum,1
"Cytoplasmic vesicle, secretory vesicle, synaptic vesicle membrane:Membrane:Presynapse:Synapse",1
"Cell projection:Cytoplasm, cytoskeleton, microtubule organizing center, centrosome:Cytoplasm:Chromosome, centromere, kinetochore",1
"Cell projection:Cytoplasm, cytoskeleton",1
"Cytoplasmic vesicle, secretory vesicle, synaptic vesicle membrane:Presynapse",1
"Cell projection, stereocilium:Cytoplasm, cytoskeleton",1
"Cytoplasmic vesicle, secretory vesicle, synaptic vesicle membrane:Synapse, synaptosome:Cell membrane:Secreted",1
"Cytoplasmic vesicle, secretory vesicle, synaptic vesicle membrane:Synapse, synaptosome:Cytoplasmic vesicle membrane:Mitochondrion outer membrane",1
"Cytoplasmic vesicle, secretory vesicle, synaptic vesicle membrane:Synapse, synaptosome:Cytoplasmic vesicle membrane:Synapse, synaptosome",1
"Cytoplasmic vesicle, secretory vesicle, synaptic vesicle membrane:Synapse, synaptosome:Cytoplasmic vesicle membrane:Synapse, synaptosome:Mitochondrion outer membrane",1
"Cytoplasmic vesicle, secretory vesicle, synaptic vesicle:Golgi apparatus:Presynapse:Synapse:Vesicle",1
"Cell projection, cilium:Dynein axonemal particle",1
Endoplasmic reticulum membrane:Endoplasmic reticulum-Golgi intermediate compartment membrane:Golgi apparatus membrane:Golgi apparatus membrane,1
"Cell projection, cilium:Cytoplasmic vesicle:Endoplasmic reticulum:Golgi apparatus:Membrane:Mitochondrion inner membrane:Mitochondrion intermembrane space:Mitochondrion outer membrane:Rough endoplasmic reticulum:Secreted, extracellular exosome:Secreted, extracellular space, extracellular matrix:Vesicle",1
Cell membrane:Prevacuolar compartment membrane:Endosome,1
Endoplasmic reticulum:Spore wall,1
"Cell membrane:Secreted, extracellular space, apoplast:Endoplasmic reticulum",1
"Cell membrane:Secreted, extracellular exosome",1
"Cell membrane:Secreted, cell wall:Secreted, cell wall:Cytoplasm",1
"Endosome membrane:Cell junction, focal adhesion",1
"Endosome membrane:Cell junction, focal adhesion:Membrane:Secreted",1
"Cell membrane:Secreted, cell wall:Secreted",1
Endosome membrane:Cell membrane:Cytoplasm,1
Endosome membrane:Cell membrane:Nucleus:Cytoplasm,1
"Endosome membrane:Cytoplasm:Cell junction, focal adhesion:Cytoplasm, cytoskeleton",1
"Cell membrane:Secreted, cell wall:Host mitochondrion",1
"Cell membrane:Secreted, cell wall:Golgi apparatus membrane",1
"Endosome membrane:Endoplasmic reticulum membrane:Cell membrane:Cell junction, septate junction",1
"Cell membrane:Secreted, cell wall:Endoplasmic reticulum:Golgi apparatus",1
"Endosome membrane:Endoplasmic reticulum membrane:Lysosome:Cytoplasmic vesicle, phagosome",1
"Cell membrane:Secreted, cell wall:Endoplasmic reticulum membrane",1
"Cell membrane:Secreted, cell wall:Cell surface:Secreted:Extracellular vesicle, bacterial extracellular vesicle:Host cytoplasm",1
"Endosome membrane:Golgi apparatus membrane:Nucleus:Cytoplasm, cytosol",1
Cell membrane:Sarcoplasmic reticulum:Cytoplasm,1
"Endosome membrane:Golgi apparatus, Golgi stack membrane:Golgi apparatus, trans-Golgi network membrane",1
Cell membrane:Sarcoplasmic reticulum membrane,1
"Endosome membrane:Golgi apparatus, trans-Golgi network membrane:Golgi apparatus, Golgi stack membrane",1
"Cell membrane:Recycling endosome:Synaptic cell membrane:Cytoplasmic vesicle:Perikaryon:Cell projection, dendrite:Cell projection:Apical cell membrane",1
Cell membrane:Recycling endosome:Cytoplasm,1
Cell membrane:Recycling endosome membrane:Late endosome:Lysosome,1
Endosome membrane:Lysosome,1
Cell membrane:Recycling endosome membrane,1
Endoplasmic reticulum:Secreted:Golgi apparatus,1
"Endoplasmic reticulum:Secreted, extracellular space, apoplast:Secreted, cell wall",1
"Cell membrane:Secreted, extracellular space, extracellular matrix, basement membrane",1
Endoplasmic reticulum:Membrane:Golgi apparatus membrane,1
Endoplasmic reticulum:Endoplasmic reticulum-Golgi intermediate compartment:Mitochondrion,1
Endoplasmic reticulum:Endoplasmic reticulum:Golgi apparatus:Endoplasmic reticulum:Golgi apparatus,1
Endoplasmic reticulum:Golgi apparatus membrane:Membrane,1
Endoplasmic reticulum:Golgi apparatus membrane:Vacuole membrane,1
Cell membrane:Synapse:Postsynaptic cell membrane,1
Endoplasmic reticulum:Golgi apparatus:Basolateral cell membrane,1
Endoplasmic reticulum:Golgi apparatus:Endoplasmic reticulum:Golgi apparatus:Cell membrane:Cell membrane,1
Cell membrane:Synapse:Apical cell membrane:Basolateral cell membrane:Apical cell membrane:Basolateral cell membrane:Basolateral cell membrane:Basolateral cell membrane:Basolateral cell membrane,1
Cell membrane:Synapse:Apical cell membrane:Basolateral cell membrane,1
"Cell membrane:Synapse, synaptosome:Postsynaptic density:Cell projection, dendrite:Synapse:Presynaptic cell membrane:Cell projection, axon:Cell projection, growth cone membrane:Cytoplasmic vesicle:Endoplasmic reticulum membrane:Cell junction, focal adhesion:Secreted",1
Endoplasmic reticulum:Golgi apparatus:Vacuole,1
Cell membrane:Secreted:Secreted:Cytoplasm:Cytoplasm,1
Endoplasmic reticulum:Membrane:Mitochondrion,1
"Cell membrane:Secreted, extracellular space, extracellular matrix:Cell surface",1
"Cell membrane:Secreted:Secreted, extracellular exosome:Endoplasmic reticulum membrane",1
Cell membrane:Secreted:Nucleus:Secreted:Membrane,1
"Endoplasmic reticulum:Mitochondrion:Cytoplasm, cytosol",1
Endoplasmic reticulum:Mitochondrion:Nucleus,1
Endoplasmic reticulum:Nucleus envelope:Cytoplasm,1
Endoplasmic reticulum:Peroxisome:Mitochondrion inner membrane:Mitochondrion:Peroxisome,1
"Endoplasmic reticulum:Plastid, chloroplast, plastoglobule",1
Endoplasmic reticulum:Preautophagosomal structure,1
Cell membrane:Secreted:Cell membrane:Vacuole membrane,1
Cell membrane:Secreted:Cell membrane:Secreted,1
Endoplasmic reticulum:Rough endoplasmic reticulum,1
"Cell membrane:Secreted, extracellular space:Secreted, extracellular space",1
Endosome membrane:Lysosome membrane:Cell membrane,1
Endosome membrane:Lysosome membrane:Presynaptic cell membrane,1
"Endoplasmic reticulum membrane:Endoplasmic reticulum-Golgi intermediate compartment membrane:Golgi apparatus membrane:Golgi apparatus, cis-Golgi network membrane:Membrane",1
Cell membrane:Presynaptic cell membrane:Secreted,1
"Fimbrium:Membrane:Cytoplasm, cytosol",1
Flagellar pocket,1
Glyoxysome membrane,1
"Cell membrane:Postsynaptic cell membrane:Cell projection, dendrite:Secreted",1
"Golgi apparatus lumen:Cytoplasm:Cell membrane:Cell projection, bleb",1
"Golgi apparatus lumen:Cytoplasmic vesicle, COPI-coated vesicle membrane",1
Golgi apparatus membrane:Apical cell membrane,1
"Cell membrane:Postsynaptic cell membrane:Cell projection, dendrite:Perikaryon",1
"Cell membrane:Postsynaptic cell membrane:Cell projection, dendrite:Cell projection, axon",1
Golgi apparatus membrane:Cell membrane:Cell tip,1
Golgi apparatus membrane:Cell membrane:Cytoplasm,1
"Golgi apparatus membrane:Cell membrane:Cytoplasmic vesicle, phagosome membrane:Cytoplasmic vesicle, autophagosome membrane:Lysosome membrane:Late endosome membrane:Mitochondrion membrane:Cell projection, phagocytic cup",1
"Golgi apparatus membrane:Cell membrane:Cytoplasmic vesicle, phagosome membrane:Cytoplasmic vesicle, autophagosome membrane:Lysosome membrane:Late endosome membrane:Mitochondrion membrane:Cell projection, phagocytic cup:Mitochondrion",1
"Golgi apparatus membrane:Cell membrane:Cytoplasmic vesicle, phagosome membrane:Cytoplasmic vesicle, autophagosome membrane:Lysosome membrane:Late endosome membrane:Mitochondrion membrane:Lipid droplet:Cell projection, phagocytic cup",1
"Golgi apparatus membrane:Cell membrane:Membrane, caveola",1
"Golgi apparatus membrane:Cell membrane:Membrane, caveola:Apical cell membrane",1
"Cell membrane:Plastid:Nucleus, nucleoplasm:Cytoplasm",1
"Golgi apparatus membrane:Cell membrane:Membrane, caveola:Membrane raft",1
Golgi apparatus membrane:Cell membrane:Secreted,1
"Cell membrane:Plastid, chloroplast membrane:Plastid, chloroplast stroma",1
"Golgi apparatus membrane:Cytoplasm, cytoskeleton, microtubule organizing center, centrosome:Midbody:Endosome membrane",1
"Cell membrane:Plastid, chloroplast membrane",1
Golgi apparatus membrane:Cytoplasm:Nucleus,1
Golgi apparatus membrane:Cytoplasm:Nucleus:Endoplasmic reticulum,1
"Cell membrane:Peroxisome:Peroxisome:Cytoplasm, cytosol",1
Cell membrane:Peroxisome membrane:Secreted:Secreted,1
Cell membrane:Peroxisome,1
Fimbrium:Cell membrane,1
Fimbrium:Cell inner membrane:Host endoplasmic reticulum membrane,1
Cell membrane:Postsynaptic cell membrane:Membrane:Postsynaptic density membrane,1
Endosome:Contractile vacuole:Membrane,1
Endosome membrane:Membrane:Recycling endosome membrane,1
Endosome membrane:Mitochondrion membrane,1
Cell membrane:Presynaptic cell membrane:Cell membrane:Secreted,1
"Endosome membrane:Recycling endosome membrane:Cytoplasm, cytoskeleton, microtubule organizing center, centrosome:Cleavage furrow:Midbody:Golgi apparatus membrane:Golgi apparatus, trans-Golgi network membrane",1
Endosome membrane:Vacuole membrane:Cytoplasm,1
"Endosome membrane:Vacuole membrane:Cytoplasm, cell cortex",1
Endosome membrane:Vacuole membrane:Preautophagosomal structure membrane,1
Endosome membrane:Vacuole membrane:Preautophagosomal structure membrane:Cytoplasm,1
Endosome membrane:Vacuole membrane:Prevacuolar compartment membrane,1
"Cell membrane:Postsynaptic density:Synapse:Cell projection, axon:Membrane:Perikaryon",1
"Endosome, multivesicular body membrane:Prevacuolar compartment membrane:Vacuole membrane:Vesicle",1
"Endosome, multivesicular body:Cytoplasm:Early endosome membrane",1
Cell membrane:Postsynaptic density:Nucleus,1
Extracellular vesicle membrane:Synapse,1
"Endosome:Cytoplasm, cytoskeleton, spindle:Cytoplasm, cytoskeleton, microtubule organizing center, centrosome:Recycling endosome membrane:Cleavage furrow:Midbody:Cytoplasmic vesicle",1
"Cell membrane:Postsynaptic density:Cytoplasm:Membrane:Synapse:Cell membrane:Postsynaptic density:Cell projection, dendritic spine:Endoplasmic reticulum:Cytoplasm, cytoskeleton:Membrane",1
"Endosome:Endosome, multivesicular body:Midbody",1
"Cell membrane:Postsynaptic density membrane:Early endosome membrane:Cell projection, dendritic spine membrane",1
Cell membrane:Postsynaptic density membrane:Cell membrane:Secreted,1
"Endosome:Late endosome membrane:Lysosome membrane:Early endosome:Cytoplasmic vesicle:Cytoplasmic vesicle, autophagosome:Cytoplasmic vesicle, clathrin-coated vesicle",1
Endosome:Lysosome,1
Cell membrane:Postsynaptic cell membrane:Synaptic cell membrane,1
Endosome:Nucleus,1
Endosome:Recycling endosome,1
Extracellular vesicle membrane,1
"Cell membrane:Postsynaptic cell membrane:Perikaryon:Cell projection, dendrite",1
Endoplasmic reticulum:Endoplasmic reticulum-Golgi intermediate compartment,1
Endoplasmic reticulum:Endoplasmic reticulum membrane:Mitochondrion membrane:Endoplasmic reticulum membrane,1
"Endoplasmic reticulum:Endoplasmic reticulum membrane:Golgi apparatus membrane:Cytoplasmic granule:Cell membrane:Cytoplasmic vesicle:Cell projection, growth cone:Cell projection, neuron projection:Early endosome:Early endosome membrane:Cell projection, axon:Synapse",1
"Endoplasmic reticulum:Endoplasmic reticulum membrane:Golgi apparatus membrane:Cytoplasmic granule:Cell membrane:Cell projection, growth cone:Early endosome:Early endosome membrane:Cell projection, neuron projection:Cell projection, axon:Synapse",1
"Endoplasmic reticulum membrane:Golgi apparatus:Golgi apparatus, trans-Golgi network membrane:Melanosome",1
Endoplasmic reticulum membrane:Golgi apparatus:Nucleus:Cytoplasm:Nucleus,1
"Endoplasmic reticulum membrane:Lipid droplet:Cytoplasmic vesicle, autophagosome",1
Endoplasmic reticulum membrane:Lipid droplet:Endoplasmic reticulum membrane:Endoplasmic reticulum membrane:Endoplasmic reticulum membrane,1
"Cell projection, cilium, flagellum:Cytoplasm:Cytoplasm, cytoskeleton:Golgi apparatus",1
Endoplasmic reticulum membrane:Lipid droplet:Nucleus membrane,1
"Cell projection, cilium, flagellum:Cytoplasm, cytoskeleton, microtubule organizing center, centrosome, centriole:Cytoplasm, cytoskeleton, spindle pole",1
Endoplasmic reticulum membrane:Lysosome membrane:Cell membrane,1
Endoplasmic reticulum membrane:Melanosome,1
Endoplasmic reticulum membrane:Melanosome membrane:Membrane:Mitochondrion membrane,1
"Cell projection, cilium, flagellum membrane:Membrane",1
Endoplasmic reticulum membrane:Membrane:Cytoplasm,1
Endoplasmic reticulum membrane:Membrane:Endoplasmic reticulum membrane:Golgi apparatus membrane:Cell membrane,1
Endoplasmic reticulum membrane:Membrane:Microsome membrane:Mitochondrion outer membrane:Secreted,1
Endoplasmic reticulum membrane:Membrane:Mitochondrion,1
Endoplasmic reticulum membrane:Membrane:Mitochondrion outer membrane,1
"Cell projection, cilium, flagellum membrane:Cell membrane",1
"Cell projection, cilium membrane:Perikaryon:Cytoplasm, cytoskeleton, cilium axoneme",1
"Cell projection, cilium membrane:Endoplasmic reticulum membrane:Cell membrane:Basolateral cell membrane:Cytoplasmic vesicle membrane:Golgi apparatus:Vesicle:Secreted, extracellular exosome",1
Endoplasmic reticulum membrane:Membrane:Nucleus outer membrane,1
"Endoplasmic reticulum membrane:Membrane:Plastid, chloroplast membrane",1
"Cell projection, cilium membrane:Cytoplasm, cytoskeleton, microtubule organizing center, centrosome, centriolar satellite",1
Endoplasmic reticulum membrane:Membrane:Secreted:Endoplasmic reticulum membrane:Golgi apparatus membrane:Cell membrane,1
Endoplasmic reticulum membrane:Microsome membrane:Cytoplasm,1
"Cell projection, cilium membrane:Cell projection, cilium:Cytoplasm, cytoskeleton, cilium axoneme:Cytoplasm, cytoskeleton",1
Endoplasmic reticulum membrane:Microsome membrane:Mitochondrion membrane:Peroxisome membrane,1
"Cell projection, cilium membrane:Cell projection, cilium:Cell membrane:Cytoplasm, cytoskeleton",1
"Cell projection, cilium, flagellum:Mitochondrion membrane",1
Endoplasmic reticulum membrane:Golgi apparatus:Cytoplasm:Nucleus:Cytoplasm:Nucleus,1
"Cell projection, cilium, photoreceptor outer segment:Cell projection, cilium:Cytoplasm, cytoskeleton, cilium axoneme:Cytoplasm, cytoskeleton, microtubule organizing center, centrosome:Secreted, extracellular space, extracellular matrix, interphotoreceptor matrix",1
"Cell projection, cilium:Cytoplasm, cytoskeleton, cilium basal body:Cell projection, dendrite",1
"Cell projection, cilium:Cytoplasm:Cytoplasm, cytoskeleton, spindle pole",1
Endoplasmic reticulum membrane:Extracellular vesicle membrane,1
Endoplasmic reticulum membrane:Golgi apparatus,1
"Cell projection, cilium:Cytoplasm, cytoskeleton, microtubule organizing center, centrosome:Cytoplasm, cytoskeleton, spindle",1
"Cell projection, cilium:Cytoplasm, cytoskeleton, microtubule organizing center, centrosome, centriole:Cytoplasm:Nucleus",1
"Endoplasmic reticulum membrane:Golgi apparatus membrane:Cell membrane:Cytoplasm, cytosol",1
"Endoplasmic reticulum membrane:Golgi apparatus membrane:Cytoplasmic granule:Cell membrane:Cell projection, axon:Synapse:Cell projection, neuron projection",1
"Cell projection, cilium:Cytoplasm, cytoskeleton, cilium basal body:Mitochondrion:Cell projection, cilium, photoreceptor outer segment:Cytoplasm",1
"Cell projection, cilium:Cytoplasm, cytoskeleton, cilium basal body:Golgi apparatus",1
"Cell projection, cilium:Cytoplasm, cytoskeleton, cilium basal body:Cytoplasm, cytoskeleton, microtubule organizing center, centrosome, centriole:Nucleus:Cytoplasm",1
"Endoplasmic reticulum membrane:Golgi apparatus membrane:Cytoplasmic vesicle, COPII-coated vesicle membrane:Nucleus:Nucleus:Nucleus",1
"Endoplasmic reticulum membrane:Golgi apparatus membrane:Cytoplasmic vesicle, secretory vesicle membrane:Cell projection, dendrite:Cell projection, axon",1
Endoplasmic reticulum membrane:Golgi apparatus membrane:Golgi apparatus membrane,1
"Cell projection, cilium, photoreceptor outer segment:Cytoplasm, cytosol:Nucleus:Photoreceptor inner segment",1
Endoplasmic reticulum membrane:Golgi apparatus membrane:Golgi apparatus:Lysosome:Endoplasmic reticulum membrane:Golgi apparatus membrane,1
Endoplasmic reticulum membrane:Golgi apparatus membrane:Lipid droplet,1
Endoplasmic reticulum membrane:Golgi apparatus membrane:Mitochondrion membrane:Cytoplasm:Nucleus,1
"Cell projection, cilium:Cytoplasm, cytoskeleton",1
"Cell projection, cilium:Cell projection, dendrite",1
"Endoplasmic reticulum membrane:Golgi apparatus membrane:Plastid, chloroplast membrane",1
Endoplasmic reticulum membrane:Golgi apparatus membrane:Postsynaptic cell membrane,1
Endoplasmic reticulum membrane:Golgi apparatus membrane:Postsynaptic density:Postsynaptic recycling endosome membrane:Cell membrane,1
Endoplasmic reticulum membrane:Golgi apparatus membrane:Secreted:Cell membrane,1
"Endoplasmic reticulum membrane:Golgi apparatus, Golgi stack membrane:Cell membrane",1
"Cell projection, cilium, photoreceptor outer segment:Secreted, extracellular space, extracellular matrix, interphotoreceptor matrix",1
"Endoplasmic reticulum membrane:Golgi apparatus, Golgi stack membrane:Vacuole membrane",1
"Cell projection, cilium membrane:Cell membrane:Basolateral cell membrane:Cytoplasmic vesicle membrane:Endoplasmic reticulum membrane:Golgi apparatus:Vesicle:Secreted, extracellular exosome",1
Endoplasmic reticulum membrane:Mitochondrion membrane:Golgi apparatus membrane:Vacuole membrane,1
"Cell projection, axon:Synapse:Cell membrane",1
"Endoplasmic reticulum:Cell junction, plasmodesma",1
"Endoplasmic reticulum membrane:Secreted, cell wall",1
"Endoplasmic reticulum membrane:Synapse:Cell projection, dendrite",1
Endoplasmic reticulum membrane:Vacuole,1
Cell projection,1
Endoplasmic reticulum membrane:Vacuole membrane:Mitochondrion membrane,1
"Cell outer membrane:Secreted:Secreted, cell wall:Cell surface",1
"Cell outer membrane:Secreted:Cell surface:Host cytoplasm, host cytosol",1
"Cell outer membrane:Secreted, cell wall:Cell outer membrane",1
Cell outer membrane:Membrane:Periplasm,1
Cell outer membrane:Cell surface:Membrane,1
Cell membrane:Vacuole:Vesicle,1
Endoplasmic reticulum-Golgi intermediate compartment:Endosome:Endoplasmic reticulum:Golgi apparatus:Membrane,1
Cell membrane:Vacuole membrane:Vesicle,1
Endoplasmic reticulum membrane:Sarcoplasmic reticulum membrane:Endoplasmic reticulum membrane,1
Endoplasmic reticulum:Cell membrane:Endoplasmic reticulum,1
"Endoplasmic reticulum:Cell membrane:Secreted, cell wall",1
Endoplasmic reticulum:Cell surface,1
Cell membrane:Vacuole membrane:Golgi apparatus membrane,1
Cell membrane:Vacuole membrane:Endoplasmic reticulum,1
"Endoplasmic reticulum:Cytoplasm, cytosol",1
Cell membrane:Vacuole membrane:Cytoplasmic vesicle membrane:Apical cell membrane,1
Cell membrane:Vacuole membrane:Cell membrane,1
Endoplasmic reticulum:Cytoplasmic vesicle membrane:Lipid droplet,1
Cell membrane:Vacuole,1
Endoplasmic reticulum:Endoplasmic reticulum lumen:Secreted,1
"Endoplasmic reticulum:Endoplasmic reticulum membrane:Golgi apparatus membrane:Cytoplasmic granule:Cell membrane:Cell projection, growth cone:Early endosome:Early endosome membrane:Cell projection, axon:Synapse:Cell projection, neuron projection",1
"Cell projection, axon:Cell projection, cilium:Cell projection, dendrite",1
"Cell projection, axon:Cell projection, dendrite:Cell membrane, sarcolemma:Cytoplasm, cytosol:Cytoplasm, cytoskeleton:Perikaryon",1
"Cell projection, axon:Secreted:Synapse:Secreted, extracellular space, extracellular matrix",1
"Cell projection, axon:Cytoplasm:Cell membrane:Cytoplasm, cell cortex",1
"Cell projection, axon:Presynapse:Cytoplasmic vesicle, clathrin-coated vesicle",1
Endoplasmic reticulum membrane:Mitochondrion outer membrane:Membrane,1
Endoplasmic reticulum membrane:Mitochondrion outer membrane:Nucleus envelope,1
Endoplasmic reticulum membrane:Mitochondrion outer membrane:Peroxisome,1
Endoplasmic reticulum membrane:Mitochondrion:Endoplasmic reticulum membrane,1
"Cell projection, axon:Perikaryon:Cytoplasmic vesicle, secretory vesicle lumen",1
"Cell projection, axon:Perikaryon:Cell projection, dendrite:Cell projection, cilium:Extracellular vesicle",1
"Endoplasmic reticulum membrane:Nucleus envelope:Cytoplasm, cytoskeleton, microtubule organizing center, centrosome:Cytoplasm, cytoskeleton, spindle pole:Chromosome",1
"Cell projection, axon:Nucleus:Perikaryon",1
"Cell projection, axon:Golgi apparatus membrane:Membrane",1
"Cell projection, axon:Endosome membrane:Late endosome membrane:Lysosome membrane",1
"Cell projection, axon:Cytoplasmic vesicle, secretory vesicle lumen:Secreted",1
"Cell projection, axon:Cell projection, rhabdomere",1
"Cell projection, axon:Cell projection, dendrite:Cell projection, axon",1
"Endoplasmic reticulum membrane:Nucleus membrane:Cytoplasm:Nucleus, nucleoplasm:Nucleus speckle",1
Endoplasmic reticulum membrane:Nucleus membrane:Endoplasmic reticulum membrane,1
"Endoplasmic reticulum membrane:Nucleus outer membrane:Mitochondrion outer membrane:Sarcoplasmic reticulum membrane:Cell membrane:Cytoplasm, cytosol:Mitochondrion membrane:Mitochondrion membrane",1
Endoplasmic reticulum membrane:Nucleus:Apical cell membrane:Endoplasmic reticulum membrane:Nucleus:Cytoplasm:Apical cell membrane:Endoplasmic reticulum membrane,1
Endoplasmic reticulum membrane:Nucleus:Apical cell membrane:Nucleus:Cytoplasm:Endoplasmic reticulum membrane,1
"Cell projection, axon:Cell projection, dendrite:Presynapse:Postsynapse:Postsynaptic density:Synaptic cell membrane:Cytoplasmic vesicle, secretory vesicle, synaptic vesicle membrane:Cytoplasm, cytosol:Nucleus:Cytoplasm:Cytoplasm",1
"Endoplasmic reticulum membrane:Plastid, chloroplast membrane",1
"Endoplasmic reticulum membrane:Plastid, chloroplast outer membrane",1
"Endoplasmic reticulum membrane:Postsynaptic density:Cell projection, dendrite:Cell projection, dendritic spine:Postsynaptic cell membrane",1
Endoplasmic reticulum membrane:Prevacuolar compartment membrane,1
Endoplasmic reticulum membrane:Protein storage vacuole membrane,1
"Cell projection, axon:Cell projection, dendrite:Membrane:Postsynaptic cell membrane:Presynaptic cell membrane:Synapse",1
Cell membrane:Membrane:Secreted:Target cell membrane,1
